Número do processo,UF,Assunto,Sub-assunto,Resultado macro,Resultado micro,Valor da causa,Valor da condenação/indenização,Contrato,Extrato,Comprovante de crédito,Dossiê,Demonstrativo de evolução da dívida,Laudo referenciado
5021176-46.2025.8.04.2420,AM,Não reconhece operação,Golpe,Não Êxito,Procedência,17848.46,9849.52,1,1,1,0,0,0
7933841-42.2025.8.22.0130,RO,Não reconhece operação,Genérico,Êxito,Improcedência,11317.73,0.0,1,1,1,1,1,1
3297234-14.2025.8.16.7561,PR,Não reconhece operação,Golpe,Êxito,Improcedência,19371.81,0.0,1,1,1,1,1,1
4395058-37.2025.8.12.7056,MS,Não reconhece operação,Golpe,Êxito,Extinção,6983.22,0.0,1,1,0,1,1,0
7435327-43.2025.8.12.6704,MS,Não reconhece operação,Genérico,Êxito,Improcedência,14499.31,0.0,1,1,0,1,1,0
3167254-14.2025.8.24.3971,SC,Não reconhece operação,Golpe,Êxito,Improcedência,14814.2,0.0,1,1,0,1,0,1
4951534-36.2025.8.04.8768,AM,Não reconhece operação,Genérico,Êxito,Improcedência,17339.77,0.0,1,0,1,1,1,1
3379303-26.2025.8.19.1510,RJ,Não reconhece operação,Golpe,Não Êxito,Parcial procedência,9922.46,6060.7,1,0,1,0,1,1
2717231-26.2025.8.06.5552,CE,Não reconhece operação,Golpe,Êxito,Improcedência,5331.6,0.0,0,1,1,1,1,1
7760869-83.2025.8.04.8777,AM,Não reconhece operação,Genérico,Êxito,Extinção,15822.6,0.0,1,1,0,0,1,1
2192269-53.2025.8.15.5879,PB,Não reconhece operação,Golpe,Êxito,Improcedência,17565.3,0.0,1,1,1,1,1,1
2069098-62.2025.8.27.0039,TO,Não reconhece operação,Golpe,Êxito,Extinção,19925.61,0.0,1,1,0,1,1,1
5227758-23.2025.8.20.2761,RN,Não reconhece operação,Golpe,Êxito,Improcedência,13222.84,0.0,0,1,1,0,1,1
8702790-89.2025.8.22.4997,RO,Não reconhece operação,Genérico,Êxito,Improcedência,18788.34,0.0,1,1,1,1,1,0
8318348-68.2025.8.20.5595,RN,Não reconhece operação,Genérico,Êxito,Improcedência,17365.81,0.0,1,1,0,1,1,1
8923705-30.2025.8.23.8447,RR,Não reconhece operação,Golpe,Êxito,Extinção,21471.02,0.0,1,1,1,0,1,1
4109620-41.2025.8.14.2765,PA,Não reconhece operação,Golpe,Não Êxito,Procedência,14710.41,9664.89,1,0,1,1,1,1
4688640-59.2025.8.03.9877,AP,Não reconhece operação,Genérico,Êxito,Extinção,6493.86,0.0,1,1,0,1,1,1
1657668-87.2025.8.21.3814,RS,Não reconhece operação,Golpe,Não Êxito,Parcial procedência,14650.2,11751.22,0,1,1,1,1,0
6847548-73.2025.8.11.3302,MT,Não reconhece operação,Golpe,Êxito,Extinção,15416.21,0.0,1,1,0,1,1,1
6513425-31.2025.8.14.1325,PA,Não reconhece operação,Golpe,Êxito,Extinção,17524.89,0.0,1,1,0,1,0,1
1028007-44.2025.8.13.2314,MG,Não reconhece operação,Golpe,Êxito,Improcedência,7461.57,0.0,1,1,0,0,1,0
1916267-47.2025.8.05.1774,BA,Não reconhece operação,Genérico,Êxito,Improcedência,13451.04,0.0,0,1,1,1,0,1
8194360-70.2025.8.26.8627,SP,Não reconhece operação,Genérico,Não Êxito,Parcial procedência,19241.84,7866.89,0,1,1,1,1,1
3426600-88.2025.8.23.1398,RR,Não reconhece operação,Genérico,Não Êxito,Procedência,14471.46,7245.04,0,1,0,1,1,0
5651738-86.2025.8.16.5338,PR,Não reconhece operação,Golpe,Êxito,Improcedência,13482.0,0.0,1,1,1,1,1,1
1263284-58.2025.8.13.1861,MG,Não reconhece operação,Golpe,Não Êxito,Parcial procedência,24336.22,11307.88,0,1,0,0,1,1
5086290-93.2025.8.21.3614,RS,Não reconhece operação,Golpe,Êxito,Improcedência,9731.86,0.0,1,1,0,1,1,1
6393722-78.2025.8.15.5780,PB,Não reconhece operação,Golpe,Êxito,Improcedência,21033.08,0.0,1,1,1,1,1,1
8167812-98.2025.8.12.6782,MS,Não reconhece operação,Golpe,Êxito,Improcedência,19993.3,0.0,1,1,1,1,1,1
7795288-37.2025.8.11.3255,MT,Não reconhece operação,Golpe,Não Êxito,Parcial procedência,13877.34,8785.75,0,1,0,0,1,1
7898683-24.2025.8.07.6613,DF,Não reconhece operação,Golpe,Êxito,Extinção,14820.8,0.0,1,1,1,1,1,0
4213573-52.2025.8.04.2916,AM,Não reconhece operação,Golpe,Êxito,Extinção,14803.3,0.0,1,1,1,1,0,1
7294702-39.2025.8.15.5181,PB,Não reconhece operação,Genérico,Êxito,Extinção,15874.98,0.0,1,1,0,0,0,1
2226366-15.2025.8.24.5137,SC,Não reconhece operação,Golpe,Êxito,Extinção,12064.88,0.0,1,1,1,1,1,0
9661369-41.2025.8.02.6766,AL,Não reconhece operação,Golpe,Não Êxito,Procedência,12881.34,3301.29,1,0,1,1,1,0
8329947-36.2025.8.24.3169,SC,Não reconhece operação,Genérico,Êxito,Improcedência,13239.16,0.0,1,1,0,0,1,1
1294998-90.2025.8.21.3842,RS,Não reconhece operação,Genérico,Não Êxito,Parcial procedência,13395.82,7424.09,0,0,0,0,0,1
4498464-48.2025.8.08.7294,ES,Não reconhece operação,Genérico,Êxito,Extinção,13457.36,0.0,1,1,1,1,1,1
9819576-50.2025.8.16.3879,PR,Não reconhece operação,Golpe,Êxito,Improcedência,3986.83,0.0,1,1,0,0,1,1
3278571-29.2025.8.05.4975,BA,Não reconhece operação,Genérico,Êxito,Improcedência,15461.34,0.0,1,0,0,1,0,1
9644924-65.2025.8.22.7402,RO,Não reconhece operação,Golpe,Êxito,Extinção,12394.0,0.0,1,1,1,0,1,1
5573212-77.2025.8.19.3419,RJ,Não reconhece operação,Golpe,Êxito,Improcedência,5822.06,0.0,0,1,1,1,1,1
3240296-34.2025.8.10.0317,MA,Não reconhece operação,Golpe,Não Êxito,Parcial procedência,13264.55,11724.09,1,0,0,1,0,1
4914970-97.2025.8.02.4495,AL,Não reconhece operação,Golpe,Êxito,Extinção,13112.9,0.0,1,1,1,1,0,1
2066749-93.2025.8.27.6454,TO,Não reconhece operação,Golpe,Êxito,Extinção,21239.61,0.0,1,1,0,0,1,0
8830553-13.2025.8.11.6185,MT,Não reconhece operação,Golpe,Não Êxito,Parcial procedência,12336.28,4537.92,0,1,1,0,1,1
7824060-91.2025.8.25.6836,SE,Não reconhece operação,Genérico,Êxito,Extinção,18258.93,0.0,1,1,1,1,1,1
2301779-16.2025.8.19.3456,RJ,Não reconhece operação,Golpe,Êxito,Extinção,21767.43,0.0,0,1,1,1,1,1
3339736-23.2025.8.23.8489,RR,Não reconhece operação,Golpe,Êxito,Extinção,11900.36,0.0,1,1,1,1,1,1
5234208-17.2025.8.22.3993,RO,Não reconhece operação,Golpe,Não Êxito,Parcial procedência,14749.13,9604.49,1,0,0,1,1,1
3219250-82.2025.8.06.4813,CE,Não reconhece operação,Golpe,Êxito,Improcedência,23464.6,0.0,1,1,1,0,1,1
8372385-20.2025.8.10.7375,MA,Não reconhece operação,Golpe,Êxito,Improcedência,16105.74,0.0,1,1,0,1,1,1
1896424-63.2025.8.11.2807,MT,Não reconhece operação,Golpe,Êxito,Improcedência,16816.12,0.0,1,1,1,0,0,1
1583743-92.2025.8.14.5418,PA,Não reconhece operação,Golpe,Êxito,Extinção,12983.86,0.0,1,1,0,0,0,1
2764561-91.2025.8.02.6150,AL,Não reconhece operação,Genérico,Não Êxito,Parcial procedência,18353.44,8844.35,0,0,0,1,1,1
4487427-84.2025.8.15.6217,PB,Não reconhece operação,Genérico,Êxito,Extinção,14787.67,0.0,0,1,1,1,1,1
1535815-88.2025.8.05.9815,BA,Não reconhece operação,Golpe,Êxito,Improcedência,5992.36,0.0,0,1,1,0,1,0
3694202-32.2025.8.22.5056,RO,Não reconhece operação,Golpe,Não Êxito,Parcial procedência,13239.13,7557.9,1,0,0,0,1,0
8187150-11.2025.8.19.9890,RJ,Não reconhece operação,Genérico,Não Êxito,Parcial procedência,9176.53,4117.88,1,0,0,0,1,1
9598671-29.2025.8.25.2040,SE,Não reconhece operação,Genérico,Não Êxito,Procedência,15532.94,5950.81,0,0,1,1,1,1
1681801-75.2025.8.22.8172,RO,Não reconhece operação,Golpe,Êxito,Extinção,10483.41,0.0,1,1,1,1,1,1
8343615-91.2025.8.10.5401,MA,Não reconhece operação,Genérico,Êxito,Extinção,17328.29,0.0,1,1,0,0,1,1
8012682-87.2025.8.27.6267,TO,Não reconhece operação,Genérico,Não Êxito,Acordo,15201.84,5271.84,0,1,1,1,1,1
7967305-77.2025.8.12.2282,MS,Não reconhece operação,Genérico,Êxito,Improcedência,8858.42,0.0,1,1,0,1,0,1
6892097-20.2025.8.09.4849,GO,Não reconhece operação,Golpe,Êxito,Extinção,12565.39,0.0,1,0,1,0,1,1
5525355-41.2025.8.25.4828,SE,Não reconhece operação,Golpe,Não Êxito,Procedência,18027.19,10599.36,0,1,1,1,1,0
9855353-90.2025.8.13.9745,MG,Não reconhece operação,Golpe,Êxito,Improcedência,20615.21,0.0,1,1,0,1,1,1
2037009-89.2025.8.04.7692,AM,Não reconhece operação,Golpe,Êxito,Extinção,10554.16,0.0,1,0,1,1,0,0
5828034-30.2025.8.11.5643,MT,Não reconhece operação,Golpe,Não Êxito,Parcial procedência,9597.23,5278.53,1,0,0,0,1,0
5517289-14.2025.8.23.6117,RR,Não reconhece operação,Golpe,Êxito,Improcedência,24555.36,0.0,1,1,1,1,1,0
6547458-12.2025.8.06.4066,CE,Não reconhece operação,Golpe,Não Êxito,Parcial procedência,14934.26,12552.72,0,0,1,1,1,1
2372828-59.2025.8.11.3755,MT,Não reconhece operação,Golpe,Êxito,Improcedência,15431.02,0.0,1,1,1,0,1,0
7319914-16.2025.8.03.8834,AP,Não reconhece operação,Genérico,Êxito,Improcedência,11354.12,0.0,1,1,1,1,1,1
3373867-74.2025.8.19.3718,RJ,Não reconhece operação,Golpe,Não Êxito,Parcial procedência,16038.24,11487.79,0,1,0,1,0,0
9104776-64.2025.8.11.7080,MT,Não reconhece operação,Golpe,Êxito,Extinção,23397.89,0.0,1,0,0,0,1,1
7449638-70.2025.8.09.5538,GO,Não reconhece operação,Genérico,Não Êxito,Parcial procedência,16230.32,10771.42,0,0,0,1,1,1
5714310-12.2025.8.07.3499,DF,Não reconhece operação,Genérico,Êxito,Improcedência,20207.79,0.0,1,1,1,0,1,1
2964903-82.2025.8.17.7143,PE,Não reconhece operação,Genérico,Êxito,Extinção,15124.41,0.0,1,1,1,0,1,1
3770531-27.2025.8.19.3049,RJ,Não reconhece operação,Genérico,Êxito,Improcedência,9948.74,0.0,1,1,1,1,1,1
4223378-92.2025.8.26.0818,SP,Não reconhece operação,Genérico,Êxito,Extinção,11629.66,0.0,1,1,0,1,0,1
1999713-74.2025.8.12.5042,MS,Não reconhece operação,Golpe,Não Êxito,Procedência,9497.32,5692.19,0,0,1,1,0,1
6723618-35.2025.8.05.3643,BA,Não reconhece operação,Golpe,Não Êxito,Parcial procedência,16050.84,13058.57,0,1,1,1,1,1
6911739-23.2025.8.21.4297,RS,Não reconhece operação,Golpe,Não Êxito,Parcial procedência,20987.62,10955.59,0,1,1,1,0,1
1062943-59.2025.8.16.9405,PR,Não reconhece operação,Golpe,Êxito,Extinção,15772.25,0.0,1,1,1,1,0,1
9000094-32.2025.8.19.1241,RJ,Não reconhece operação,Genérico,Não Êxito,Procedência,13471.96,13471.96,0,1,0,0,1,1
4218989-34.2025.8.04.1964,AM,Não reconhece operação,Golpe,Não Êxito,Parcial procedência,11107.56,8000.5,1,1,0,1,1,1
9976056-81.2025.8.09.7866,GO,Não reconhece operação,Golpe,Não Êxito,Procedência,16726.31,5436.06,0,0,0,0,0,1
9264632-84.2025.8.22.2013,RO,Não reconhece operação,Golpe,Êxito,Improcedência,8906.88,0.0,1,1,1,1,0,1
8224636-50.2025.8.21.1142,RS,Não reconhece operação,Golpe,Não Êxito,Parcial procedência,9417.34,4375.72,0,1,1,1,1,1
2175828-37.2025.8.12.1578,MS,Não reconhece operação,Golpe,Êxito,Extinção,19399.15,0.0,1,1,1,1,0,1
9316264-50.2025.8.23.9690,RR,Não reconhece operação,Golpe,Êxito,Extinção,13619.39,0.0,1,0,0,1,1,0
6663754-52.2025.8.21.7748,RS,Não reconhece operação,Genérico,Não Êxito,Parcial procedência,13522.63,8061.62,0,0,0,1,1,1
5968100-46.2025.8.13.4751,MG,Não reconhece operação,Golpe,Êxito,Extinção,14152.61,0.0,1,1,1,1,1,1
8232968-21.2025.8.25.8739,SE,Não reconhece operação,Genérico,Êxito,Improcedência,18543.92,0.0,1,1,0,0,1,1
2800226-26.2025.8.08.5291,ES,Não reconhece operação,Golpe,Não Êxito,Procedência,15794.29,9805.49,0,0,1,1,1,0
7317863-33.2025.8.07.1220,DF,Não reconhece operação,Golpe,Êxito,Improcedência,11336.01,0.0,1,1,1,1,1,1
1779470-66.2025.8.19.8733,RJ,Não reconhece operação,Golpe,Êxito,Improcedência,11512.61,0.0,1,1,1,0,1,1
9443349-47.2025.8.16.9041,PR,Não reconhece operação,Genérico,Êxito,Improcedência,14024.82,0.0,1,1,1,1,0,1
7686124-14.2025.8.03.0444,AP,Não reconhece operação,Golpe,Êxito,Improcedência,16465.14,0.0,1,1,0,1,1,1
1299294-19.2025.8.21.9266,RS,Não reconhece operação,Genérico,Êxito,Improcedência,14807.95,0.0,1,0,0,1,1,1
6954022-54.2025.8.06.4523,CE,Não reconhece operação,Golpe,Não Êxito,Parcial procedência,14371.34,9852.29,0,0,0,1,1,0
5508865-45.2025.8.23.4358,RR,Não reconhece operação,Golpe,Êxito,Improcedência,15209.3,0.0,0,1,0,1,1,0
7367688-29.2025.8.01.6310,AC,Não reconhece operação,Genérico,Êxito,Improcedência,14804.45,0.0,1,1,0,1,1,1
7189464-20.2025.8.23.3119,RR,Não reconhece operação,Golpe,Êxito,Improcedência,11152.98,0.0,1,0,1,1,1,1
7142653-20.2025.8.23.1608,RR,Não reconhece operação,Golpe,Não Êxito,Parcial procedência,20414.31,17866.89,1,0,1,1,1,1
6026787-78.2025.8.23.6549,RR,Não reconhece operação,Genérico,Não Êxito,Procedência,12615.57,10198.97,0,1,1,1,0,0
3858371-91.2025.8.16.6533,PR,Não reconhece operação,Golpe,Êxito,Extinção,15616.26,0.0,1,1,0,0,1,0
4226416-19.2025.8.11.5291,MT,Não reconhece operação,Golpe,Êxito,Improcedência,4872.47,0.0,1,1,0,1,1,1
3650082-22.2025.8.20.7141,RN,Não reconhece operação,Golpe,Não Êxito,Parcial procedência,13926.37,7933.1,0,0,0,1,0,1
3029628-50.2025.8.08.0056,ES,Não reconhece operação,Golpe,Êxito,Extinção,9586.69,0.0,0,1,1,0,1,1
3329006-34.2025.8.23.2527,RR,Não reconhece operação,Genérico,Êxito,Improcedência,10178.29,0.0,1,1,1,1,1,0
7807694-19.2025.8.17.3485,PE,Não reconhece operação,Genérico,Êxito,Improcedência,26867.46,0.0,1,1,0,1,1,1
6136188-18.2025.8.11.9652,MT,Não reconhece operação,Golpe,Êxito,Improcedência,16206.58,0.0,1,1,1,1,1,1
4782065-64.2025.8.14.6910,PA,Não reconhece operação,Genérico,Êxito,Extinção,20998.08,0.0,1,1,1,0,1,1
8926099-45.2025.8.17.9250,PE,Não reconhece operação,Golpe,Êxito,Improcedência,19179.03,0.0,1,1,1,1,0,1
3550688-44.2025.8.02.0804,AL,Não reconhece operação,Golpe,Êxito,Extinção,19806.8,0.0,1,1,1,1,1,0
4021518-95.2025.8.03.4397,AP,Não reconhece operação,Golpe,Êxito,Improcedência,14005.38,0.0,1,1,0,0,0,1
1106231-11.2025.8.07.1176,DF,Não reconhece operação,Genérico,Êxito,Improcedência,22864.54,0.0,1,1,0,1,1,1
7238834-29.2025.8.03.2420,AP,Não reconhece operação,Golpe,Não Êxito,Parcial procedência,19136.75,9139.24,1,0,0,0,0,1
7116435-77.2025.8.12.0406,MS,Não reconhece operação,Golpe,Êxito,Improcedência,15185.02,0.0,1,1,1,1,1,1
6737005-48.2025.8.19.5155,RJ,Não reconhece operação,Golpe,Não Êxito,Parcial procedência,16274.11,13751.71,0,1,1,1,1,1
7246877-38.2025.8.16.1335,PR,Não reconhece operação,Genérico,Êxito,Extinção,14311.27,0.0,1,1,0,0,1,0
8553450-67.2025.8.11.6522,MT,Não reconhece operação,Golpe,Êxito,Improcedência,15238.52,0.0,0,1,1,0,1,1
1970983-51.2025.8.24.4453,SC,Não reconhece operação,Golpe,Êxito,Improcedência,14768.25,0.0,1,1,1,1,1,1
2774197-65.2025.8.17.0052,PE,Não reconhece operação,Genérico,Êxito,Improcedência,16854.32,0.0,1,1,0,1,1,1
3266540-56.2025.8.04.6341,AM,Não reconhece operação,Golpe,Não Êxito,Parcial procedência,23519.96,17138.24,0,0,1,0,1,1
2235379-20.2025.8.22.2929,RO,Não reconhece operação,Golpe,Não Êxito,Parcial procedência,9068.4,5788.28,1,0,1,1,1,0
7723303-43.2025.8.17.1758,PE,Não reconhece operação,Golpe,Êxito,Improcedência,20587.54,0.0,1,1,0,0,1,1
1195508-64.2025.8.16.9533,PR,Não reconhece operação,Golpe,Não Êxito,Parcial procedência,13175.33,11277.68,1,0,0,1,1,1
2974250-84.2025.8.17.9824,PE,Não reconhece operação,Golpe,Êxito,Improcedência,21212.22,0.0,1,1,1,1,1,1
9326416-75.2025.8.15.0529,PB,Não reconhece operação,Genérico,Êxito,Improcedência,13346.03,0.0,1,1,1,0,1,0
5115550-52.2025.8.04.6201,AM,Não reconhece operação,Golpe,Êxito,Improcedência,17007.51,0.0,1,0,0,0,1,1
3723179-39.2025.8.17.0808,PE,Não reconhece operação,Golpe,Êxito,Extinção,14202.77,0.0,1,1,0,1,1,1
5281495-78.2025.8.23.8014,RR,Não reconhece operação,Genérico,Êxito,Improcedência,6490.46,0.0,1,1,0,0,1,1
2899160-70.2025.8.09.4572,GO,Não reconhece operação,Golpe,Êxito,Improcedência,23515.07,0.0,1,1,1,1,1,0
7699040-40.2025.8.18.2753,PI,Não reconhece operação,Golpe,Êxito,Improcedência,10356.26,0.0,1,1,0,1,0,1
4239321-80.2025.8.01.2457,AC,Não reconhece operação,Genérico,Não Êxito,Procedência,15393.79,11621.82,1,0,0,1,0,0
6559137-69.2025.8.10.5339,MA,Não reconhece operação,Golpe,Êxito,Extinção,9818.13,0.0,1,1,1,0,1,1
1276155-36.2025.8.12.3658,MS,Não reconhece operação,Genérico,Êxito,Extinção,8421.74,0.0,1,1,1,1,1,1
7148360-47.2025.8.27.7123,TO,Não reconhece operação,Genérico,Êxito,Improcedência,13976.59,0.0,1,1,0,1,1,1
1631522-98.2025.8.06.2473,CE,Não reconhece operação,Golpe,Não Êxito,Parcial procedência,12069.93,8957.76,1,0,0,0,1,1
7476652-21.2025.8.08.3782,ES,Não reconhece operação,Golpe,Êxito,Improcedência,9247.01,0.0,1,1,0,1,1,1
2794135-53.2025.8.12.0664,MS,Não reconhece operação,Golpe,Êxito,Improcedência,14808.33,0.0,1,1,0,1,1,1
6035115-38.2025.8.27.3454,TO,Não reconhece operação,Golpe,Êxito,Extinção,7710.72,0.0,1,1,0,1,1,1
7977811-44.2025.8.24.2770,SC,Não reconhece operação,Golpe,Êxito,Extinção,15597.87,0.0,0,1,1,0,1,1
5859207-10.2025.8.01.9908,AC,Não reconhece operação,Golpe,Êxito,Improcedência,14357.42,0.0,0,1,1,1,1,0
8872280-67.2025.8.07.2318,DF,Não reconhece operação,Genérico,Êxito,Improcedência,2811.25,0.0,1,1,0,0,1,1
3624362-25.2025.8.21.3972,RS,Não reconhece operação,Genérico,Êxito,Improcedência,12415.38,0.0,1,1,1,1,0,1
6471935-39.2025.8.02.6727,AL,Não reconhece operação,Genérico,Êxito,Improcedência,17280.6,0.0,1,1,1,1,0,1
8889367-37.2025.8.24.4231,SC,Não reconhece operação,Golpe,Não Êxito,Parcial procedência,9763.55,6762.56,0,0,0,0,1,1
8167283-76.2025.8.08.8843,ES,Não reconhece operação,Golpe,Não Êxito,Parcial procedência,17493.47,8828.54,0,1,1,1,0,1
6376726-46.2025.8.25.9018,SE,Não reconhece operação,Golpe,Êxito,Extinção,17105.28,0.0,1,1,0,1,0,1
7536120-20.2025.8.08.3101,ES,Não reconhece operação,Golpe,Êxito,Improcedência,9988.4,0.0,1,1,1,1,1,0
5146604-95.2025.8.12.6323,MS,Não reconhece operação,Genérico,Não Êxito,Parcial procedência,14921.93,5673.99,1,1,1,1,1,1
8277298-14.2025.8.16.2591,PR,Não reconhece operação,Golpe,Êxito,Improcedência,19030.29,0.0,0,1,1,1,0,1
2474257-82.2025.8.03.7711,AP,Não reconhece operação,Golpe,Não Êxito,Parcial procedência,10681.73,10681.73,0,1,0,0,1,1
2686697-56.2025.8.17.0186,PE,Não reconhece operação,Genérico,Não Êxito,Parcial procedência,13972.31,8851.0,1,1,0,1,1,1
7832410-19.2025.8.14.2005,PA,Não reconhece operação,Golpe,Êxito,Improcedência,20626.23,0.0,1,1,1,1,1,1
7413498-68.2025.8.23.2296,RR,Não reconhece operação,Golpe,Êxito,Improcedência,10773.93,0.0,1,1,1,1,1,1
8252184-55.2025.8.27.4877,TO,Não reconhece operação,Golpe,Êxito,Extinção,17235.21,0.0,1,1,1,1,1,1
6136092-95.2025.8.16.1579,PR,Não reconhece operação,Golpe,Não Êxito,Parcial procedência,9686.78,7849.11,0,0,0,1,0,0
7591856-20.2025.8.12.6615,MS,Não reconhece operação,Genérico,Êxito,Improcedência,14192.38,0.0,1,1,0,0,1,1
9038526-79.2025.8.13.5125,MG,Não reconhece operação,Golpe,Não Êxito,Procedência,17174.21,10448.02,1,0,0,1,1,1
6803873-42.2025.8.12.7746,MS,Não reconhece operação,Genérico,Êxito,Extinção,3183.57,0.0,1,1,1,0,1,1
6916142-13.2025.8.23.7093,RR,Não reconhece operação,Genérico,Êxito,Extinção,12360.36,0.0,1,1,0,1,1,1
4252288-65.2025.8.09.9159,GO,Não reconhece operação,Genérico,Não Êxito,Parcial procedência,17088.85,6639.79,0,1,1,1,1,0
7099543-27.2025.8.05.6974,BA,Não reconhece operação,Golpe,Êxito,Improcedência,16090.37,0.0,1,1,1,0,1,1
1420431-65.2025.8.10.4074,MA,Não reconhece operação,Golpe,Não Êxito,Parcial procedência,12418.97,8004.7,0,1,1,1,1,1
2056651-45.2025.8.01.4530,AC,Não reconhece operação,Genérico,Êxito,Extinção,9562.19,0.0,1,1,1,0,1,1
3750754-25.2025.8.04.1237,AM,Não reconhece operação,Golpe,Êxito,Improcedência,18065.97,0.0,1,0,1,0,0,1
7830240-55.2025.8.04.8220,AM,Não reconhece operação,Golpe,Não Êxito,Parcial procedência,13400.2,8467.29,1,1,0,0,0,1
4696160-26.2025.8.22.5137,RO,Não reconhece operação,Genérico,Êxito,Extinção,17658.12,0.0,1,0,1,1,1,0
6703015-28.2025.8.20.4275,RN,Não reconhece operação,Golpe,Não Êxito,Parcial procedência,16847.89,13510.28,1,1,0,1,1,1
7225689-79.2025.8.19.9127,RJ,Não reconhece operação,Genérico,Êxito,Improcedência,12786.78,0.0,1,1,0,1,1,1
7193533-85.2025.8.11.4234,MT,Não reconhece operação,Genérico,Êxito,Extinção,20245.08,0.0,1,1,1,0,0,1
5229081-47.2025.8.20.2596,RN,Não reconhece operação,Genérico,Êxito,Improcedência,12066.17,0.0,1,1,1,1,0,1
8354449-68.2025.8.05.7000,BA,Não reconhece operação,Golpe,Êxito,Extinção,20823.56,0.0,1,0,0,1,1,1
1113995-72.2025.8.25.6669,SE,Não reconhece operação,Genérico,Não Êxito,Parcial procedência,21465.56,16512.88,1,0,1,1,0,1
2452340-48.2025.8.14.0528,PA,Não reconhece operação,Golpe,Êxito,Improcedência,20134.93,0.0,0,0,1,1,1,1
8341751-58.2025.8.26.2921,SP,Não reconhece operação,Genérico,Não Êxito,Parcial procedência,14096.21,10463.34,0,0,1,1,1,1
9723102-72.2025.8.05.2372,BA,Não reconhece operação,Genérico,Êxito,Improcedência,27480.29,0.0,1,1,0,1,1,0
3676988-62.2025.8.14.4383,PA,Não reconhece operação,Genérico,Êxito,Improcedência,15727.27,0.0,0,1,0,1,1,1
5302187-30.2025.8.19.4864,RJ,Não reconhece operação,Golpe,Não Êxito,Procedência,16165.02,13085.28,0,0,0,0,1,1
9829745-27.2025.8.14.9447,PA,Não reconhece operação,Golpe,Não Êxito,Parcial procedência,14873.94,8496.5,0,1,0,1,1,1
2191840-91.2025.8.11.5350,MT,Não reconhece operação,Golpe,Não Êxito,Parcial procedência,9438.61,5717.25,1,0,1,1,0,1
5449025-80.2025.8.05.8394,BA,Não reconhece operação,Golpe,Êxito,Improcedência,21336.91,0.0,1,1,0,1,0,1
1139874-43.2025.8.13.4758,MG,Não reconhece operação,Golpe,Êxito,Improcedência,12173.5,0.0,1,1,0,1,1,1
5397149-46.2025.8.07.1232,DF,Não reconhece operação,Golpe,Êxito,Improcedência,19494.57,0.0,0,1,1,1,1,1
4338849-79.2025.8.09.5024,GO,Não reconhece operação,Golpe,Êxito,Extinção,20671.93,0.0,0,1,0,1,1,1
3397259-57.2025.8.19.7861,RJ,Não reconhece operação,Genérico,Êxito,Improcedência,17942.59,0.0,1,1,0,1,1,1
5051540-25.2025.8.16.8324,PR,Não reconhece operação,Genérico,Êxito,Extinção,11586.81,0.0,1,1,1,1,0,0
7405327-43.2025.8.18.5502,PI,Não reconhece operação,Golpe,Êxito,Improcedência,13308.58,0.0,0,1,1,1,1,1
7811312-21.2025.8.10.8181,MA,Não reconhece operação,Genérico,Não Êxito,Parcial procedência,1846.22,508.04,0,1,1,1,1,1
5096005-23.2025.8.26.8421,SP,Não reconhece operação,Golpe,Êxito,Improcedência,14410.71,0.0,1,1,0,1,0,1
5071522-64.2025.8.04.1928,AM,Não reconhece operação,Golpe,Êxito,Extinção,18920.96,0.0,1,1,1,1,1,1
7750782-21.2025.8.10.3376,MA,Não reconhece operação,Golpe,Êxito,Improcedência,13816.79,0.0,1,1,1,1,1,1
3337672-17.2025.8.03.9141,AP,Não reconhece operação,Genérico,Êxito,Extinção,12086.77,0.0,1,0,1,1,1,1
2951337-12.2025.8.10.3582,MA,Não reconhece operação,Genérico,Êxito,Improcedência,13521.2,0.0,1,1,0,1,0,1
5456420-10.2025.8.26.1648,SP,Não reconhece operação,Genérico,Não Êxito,Parcial procedência,20945.79,13349.3,0,1,0,1,0,1
9332912-74.2025.8.10.5504,MA,Não reconhece operação,Genérico,Êxito,Improcedência,14715.43,0.0,0,1,0,0,1,1
4448157-41.2025.8.25.0978,SE,Não reconhece operação,Genérico,Êxito,Improcedência,24098.68,0.0,1,1,1,1,1,1
4020265-51.2025.8.14.4571,PA,Não reconhece operação,Golpe,Êxito,Improcedência,12181.7,0.0,1,1,1,1,1,1
7662799-58.2025.8.19.1057,RJ,Não reconhece operação,Golpe,Êxito,Improcedência,16048.11,0.0,1,1,0,1,1,1
5837454-37.2025.8.11.3387,MT,Não reconhece operação,Golpe,Êxito,Extinção,12855.56,0.0,1,1,1,1,1,1
4863559-14.2025.8.08.4485,ES,Não reconhece operação,Genérico,Êxito,Extinção,25161.36,0.0,1,1,1,0,1,1
7994826-52.2025.8.22.0832,RO,Não reconhece operação,Golpe,Não Êxito,Procedência,15863.98,15863.98,1,1,0,1,1,1
9717693-78.2025.8.27.9404,TO,Não reconhece operação,Golpe,Êxito,Improcedência,25424.31,0.0,1,1,1,1,1,0
4831607-78.2025.8.08.1400,ES,Não reconhece operação,Genérico,Êxito,Improcedência,12920.7,0.0,1,1,0,0,1,1
5552670-55.2025.8.23.8036,RR,Não reconhece operação,Golpe,Êxito,Improcedência,22477.77,0.0,1,1,0,1,1,0
8890956-67.2025.8.08.3768,ES,Não reconhece operação,Genérico,Êxito,Improcedência,15561.22,0.0,0,1,0,1,1,1
6655679-65.2025.8.20.1902,RN,Não reconhece operação,Golpe,Êxito,Improcedência,19087.53,0.0,1,1,1,1,1,1
1595199-18.2025.8.23.0507,RR,Não reconhece operação,Genérico,Êxito,Improcedência,8997.27,0.0,1,1,1,0,1,1
3710975-14.2025.8.11.3684,MT,Não reconhece operação,Genérico,Não Êxito,Parcial procedência,16691.8,4007.77,0,1,1,1,1,1
6413399-73.2025.8.20.3109,RN,Não reconhece operação,Golpe,Êxito,Improcedência,9736.19,0.0,1,1,0,1,1,1
8401806-69.2025.8.08.3222,ES,Não reconhece operação,Genérico,Êxito,Improcedência,16243.72,0.0,1,1,1,1,1,1
9622593-41.2025.8.04.8609,AM,Não reconhece operação,Golpe,Êxito,Improcedência,7531.7,0.0,1,1,1,1,1,0
5177196-80.2025.8.04.5413,AM,Não reconhece operação,Golpe,Não Êxito,Parcial procedência,14520.54,13348.6,1,0,0,1,1,0
2766323-77.2025.8.11.4956,MT,Não reconhece operação,Golpe,Não Êxito,Procedência,20358.18,9292.88,1,1,1,1,1,0
3827360-46.2025.8.25.6804,SE,Não reconhece operação,Genérico,Êxito,Improcedência,17668.95,0.0,1,1,1,1,1,1
5826525-32.2025.8.03.6723,AP,Não reconhece operação,Golpe,Êxito,Improcedência,8927.4,0.0,1,1,1,1,1,1
4259726-73.2025.8.11.8641,MT,Não reconhece operação,Golpe,Êxito,Improcedência,5667.12,0.0,1,0,1,1,1,0
2583076-54.2025.8.20.3574,RN,Não reconhece operação,Genérico,Êxito,Extinção,17420.62,0.0,1,1,1,1,1,1
9549146-17.2025.8.06.9390,CE,Não reconhece operação,Golpe,Êxito,Extinção,22740.88,0.0,1,1,1,0,1,1
5774627-79.2025.8.20.3209,RN,Não reconhece operação,Golpe,Não Êxito,Parcial procedência,10252.27,2050.45,1,0,0,0,0,1
7873771-48.2025.8.09.7962,GO,Não reconhece operação,Golpe,Êxito,Improcedência,25273.81,0.0,1,1,0,0,1,1
1532039-50.2025.8.23.2463,RR,Não reconhece operação,Golpe,Êxito,Improcedência,14950.33,0.0,0,1,0,1,0,1
8679233-69.2025.8.17.5798,PE,Não reconhece operação,Genérico,Êxito,Improcedência,5371.2,0.0,1,1,0,1,1,1
9115913-37.2025.8.15.3065,PB,Não reconhece operação,Golpe,Êxito,Extinção,7323.21,0.0,1,1,0,1,0,1
3634224-77.2025.8.05.4020,BA,Não reconhece operação,Golpe,Êxito,Extinção,18760.21,0.0,1,1,0,0,0,1
2950045-24.2025.8.11.8273,MT,Não reconhece operação,Genérico,Êxito,Improcedência,15617.96,0.0,1,1,1,1,1,1
7595923-31.2025.8.24.5176,SC,Não reconhece operação,Golpe,Não Êxito,Procedência,22255.21,22255.21,0,1,1,1,1,1
8155262-61.2025.8.01.4426,AC,Não reconhece operação,Genérico,Êxito,Improcedência,9103.19,0.0,1,1,0,1,1,1
6750238-95.2025.8.22.5497,RO,Não reconhece operação,Golpe,Êxito,Improcedência,15563.63,0.0,1,1,0,0,1,0
7502117-87.2025.8.14.1933,PA,Não reconhece operação,Genérico,Não Êxito,Parcial procedência,15015.37,8449.08,0,0,1,0,1,1
9938962-59.2025.8.20.6043,RN,Não reconhece operação,Genérico,Êxito,Improcedência,14280.44,0.0,0,1,1,0,0,1
8572354-27.2025.8.16.6728,PR,Não reconhece operação,Genérico,Êxito,Improcedência,13104.8,0.0,1,1,1,1,1,1
7085353-42.2025.8.12.3637,MS,Não reconhece operação,Golpe,Êxito,Improcedência,13202.49,0.0,1,1,1,1,0,0
5994716-52.2025.8.09.6820,GO,Não reconhece operação,Golpe,Não Êxito,Procedência,15839.15,10748.6,1,1,0,0,0,1
8761169-30.2025.8.18.2388,PI,Não reconhece operação,Genérico,Êxito,Extinção,16466.91,0.0,1,1,1,1,0,1
5789376-84.2025.8.03.6628,AP,Não reconhece operação,Golpe,Não Êxito,Parcial procedência,16221.53,11463.51,1,1,0,1,1,1
5796311-87.2025.8.17.5268,PE,Não reconhece operação,Golpe,Êxito,Extinção,20899.78,0.0,1,1,0,1,1,1
4682784-86.2025.8.04.1608,AM,Não reconhece operação,Golpe,Não Êxito,Acordo,9087.72,3015.34,0,0,1,1,0,1
7837590-63.2025.8.16.1008,PR,Não reconhece operação,Genérico,Não Êxito,Parcial procedência,6092.56,3782.38,1,0,0,0,1,1
2632718-42.2025.8.18.0226,PI,Não reconhece operação,Genérico,Êxito,Improcedência,19972.27,0.0,1,1,0,1,1,1
5964034-47.2025.8.04.7833,AM,Não reconhece operação,Golpe,Êxito,Improcedência,10352.47,0.0,1,1,1,0,1,1
5669949-51.2025.8.22.3975,RO,Não reconhece operação,Genérico,Êxito,Extinção,13120.17,0.0,1,1,1,0,1,1
5807553-43.2025.8.12.2459,MS,Não reconhece operação,Golpe,Êxito,Improcedência,11978.72,0.0,1,1,0,1,0,1
2488501-34.2025.8.23.2585,RR,Não reconhece operação,Golpe,Não Êxito,Procedência,11873.65,11873.65,0,1,1,1,1,1
2169239-61.2025.8.02.1935,AL,Não reconhece operação,Golpe,Êxito,Improcedência,7826.73,0.0,1,1,1,1,1,1
4868187-79.2025.8.05.1142,BA,Não reconhece operação,Golpe,Êxito,Extinção,12187.61,0.0,1,0,1,1,1,1
8664357-23.2025.8.14.5673,PA,Não reconhece operação,Golpe,Êxito,Extinção,18168.35,0.0,1,1,1,1,1,1
2560488-48.2025.8.06.4759,CE,Não reconhece operação,Genérico,Êxito,Improcedência,14962.9,0.0,1,0,0,0,1,1
1292544-71.2025.8.09.6931,GO,Não reconhece operação,Genérico,Êxito,Extinção,17457.73,0.0,1,0,1,1,1,0
8079851-78.2025.8.16.0350,PR,Não reconhece operação,Golpe,Não Êxito,Procedência,12548.0,4384.23,0,1,0,1,1,1
5420605-50.2025.8.03.1699,AP,Não reconhece operação,Golpe,Não Êxito,Procedência,19412.31,15231.45,1,0,1,0,1,1
5685066-97.2025.8.19.5170,RJ,Não reconhece operação,Golpe,Êxito,Improcedência,12487.74,0.0,1,1,0,0,1,1
5035085-97.2025.8.04.7724,AM,Não reconhece operação,Genérico,Êxito,Extinção,4635.85,0.0,0,1,1,1,1,1
4176746-34.2025.8.05.8631,BA,Não reconhece operação,Genérico,Êxito,Improcedência,16535.81,0.0,1,1,0,1,1,1
3067385-98.2025.8.17.7934,PE,Não reconhece operação,Genérico,Não Êxito,Parcial procedência,18747.62,9948.0,0,1,0,1,0,1
6426901-45.2025.8.23.6095,RR,Não reconhece operação,Golpe,Êxito,Improcedência,12238.1,0.0,1,1,1,1,0,1
7701306-19.2025.8.05.5865,BA,Não reconhece operação,Golpe,Não Êxito,Procedência,20866.5,15856.04,1,0,0,1,1,1
2834298-54.2025.8.09.5281,GO,Não reconhece operação,Golpe,Não Êxito,Procedência,10807.99,7087.32,0,1,1,1,1,1
3632147-42.2025.8.25.3059,SE,Não reconhece operação,Golpe,Êxito,Improcedência,18273.34,0.0,1,1,0,1,1,0
1277786-83.2025.8.27.9271,TO,Não reconhece operação,Golpe,Êxito,Improcedência,23543.52,0.0,1,1,0,1,0,1
5173218-62.2025.8.17.4460,PE,Não reconhece operação,Golpe,Êxito,Extinção,15162.43,0.0,1,1,1,1,0,0
2812094-54.2025.8.11.8558,MT,Não reconhece operação,Genérico,Êxito,Improcedência,13870.88,0.0,1,1,1,1,1,1
8043248-43.2025.8.10.9713,MA,Não reconhece operação,Golpe,Êxito,Extinção,14463.68,0.0,1,1,1,1,1,1
3560341-69.2025.8.18.7948,PI,Não reconhece operação,Golpe,Não Êxito,Parcial procedência,22971.97,8074.15,1,0,0,1,1,1
3092868-14.2025.8.17.3146,PE,Não reconhece operação,Genérico,Êxito,Extinção,16958.58,0.0,1,1,0,1,1,1
3660969-24.2025.8.08.7186,ES,Não reconhece operação,Golpe,Êxito,Improcedência,25503.44,0.0,1,1,1,0,0,1
1321910-52.2025.8.01.8109,AC,Não reconhece operação,Genérico,Êxito,Improcedência,16352.43,0.0,1,1,1,1,0,1
5829193-75.2025.8.05.7958,BA,Não reconhece operação,Golpe,Êxito,Extinção,11774.12,0.0,1,1,1,1,0,1
8100927-81.2025.8.26.1040,SP,Não reconhece operação,Genérico,Êxito,Improcedência,12119.02,0.0,1,0,1,1,1,1
7007690-83.2025.8.12.8141,MS,Não reconhece operação,Golpe,Êxito,Improcedência,15284.49,0.0,1,1,1,0,1,1
6169144-74.2025.8.14.8914,PA,Não reconhece operação,Golpe,Êxito,Improcedência,4965.76,0.0,1,1,1,1,0,1
6636960-89.2025.8.11.9878,MT,Não reconhece operação,Genérico,Êxito,Improcedência,12651.5,0.0,1,1,0,1,1,1
7486543-39.2025.8.23.3383,RR,Não reconhece operação,Golpe,Não Êxito,Procedência,12760.39,11217.0,1,0,1,0,1,1
5676188-67.2025.8.02.4679,AL,Não reconhece operação,Golpe,Êxito,Extinção,16158.8,0.0,1,1,0,1,1,1
7187071-94.2025.8.04.0229,AM,Não reconhece operação,Golpe,Êxito,Improcedência,24510.38,0.0,1,1,1,1,1,1
3164548-70.2025.8.08.5737,ES,Não reconhece operação,Golpe,Êxito,Improcedência,15251.17,0.0,1,1,1,1,1,0
5530063-10.2025.8.14.1710,PA,Não reconhece operação,Genérico,Não Êxito,Procedência,5548.02,1881.85,0,1,0,0,0,1
1216067-67.2025.8.19.8020,RJ,Não reconhece operação,Golpe,Não Êxito,Parcial procedência,10497.8,6088.38,0,1,1,0,1,1
9927736-73.2025.8.14.3946,PA,Não reconhece operação,Golpe,Êxito,Improcedência,16269.2,0.0,1,1,1,1,1,1
6112258-83.2025.8.12.0713,MS,Não reconhece operação,Golpe,Êxito,Extinção,15438.5,0.0,0,1,0,0,1,1
3070059-58.2025.8.26.0817,SP,Não reconhece operação,Genérico,Não Êxito,Parcial procedência,22953.13,9631.7,0,0,0,0,1,1
3615098-30.2025.8.05.6020,BA,Não reconhece operação,Golpe,Êxito,Improcedência,19693.14,0.0,1,1,0,1,1,1
8993424-45.2025.8.17.2942,PE,Não reconhece operação,Golpe,Êxito,Improcedência,19546.12,0.0,0,0,1,1,1,0
8571224-67.2025.8.15.0438,PB,Não reconhece operação,Genérico,Êxito,Extinção,13916.76,0.0,1,1,1,1,1,1
4983261-11.2025.8.11.1127,MT,Não reconhece operação,Golpe,Êxito,Extinção,20375.4,0.0,1,1,1,1,1,1
2085409-72.2025.8.23.1739,RR,Não reconhece operação,Genérico,Êxito,Extinção,10586.04,0.0,1,1,0,1,1,1
2383968-43.2025.8.08.2646,ES,Não reconhece operação,Golpe,Êxito,Improcedência,19733.45,0.0,1,1,0,0,1,1
5663965-98.2025.8.26.4515,SP,Não reconhece operação,Golpe,Êxito,Improcedência,13596.41,0.0,1,1,1,1,1,0
2653492-69.2025.8.09.8804,GO,Não reconhece operação,Golpe,Êxito,Improcedência,7877.13,0.0,0,1,0,1,1,1
5484411-86.2025.8.15.0819,PB,Não reconhece operação,Genérico,Êxito,Extinção,17893.11,0.0,1,1,1,1,1,0
4722149-62.2025.8.15.6531,PB,Não reconhece operação,Golpe,Êxito,Improcedência,21839.71,0.0,1,1,1,1,1,1
4540294-17.2025.8.21.0764,RS,Não reconhece operação,Golpe,Êxito,Improcedência,12987.06,0.0,1,1,1,1,1,1
7939103-83.2025.8.12.5311,MS,Não reconhece operação,Golpe,Não Êxito,Parcial procedência,22650.41,16653.63,1,0,1,1,1,1
1613679-80.2025.8.08.7575,ES,Não reconhece operação,Golpe,Êxito,Improcedência,6856.76,0.0,0,1,0,1,1,1
3731013-46.2025.8.01.8340,AC,Não reconhece operação,Golpe,Não Êxito,Parcial procedência,9109.72,7315.64,0,1,0,1,1,1
1292288-77.2025.8.10.4270,MA,Não reconhece operação,Golpe,Êxito,Improcedência,14262.23,0.0,1,1,1,1,1,1
4936044-80.2025.8.21.6467,RS,Não reconhece operação,Golpe,Êxito,Improcedência,13162.92,0.0,1,1,1,0,1,1
7551293-72.2025.8.01.4834,AC,Não reconhece operação,Golpe,Êxito,Improcedência,11708.68,0.0,1,1,1,1,1,1
4013830-17.2025.8.25.7612,SE,Não reconhece operação,Golpe,Êxito,Improcedência,15638.13,0.0,1,1,1,1,1,1
1797118-19.2025.8.15.3041,PB,Não reconhece operação,Golpe,Êxito,Extinção,12388.49,0.0,0,1,1,1,1,1
5865972-72.2025.8.03.1758,AP,Não reconhece operação,Golpe,Não Êxito,Parcial procedência,13220.76,13220.76,0,1,1,1,0,1
9346627-70.2025.8.09.6199,GO,Não reconhece operação,Golpe,Êxito,Improcedência,16348.38,0.0,1,1,1,1,1,1
9986550-42.2025.8.15.9752,PB,Não reconhece operação,Golpe,Êxito,Improcedência,11706.7,0.0,1,1,1,1,1,1
2102243-81.2025.8.09.5210,GO,Não reconhece operação,Golpe,Êxito,Improcedência,14461.98,0.0,1,0,1,1,1,1
5642725-41.2025.8.04.2273,AM,Não reconhece operação,Golpe,Êxito,Improcedência,11814.64,0.0,1,1,0,0,1,1
3759750-89.2025.8.16.7020,PR,Não reconhece operação,Golpe,Êxito,Improcedência,9066.41,0.0,1,1,1,1,0,1
8367482-52.2025.8.19.4376,RJ,Não reconhece operação,Golpe,Êxito,Improcedência,18729.55,0.0,1,1,1,0,0,0
6412424-42.2025.8.03.2443,AP,Não reconhece operação,Genérico,Êxito,Improcedência,23362.06,0.0,1,1,1,1,0,1
6378048-74.2025.8.08.4187,ES,Não reconhece operação,Golpe,Não Êxito,Parcial procedência,20205.87,18066.85,0,1,0,1,1,1
6964296-74.2025.8.07.9911,DF,Não reconhece operação,Genérico,Êxito,Improcedência,16609.87,0.0,1,1,1,1,0,1
7378411-76.2025.8.16.8173,PR,Não reconhece operação,Golpe,Êxito,Extinção,11834.32,0.0,1,1,1,0,1,1
2552781-54.2025.8.20.4353,RN,Não reconhece operação,Genérico,Êxito,Improcedência,13574.33,0.0,1,1,0,1,0,1
8317727-26.2025.8.20.1918,RN,Não reconhece operação,Golpe,Não Êxito,Parcial procedência,20168.82,16155.1,1,1,0,0,1,1
2145173-22.2025.8.26.5640,SP,Não reconhece operação,Golpe,Não Êxito,Parcial procedência,3787.31,2233.65,1,0,1,1,0,1
8362624-37.2025.8.22.4162,RO,Não reconhece operação,Golpe,Êxito,Improcedência,13199.73,0.0,1,1,1,0,1,0
1517752-31.2025.8.09.3100,GO,Não reconhece operação,Genérico,Êxito,Extinção,18584.38,0.0,1,1,0,0,1,0
9218716-69.2025.8.04.6354,AM,Não reconhece operação,Golpe,Êxito,Improcedência,9396.84,0.0,1,1,1,0,0,1
2254461-64.2025.8.18.5775,PI,Não reconhece operação,Golpe,Êxito,Extinção,17059.69,0.0,1,1,1,1,1,1
2547630-76.2025.8.25.5887,SE,Não reconhece operação,Golpe,Êxito,Improcedência,16832.02,0.0,1,1,1,0,0,0
9209094-36.2025.8.27.8075,TO,Não reconhece operação,Genérico,Não Êxito,Parcial procedência,7846.02,5735.71,1,0,1,1,1,1
3296998-41.2025.8.07.2309,DF,Não reconhece operação,Golpe,Êxito,Improcedência,15408.98,0.0,1,1,0,1,1,1
8285761-34.2025.8.07.3948,DF,Não reconhece operação,Golpe,Êxito,Improcedência,11952.49,0.0,1,1,0,1,1,0
2076988-81.2025.8.02.4037,AL,Não reconhece operação,Golpe,Êxito,Improcedência,17023.92,0.0,1,1,1,1,1,1
6582963-71.2025.8.03.7065,AP,Não reconhece operação,Genérico,Êxito,Improcedência,18268.74,0.0,0,1,0,1,1,1
1298260-49.2025.8.15.6151,PB,Não reconhece operação,Golpe,Não Êxito,Parcial procedência,16939.72,8854.89,0,1,1,1,1,0
9525988-43.2025.8.15.3135,PB,Não reconhece operação,Golpe,Êxito,Improcedência,15338.39,0.0,1,0,0,1,1,1
3380161-94.2025.8.13.0425,MG,Não reconhece operação,Genérico,Êxito,Improcedência,16399.64,0.0,1,1,1,1,1,0
1765012-90.2025.8.09.5449,GO,Não reconhece operação,Golpe,Êxito,Extinção,9211.43,0.0,1,1,1,1,1,1
3882320-10.2025.8.21.0222,RS,Não reconhece operação,Golpe,Não Êxito,Parcial procedência,14831.3,11528.57,0,1,0,0,0,1
7322586-42.2025.8.11.7903,MT,Não reconhece operação,Golpe,Êxito,Improcedência,11073.98,0.0,1,1,1,0,0,0
6880305-68.2025.8.23.0140,RR,Não reconhece operação,Golpe,Êxito,Improcedência,20043.78,0.0,0,1,1,0,1,1
5015051-45.2025.8.27.9932,TO,Não reconhece operação,Golpe,Não Êxito,Parcial procedência,18334.73,13454.1,1,1,1,0,1,0
1931745-96.2025.8.09.2355,GO,Não reconhece operação,Golpe,Êxito,Improcedência,18320.81,0.0,1,1,0,1,1,1
2181407-80.2025.8.06.9003,CE,Não reconhece operação,Genérico,Êxito,Improcedência,23390.02,0.0,1,1,1,1,1,1
6417553-90.2025.8.26.9320,SP,Não reconhece operação,Genérico,Êxito,Extinção,13363.05,0.0,1,1,0,1,0,1
1367468-69.2025.8.16.4841,PR,Não reconhece operação,Golpe,Não Êxito,Parcial procedência,12288.3,9985.08,0,0,0,1,1,1
1280671-44.2025.8.08.3661,ES,Não reconhece operação,Golpe,Não Êxito,Parcial procedência,13247.12,7105.17,1,1,0,1,1,0
4679609-44.2025.8.18.9540,PI,Não reconhece operação,Golpe,Êxito,Improcedência,7120.28,0.0,1,1,1,0,1,0
3407698-89.2025.8.14.8308,PA,Não reconhece operação,Genérico,Êxito,Extinção,7506.22,0.0,1,1,0,1,1,1
8690735-27.2025.8.25.1407,SE,Não reconhece operação,Golpe,Êxito,Improcedência,18029.84,0.0,1,1,1,0,0,0
9780413-76.2025.8.07.4298,DF,Não reconhece operação,Golpe,Êxito,Improcedência,8136.47,0.0,1,1,0,1,1,1
5340166-16.2025.8.27.4584,TO,Não reconhece operação,Golpe,Não Êxito,Procedência,9707.77,9183.97,1,1,0,0,1,0
3164367-51.2025.8.26.9545,SP,Não reconhece operação,Golpe,Êxito,Improcedência,14483.07,0.0,1,1,1,1,1,1
8975204-86.2025.8.05.3410,BA,Não reconhece operação,Golpe,Êxito,Extinção,12959.46,0.0,1,1,0,0,1,1
6622714-29.2025.8.05.6894,BA,Não reconhece operação,Genérico,Êxito,Improcedência,19327.94,0.0,0,1,1,1,1,1
5846755-49.2025.8.15.2270,PB,Não reconhece operação,Golpe,Êxito,Improcedência,15278.87,0.0,1,1,1,1,0,1
7078271-16.2025.8.02.5346,AL,Não reconhece operação,Genérico,Não Êxito,Parcial procedência,11064.24,7950.6,0,0,1,1,1,0
6526533-77.2025.8.09.5038,GO,Não reconhece operação,Golpe,Êxito,Extinção,19749.84,0.0,0,1,1,1,1,1
3966244-24.2025.8.12.1133,MS,Não reconhece operação,Genérico,Êxito,Improcedência,18558.25,0.0,1,1,0,1,1,0
7146927-81.2025.8.27.8158,TO,Não reconhece operação,Genérico,Êxito,Extinção,8058.73,0.0,1,1,0,1,0,1
3232135-57.2025.8.27.7979,TO,Não reconhece operação,Genérico,Êxito,Improcedência,16220.02,0.0,0,1,1,1,1,1
3177254-41.2025.8.05.3464,BA,Não reconhece operação,Golpe,Êxito,Extinção,11473.43,0.0,1,1,0,0,1,1
1635458-80.2025.8.25.9178,SE,Não reconhece operação,Golpe,Êxito,Extinção,11344.08,0.0,1,1,0,1,1,1
8704148-77.2025.8.04.3304,AM,Não reconhece operação,Golpe,Não Êxito,Parcial procedência,24155.6,21591.29,1,0,0,1,1,0
8519836-98.2025.8.22.0524,RO,Não reconhece operação,Golpe,Êxito,Improcedência,15591.97,0.0,1,1,1,0,0,1
3459224-75.2025.8.21.7361,RS,Não reconhece operação,Golpe,Êxito,Improcedência,13914.77,0.0,1,1,1,1,0,1
8198775-81.2025.8.25.5762,SE,Não reconhece operação,Genérico,Não Êxito,Procedência,15399.03,10769.03,0,1,0,0,0,1
2864416-29.2025.8.07.6297,DF,Não reconhece operação,Genérico,Êxito,Extinção,19271.95,0.0,1,1,1,1,1,0
9586320-72.2025.8.25.6841,SE,Não reconhece operação,Golpe,Não Êxito,Parcial procedência,11539.53,6854.84,0,1,1,1,1,0
5736019-61.2025.8.03.1912,AP,Não reconhece operação,Golpe,Êxito,Improcedência,12377.4,0.0,1,1,1,1,0,0
3702155-85.2025.8.15.5822,PB,Não reconhece operação,Genérico,Êxito,Improcedência,18204.37,0.0,1,1,1,1,1,1
4241196-93.2025.8.11.3008,MT,Não reconhece operação,Genérico,Êxito,Improcedência,7541.52,0.0,1,1,1,1,1,0
9769080-31.2025.8.09.8486,GO,Não reconhece operação,Golpe,Êxito,Extinção,19843.75,0.0,1,1,1,0,1,1
5543106-59.2025.8.01.0908,AC,Não reconhece operação,Golpe,Não Êxito,Procedência,7105.84,6237.02,1,1,0,1,1,0
7114542-41.2025.8.22.1549,RO,Não reconhece operação,Genérico,Êxito,Extinção,13776.26,0.0,1,1,0,0,1,1
1268076-47.2025.8.10.5503,MA,Não reconhece operação,Golpe,Êxito,Improcedência,7136.98,0.0,1,1,1,1,0,1
7836042-40.2025.8.16.6020,PR,Não reconhece operação,Golpe,Êxito,Improcedência,9799.34,0.0,1,1,1,1,1,1
5223751-93.2025.8.12.8124,MS,Não reconhece operação,Genérico,Êxito,Improcedência,21349.63,0.0,1,1,0,0,1,1
3423572-77.2025.8.13.3452,MG,Não reconhece operação,Genérico,Êxito,Improcedência,20107.18,0.0,1,1,1,0,0,1
3468400-62.2025.8.24.4658,SC,Não reconhece operação,Genérico,Êxito,Extinção,20631.54,0.0,1,1,0,1,1,1
8822998-54.2025.8.04.3481,AM,Não reconhece operação,Genérico,Êxito,Improcedência,7872.24,0.0,1,1,1,1,1,1
6609469-68.2025.8.20.0512,RN,Não reconhece operação,Golpe,Êxito,Improcedência,9824.83,0.0,1,1,1,1,1,0
4551280-95.2025.8.22.0003,RO,Não reconhece operação,Golpe,Êxito,Improcedência,16649.89,0.0,1,1,1,1,1,1
3464732-98.2025.8.13.0873,MG,Não reconhece operação,Golpe,Não Êxito,Procedência,18492.14,8511.43,1,0,1,0,1,1
7024651-34.2025.8.08.6409,ES,Não reconhece operação,Golpe,Não Êxito,Procedência,11059.11,9393.5,1,0,0,1,1,1
1584637-12.2025.8.01.0317,AC,Não reconhece operação,Golpe,Êxito,Improcedência,12141.52,0.0,1,1,1,1,1,1
3386012-36.2025.8.26.8929,SP,Não reconhece operação,Golpe,Êxito,Improcedência,9430.86,0.0,1,1,0,1,1,1
7132610-79.2025.8.26.3536,SP,Não reconhece operação,Golpe,Êxito,Improcedência,23118.93,0.0,1,1,0,1,1,1
8811126-94.2025.8.07.4305,DF,Não reconhece operação,Genérico,Êxito,Improcedência,12651.66,0.0,1,1,0,1,1,1
8018508-90.2025.8.01.3880,AC,Não reconhece operação,Golpe,Não Êxito,Parcial procedência,15135.74,15135.74,0,1,0,1,1,1
6916510-27.2025.8.03.9182,AP,Não reconhece operação,Golpe,Êxito,Improcedência,15392.62,0.0,0,1,1,1,1,1
3203327-45.2025.8.02.0734,AL,Não reconhece operação,Golpe,Êxito,Improcedência,20407.29,0.0,1,1,1,0,1,1
3637305-72.2025.8.21.4966,RS,Não reconhece operação,Golpe,Não Êxito,Parcial procedência,10308.6,9021.49,1,1,0,0,0,1
9692951-63.2025.8.25.1739,SE,Não reconhece operação,Genérico,Êxito,Extinção,20714.66,0.0,1,1,1,1,1,1
2044559-98.2025.8.05.3245,BA,Não reconhece operação,Golpe,Não Êxito,Procedência,8707.72,7891.66,0,1,1,1,0,1
9391412-85.2025.8.22.3886,RO,Não reconhece operação,Golpe,Êxito,Extinção,20702.19,0.0,1,1,1,0,1,1
6998904-12.2025.8.05.9013,BA,Não reconhece operação,Genérico,Êxito,Extinção,6565.5,0.0,1,0,1,0,1,1
5032329-91.2025.8.10.4277,MA,Não reconhece operação,Golpe,Êxito,Extinção,14469.16,0.0,1,1,0,0,1,0
7717214-53.2025.8.18.6159,PI,Não reconhece operação,Golpe,Êxito,Improcedência,22957.95,0.0,1,1,1,1,1,1
2334246-55.2025.8.20.5359,RN,Não reconhece operação,Golpe,Êxito,Improcedência,18403.51,0.0,1,1,0,1,1,1
9960084-15.2025.8.24.7096,SC,Não reconhece operação,Golpe,Êxito,Improcedência,17049.16,0.0,1,1,0,0,1,0
9137331-65.2025.8.02.2651,AL,Não reconhece operação,Golpe,Êxito,Improcedência,9837.79,0.0,1,1,1,1,0,1
9589308-85.2025.8.06.4654,CE,Não reconhece operação,Golpe,Êxito,Improcedência,11376.64,0.0,1,1,0,1,0,1
2149165-97.2025.8.08.6833,ES,Não reconhece operação,Golpe,Não Êxito,Procedência,21578.92,14765.66,0,0,1,1,0,1
3848536-35.2025.8.09.2121,GO,Não reconhece operação,Golpe,Êxito,Extinção,17299.89,0.0,0,1,1,1,1,1
1428699-19.2025.8.27.5444,TO,Não reconhece operação,Golpe,Êxito,Improcedência,19350.5,0.0,1,1,1,1,1,1
1224124-51.2025.8.22.6749,RO,Não reconhece operação,Golpe,Êxito,Extinção,15344.29,0.0,1,1,1,1,1,1
9569425-43.2025.8.09.2320,GO,Não reconhece operação,Genérico,Êxito,Extinção,13599.78,0.0,1,0,1,1,1,0
9397165-21.2025.8.27.7728,TO,Não reconhece operação,Golpe,Êxito,Improcedência,18744.08,0.0,0,1,1,1,0,1
5438369-20.2025.8.14.0002,PA,Não reconhece operação,Golpe,Êxito,Improcedência,16254.8,0.0,1,0,1,1,1,1
4006511-95.2025.8.14.7746,PA,Não reconhece operação,Golpe,Êxito,Extinção,14148.23,0.0,1,1,1,0,1,0
3543753-96.2025.8.12.0058,MS,Não reconhece operação,Golpe,Êxito,Improcedência,8043.89,0.0,0,1,0,1,1,1
5663277-29.2025.8.03.3294,AP,Não reconhece operação,Golpe,Êxito,Improcedência,19662.86,0.0,1,0,1,1,0,1
7663882-15.2025.8.26.3426,SP,Não reconhece operação,Genérico,Êxito,Improcedência,17141.33,0.0,1,1,0,1,1,0
3786168-80.2025.8.01.0417,AC,Não reconhece operação,Genérico,Êxito,Extinção,12007.36,0.0,1,1,0,1,1,1
8164276-64.2025.8.05.5249,BA,Não reconhece operação,Golpe,Não Êxito,Procedência,20768.59,10376.23,1,0,0,1,1,1
9757389-12.2025.8.07.9158,DF,Não reconhece operação,Golpe,Êxito,Improcedência,16178.54,0.0,1,1,1,1,1,1
4087937-93.2025.8.08.5531,ES,Não reconhece operação,Genérico,Êxito,Improcedência,16274.65,0.0,1,1,0,0,1,1
4050124-48.2025.8.03.8568,AP,Não reconhece operação,Golpe,Não Êxito,Procedência,19319.32,16649.42,0,0,0,1,1,0
5134454-22.2025.8.01.5246,AC,Não reconhece operação,Golpe,Não Êxito,Parcial procedência,18263.43,9316.93,1,0,0,0,1,1
8639294-14.2025.8.19.2949,RJ,Não reconhece operação,Golpe,Não Êxito,Procedência,16423.21,7945.34,0,0,0,1,1,0
2702860-32.2025.8.27.1642,TO,Não reconhece operação,Golpe,Não Êxito,Parcial procedência,14056.84,12623.53,0,0,1,1,1,1
8410849-38.2025.8.03.3130,AP,Não reconhece operação,Genérico,Êxito,Extinção,24715.71,0.0,1,1,0,1,1,0
4944324-34.2025.8.09.1655,GO,Não reconhece operação,Golpe,Não Êxito,Parcial procedência,11381.55,11381.55,0,0,0,1,1,1
4882553-10.2025.8.14.8741,PA,Não reconhece operação,Genérico,Êxito,Improcedência,18642.55,0.0,1,1,1,0,1,0
6225650-23.2025.8.26.7055,SP,Não reconhece operação,Golpe,Êxito,Extinção,14570.71,0.0,1,1,1,0,1,1
7654965-55.2025.8.19.9740,RJ,Não reconhece operação,Golpe,Êxito,Improcedência,17213.4,0.0,1,1,0,1,1,0
2720826-56.2025.8.22.8995,RO,Não reconhece operação,Golpe,Não Êxito,Parcial procedência,21034.4,13386.29,1,1,0,1,0,0
8225264-15.2025.8.17.9413,PE,Não reconhece operação,Golpe,Não Êxito,Parcial procedência,13453.33,8053.56,0,1,1,0,1,1
5538161-98.2025.8.12.9522,MS,Não reconhece operação,Golpe,Não Êxito,Parcial procedência,17935.31,17935.31,1,0,1,1,1,1
6686972-76.2025.8.06.4869,CE,Não reconhece operação,Golpe,Êxito,Extinção,16285.24,0.0,1,1,1,1,0,1
7154005-87.2025.8.24.8199,SC,Não reconhece operação,Golpe,Êxito,Improcedência,11835.43,0.0,1,1,1,1,0,1
7590765-58.2025.8.23.4314,RR,Não reconhece operação,Genérico,Êxito,Extinção,21155.48,0.0,1,1,0,1,1,1
1401863-70.2025.8.01.7347,AC,Não reconhece operação,Golpe,Não Êxito,Parcial procedência,18471.88,11437.84,0,1,0,0,1,1
3318082-40.2025.8.20.8668,RN,Não reconhece operação,Golpe,Êxito,Improcedência,12849.93,0.0,1,1,1,1,1,0
1547957-16.2025.8.04.3288,AM,Não reconhece operação,Golpe,Não Êxito,Procedência,20397.35,10928.2,0,1,1,0,0,0
8944944-57.2025.8.20.3623,RN,Não reconhece operação,Golpe,Êxito,Improcedência,10902.55,0.0,1,1,0,1,1,1
2046646-46.2025.8.21.7038,RS,Não reconhece operação,Genérico,Não Êxito,Procedência,14840.22,9211.01,0,1,0,1,1,1
1062089-51.2025.8.03.9018,AP,Não reconhece operação,Genérico,Êxito,Extinção,12876.06,0.0,1,1,1,1,1,1
1206121-73.2025.8.12.9724,MS,Não reconhece operação,Genérico,Êxito,Extinção,18668.76,0.0,1,1,1,0,1,1
6072604-36.2025.8.03.1983,AP,Não reconhece operação,Golpe,Êxito,Improcedência,12628.47,0.0,1,1,1,1,1,0
3301016-27.2025.8.17.6477,PE,Não reconhece operação,Golpe,Êxito,Extinção,18703.95,0.0,1,1,0,0,0,1
3273550-90.2025.8.26.5511,SP,Não reconhece operação,Golpe,Êxito,Improcedência,17899.11,0.0,0,1,0,1,1,1
2250704-65.2025.8.04.5099,AM,Não reconhece operação,Golpe,Êxito,Improcedência,13140.91,0.0,1,1,1,1,0,1
7966133-95.2025.8.13.8967,MG,Não reconhece operação,Golpe,Êxito,Improcedência,23960.32,0.0,1,1,0,0,1,1
9470482-81.2025.8.27.3596,TO,Não reconhece operação,Golpe,Não Êxito,Parcial procedência,11325.45,8954.65,0,1,0,0,0,0
5094923-97.2025.8.09.4454,GO,Não reconhece operação,Golpe,Êxito,Improcedência,8068.39,0.0,1,1,0,1,1,1
8837901-38.2025.8.03.2784,AP,Não reconhece operação,Golpe,Êxito,Extinção,19182.93,0.0,1,1,1,0,1,1
7376855-21.2025.8.14.5752,PA,Não reconhece operação,Golpe,Êxito,Extinção,4435.4,0.0,0,1,1,1,0,1
3936790-64.2025.8.14.2434,PA,Não reconhece operação,Genérico,Não Êxito,Parcial procedência,22302.29,11338.02,1,1,0,1,0,1
3531686-41.2025.8.16.1736,PR,Não reconhece operação,Genérico,Não Êxito,Parcial procedência,15481.48,8625.66,0,1,0,0,0,1
6860957-98.2025.8.09.4851,GO,Não reconhece operação,Golpe,Não Êxito,Parcial procedência,7980.21,4097.05,1,0,0,0,0,1
5602430-44.2025.8.26.0295,SP,Não reconhece operação,Genérico,Não Êxito,Parcial procedência,10328.23,8336.64,0,1,0,1,1,1
2365718-60.2025.8.15.6199,PB,Não reconhece operação,Golpe,Êxito,Improcedência,6963.99,0.0,1,1,1,0,1,1
2558961-66.2025.8.08.2988,ES,Não reconhece operação,Genérico,Êxito,Improcedência,16860.94,0.0,1,0,1,1,1,0
3676834-47.2025.8.26.5598,SP,Não reconhece operação,Genérico,Êxito,Improcedência,8471.24,0.0,1,1,1,0,0,0
1658247-74.2025.8.25.5350,SE,Não reconhece operação,Golpe,Não Êxito,Procedência,17445.86,13172.68,0,1,0,0,0,1
5083720-76.2025.8.14.5221,PA,Não reconhece operação,Genérico,Êxito,Improcedência,13486.47,0.0,1,0,1,0,0,1
4890939-73.2025.8.01.7555,AC,Não reconhece operação,Genérico,Não Êxito,Procedência,12649.66,10874.37,0,1,0,0,0,0
3792724-65.2025.8.18.5785,PI,Não reconhece operação,Genérico,Não Êxito,Parcial procedência,17481.47,12065.92,1,0,0,0,1,1
4623283-20.2025.8.15.9252,PB,Não reconhece operação,Genérico,Êxito,Improcedência,18041.66,0.0,1,1,0,1,1,0
9840621-53.2025.8.05.5370,BA,Não reconhece operação,Golpe,Não Êxito,Parcial procedência,20604.46,20290.99,0,1,0,1,1,1
2754503-49.2025.8.16.1855,PR,Não reconhece operação,Golpe,Êxito,Improcedência,11872.35,0.0,1,1,1,1,1,1
5264219-67.2025.8.21.0411,RS,Não reconhece operação,Genérico,Êxito,Improcedência,14835.92,0.0,1,1,1,0,1,1
2886655-36.2025.8.04.2400,AM,Não reconhece operação,Golpe,Não Êxito,Parcial procedência,11864.75,8627.44,1,0,0,1,1,0
3951863-55.2025.8.20.7990,RN,Não reconhece operação,Golpe,Êxito,Improcedência,15781.95,0.0,1,1,1,0,0,1
8313215-31.2025.8.03.2509,AP,Não reconhece operação,Golpe,Não Êxito,Parcial procedência,11163.25,8892.51,1,1,1,1,1,1
3077781-62.2025.8.22.6156,RO,Não reconhece operação,Golpe,Êxito,Improcedência,12901.22,0.0,1,1,0,0,1,0
7028499-30.2025.8.12.4550,MS,Não reconhece operação,Golpe,Não Êxito,Procedência,12926.23,11659.72,1,1,0,1,0,0
2476666-51.2025.8.01.5415,AC,Não reconhece operação,Genérico,Êxito,Improcedência,16421.67,0.0,1,1,1,0,1,1
1710356-92.2025.8.27.0057,TO,Não reconhece operação,Golpe,Êxito,Improcedência,14996.69,0.0,1,1,1,0,1,1
3815520-60.2025.8.05.6575,BA,Não reconhece operação,Genérico,Êxito,Improcedência,17466.53,0.0,1,1,1,1,1,1
1136331-73.2025.8.18.9754,PI,Não reconhece operação,Genérico,Êxito,Extinção,14457.18,0.0,1,0,0,1,1,1
3325930-89.2025.8.05.4705,BA,Não reconhece operação,Golpe,Êxito,Improcedência,12137.44,0.0,1,1,1,1,1,1
7186014-57.2025.8.26.5739,SP,Não reconhece operação,Golpe,Êxito,Extinção,15920.79,0.0,1,1,1,0,1,1
6039820-98.2025.8.20.7982,RN,Não reconhece operação,Golpe,Êxito,Extinção,10481.72,0.0,1,1,1,0,1,0
5543395-53.2025.8.23.6438,RR,Não reconhece operação,Genérico,Êxito,Improcedência,17774.96,0.0,1,1,0,1,0,0
6114683-61.2025.8.12.3135,MS,Não reconhece operação,Genérico,Êxito,Improcedência,13581.46,0.0,1,1,0,1,0,0
5806362-43.2025.8.11.3937,MT,Não reconhece operação,Golpe,Êxito,Extinção,15985.74,0.0,0,1,1,1,1,1
8532659-55.2025.8.16.8209,PR,Não reconhece operação,Golpe,Êxito,Improcedência,16061.81,0.0,1,1,0,1,0,1
1522589-62.2025.8.23.4841,RR,Não reconhece operação,Golpe,Êxito,Extinção,22840.71,0.0,1,0,1,0,1,1
1861812-82.2025.8.21.8911,RS,Não reconhece operação,Golpe,Êxito,Extinção,16854.56,0.0,1,0,1,1,1,1
9350766-87.2025.8.01.9349,AC,Não reconhece operação,Genérico,Êxito,Extinção,15341.47,0.0,1,0,1,0,1,1
1633641-52.2025.8.16.7431,PR,Não reconhece operação,Genérico,Não Êxito,Parcial procedência,11584.84,6534.02,0,0,1,0,0,1
7620223-18.2025.8.04.2036,AM,Não reconhece operação,Golpe,Não Êxito,Procedência,18919.37,14823.39,0,1,1,0,0,1
9818413-92.2025.8.08.1061,ES,Não reconhece operação,Genérico,Não Êxito,Parcial procedência,13656.34,12731.62,0,1,1,1,0,1
8816568-52.2025.8.21.8712,RS,Não reconhece operação,Golpe,Não Êxito,Procedência,7496.91,4411.18,1,0,1,1,1,1
4368371-56.2025.8.07.3244,DF,Não reconhece operação,Genérico,Êxito,Extinção,14024.93,0.0,1,0,1,0,1,1
1369968-82.2025.8.23.9848,RR,Não reconhece operação,Golpe,Êxito,Extinção,15921.8,0.0,1,0,1,0,1,1
2867337-62.2025.8.11.4141,MT,Não reconhece operação,Golpe,Êxito,Improcedência,10965.92,0.0,1,1,0,0,1,1
8933171-41.2025.8.07.8593,DF,Não reconhece operação,Genérico,Êxito,Improcedência,14402.3,0.0,1,1,1,1,1,1
6945149-84.2025.8.10.9035,MA,Não reconhece operação,Golpe,Êxito,Extinção,14631.44,0.0,1,0,1,1,1,1
2163362-32.2025.8.15.9824,PB,Não reconhece operação,Golpe,Êxito,Improcedência,14707.86,0.0,1,0,0,0,1,1
5989534-13.2025.8.22.1748,RO,Não reconhece operação,Genérico,Não Êxito,Parcial procedência,21040.38,12055.7,0,1,1,0,1,1
9946362-77.2025.8.18.4320,PI,Não reconhece operação,Golpe,Não Êxito,Procedência,8546.59,5431.62,1,0,0,1,1,1
5538897-52.2025.8.26.6636,SP,Não reconhece operação,Golpe,Êxito,Extinção,24961.73,0.0,1,1,0,0,1,1
1603886-23.2025.8.24.5454,SC,Não reconhece operação,Golpe,Não Êxito,Parcial procedência,14821.08,14421.02,0,0,0,1,1,1
4783732-37.2025.8.22.3139,RO,Não reconhece operação,Golpe,Êxito,Improcedência,17829.19,0.0,1,1,1,1,1,1
9185792-19.2025.8.18.3823,PI,Não reconhece operação,Golpe,Não Êxito,Procedência,15609.46,14173.63,1,0,1,1,1,1
9680076-51.2025.8.08.3231,ES,Não reconhece operação,Golpe,Êxito,Extinção,6512.88,0.0,1,1,0,1,1,0
4464654-64.2025.8.12.2324,MS,Não reconhece operação,Genérico,Êxito,Improcedência,9797.74,0.0,1,1,0,1,1,0
7576499-81.2025.8.03.2895,AP,Não reconhece operação,Golpe,Êxito,Improcedência,12409.66,0.0,1,1,1,1,0,1
3670083-43.2025.8.13.2712,MG,Não reconhece operação,Golpe,Êxito,Improcedência,19858.21,0.0,1,1,0,1,1,0
1017890-45.2025.8.26.4780,SP,Não reconhece operação,Genérico,Êxito,Extinção,8189.56,0.0,1,1,1,1,1,1
6197258-24.2025.8.12.7220,MS,Não reconhece operação,Golpe,Não Êxito,Parcial procedência,10783.23,6899.46,1,0,0,1,1,1
1347166-57.2025.8.03.9718,AP,Não reconhece operação,Genérico,Êxito,Improcedência,15791.09,0.0,1,1,0,1,1,1
1941821-40.2025.8.16.1588,PR,Não reconhece operação,Golpe,Êxito,Improcedência,17302.42,0.0,1,0,1,0,1,0
2471523-89.2025.8.26.8807,SP,Não reconhece operação,Genérico,Êxito,Improcedência,17154.55,0.0,0,1,0,1,1,1
5423640-58.2025.8.24.6993,SC,Não reconhece operação,Golpe,Êxito,Improcedência,10153.84,0.0,1,1,0,1,0,1
6661736-47.2025.8.08.5000,ES,Não reconhece operação,Golpe,Êxito,Extinção,7141.11,0.0,1,1,0,1,1,1
2553163-20.2025.8.11.3918,MT,Não reconhece operação,Genérico,Êxito,Extinção,17627.27,0.0,1,1,1,0,1,1
1758933-56.2025.8.15.4413,PB,Não reconhece operação,Golpe,Êxito,Improcedência,22014.3,0.0,0,1,0,0,0,1
6495447-33.2025.8.07.9698,DF,Não reconhece operação,Golpe,Não Êxito,Procedência,13287.85,9299.71,1,0,0,0,1,1
8108519-51.2025.8.08.8646,ES,Não reconhece operação,Golpe,Não Êxito,Parcial procedência,9365.4,4815.36,1,0,1,0,1,1
6918980-41.2025.8.07.1462,DF,Não reconhece operação,Golpe,Não Êxito,Procedência,12872.84,11108.18,1,1,0,1,1,1
3454524-49.2025.8.27.0377,TO,Não reconhece operação,Golpe,Não Êxito,Parcial procedência,16915.79,16915.79,1,0,1,0,1,1
2003096-20.2025.8.22.6860,RO,Não reconhece operação,Golpe,Êxito,Extinção,13838.2,0.0,1,1,0,1,1,0
2645703-89.2025.8.21.2373,RS,Não reconhece operação,Golpe,Não Êxito,Parcial procedência,21887.06,16569.8,1,1,0,0,0,1
7723776-64.2025.8.21.8080,RS,Não reconhece operação,Golpe,Não Êxito,Procedência,19520.87,13812.34,0,1,1,0,1,1
9846179-48.2025.8.26.6273,SP,Não reconhece operação,Golpe,Êxito,Improcedência,15886.71,0.0,1,1,0,0,0,1
6287556-47.2025.8.04.6669,AM,Não reconhece operação,Golpe,Êxito,Improcedência,5392.65,0.0,1,1,1,1,1,1
6246875-53.2025.8.24.6658,SC,Não reconhece operação,Golpe,Êxito,Improcedência,11585.37,0.0,1,1,1,1,1,1
1456031-23.2025.8.02.5914,AL,Não reconhece operação,Golpe,Êxito,Extinção,12293.14,0.0,1,1,1,1,1,1
6263290-79.2025.8.11.9758,MT,Não reconhece operação,Golpe,Êxito,Extinção,11318.67,0.0,1,1,1,1,1,1
5125740-72.2025.8.18.6591,PI,Não reconhece operação,Golpe,Êxito,Extinção,15918.52,0.0,1,1,0,0,1,1
3281782-50.2025.8.10.0952,MA,Não reconhece operação,Golpe,Êxito,Improcedência,16019.7,0.0,0,1,1,0,1,0
2212652-64.2025.8.03.8292,AP,Não reconhece operação,Golpe,Não Êxito,Procedência,6767.78,5012.03,0,1,0,1,1,0
9514494-41.2025.8.06.6596,CE,Não reconhece operação,Golpe,Não Êxito,Parcial procedência,18930.22,9623.36,0,0,0,0,1,1
9831858-54.2025.8.21.8622,RS,Não reconhece operação,Golpe,Êxito,Improcedência,15061.31,0.0,1,1,0,1,0,1
1850611-11.2025.8.09.6502,GO,Não reconhece operação,Golpe,Não Êxito,Procedência,16737.08,16737.08,1,1,1,1,1,0
7349785-76.2025.8.09.2121,GO,Não reconhece operação,Golpe,Não Êxito,Parcial procedência,18636.93,12944.99,1,1,0,1,1,1
6126075-15.2025.8.25.6531,SE,Não reconhece operação,Genérico,Êxito,Improcedência,11218.8,0.0,1,1,1,1,0,1
8401085-38.2025.8.03.0562,AP,Não reconhece operação,Golpe,Não Êxito,Parcial procedência,21159.44,20034.04,1,1,0,0,1,1
6634854-28.2025.8.25.3819,SE,Não reconhece operação,Golpe,Êxito,Improcedência,14286.44,0.0,1,0,1,0,1,1
4930728-65.2025.8.25.3001,SE,Não reconhece operação,Golpe,Êxito,Improcedência,22404.01,0.0,1,1,0,0,0,1
1366374-37.2025.8.18.6859,PI,Não reconhece operação,Golpe,Êxito,Extinção,10595.81,0.0,1,1,1,1,1,1
4635186-90.2025.8.05.3372,BA,Não reconhece operação,Golpe,Não Êxito,Procedência,22039.43,21367.53,0,1,1,1,1,1
6306122-64.2025.8.05.0650,BA,Não reconhece operação,Golpe,Êxito,Improcedência,10546.49,0.0,1,1,0,1,1,1
6047350-97.2025.8.08.6427,ES,Não reconhece operação,Golpe,Êxito,Improcedência,27488.65,0.0,1,1,1,1,1,1
4935400-83.2025.8.17.1518,PE,Não reconhece operação,Golpe,Não Êxito,Parcial procedência,10311.7,5444.14,1,1,0,1,1,1
3478924-14.2025.8.05.8109,BA,Não reconhece operação,Genérico,Não Êxito,Parcial procedência,20166.69,18239.42,1,0,0,1,1,1
4852449-64.2025.8.11.5932,MT,Não reconhece operação,Genérico,Êxito,Improcedência,13203.98,0.0,0,1,1,0,0,1
7554528-88.2025.8.03.4907,AP,Não reconhece operação,Golpe,Êxito,Improcedência,18490.69,0.0,1,1,1,1,1,1
6945988-24.2025.8.15.7872,PB,Não reconhece operação,Golpe,Não Êxito,Procedência,14783.34,6356.51,0,1,1,0,1,1
5137095-65.2025.8.01.6503,AC,Não reconhece operação,Genérico,Não Êxito,Procedência,9627.7,8346.59,0,0,0,1,1,1
3876464-94.2025.8.20.2684,RN,Não reconhece operação,Golpe,Êxito,Extinção,1258.61,0.0,1,1,0,1,1,0
3389689-37.2025.8.02.4063,AL,Não reconhece operação,Genérico,Êxito,Extinção,27286.49,0.0,1,1,1,0,0,1
4205752-74.2025.8.06.0236,CE,Não reconhece operação,Golpe,Êxito,Improcedência,15340.51,0.0,1,0,0,0,1,0
6395554-62.2025.8.05.0243,BA,Não reconhece operação,Genérico,Êxito,Extinção,1000.0,0.0,1,1,1,0,1,1
9015475-13.2025.8.21.6829,RS,Não reconhece operação,Genérico,Não Êxito,Parcial procedência,16467.04,11118.59,1,0,0,0,1,1
4176527-96.2025.8.02.8262,AL,Não reconhece operação,Golpe,Não Êxito,Parcial procedência,18365.88,12745.17,0,1,0,1,0,1
6577389-13.2025.8.12.6142,MS,Não reconhece operação,Golpe,Não Êxito,Parcial procedência,11473.41,8639.72,1,1,0,0,1,0
4980186-69.2025.8.17.3098,PE,Não reconhece operação,Golpe,Não Êxito,Procedência,11506.41,6141.43,0,0,1,0,0,1
1895716-24.2025.8.14.5858,PA,Não reconhece operação,Golpe,Êxito,Extinção,14884.83,0.0,1,1,1,1,1,1
8186073-46.2025.8.19.3142,RJ,Não reconhece operação,Golpe,Êxito,Improcedência,20883.13,0.0,0,1,1,1,1,1
7783118-97.2025.8.23.8801,RR,Não reconhece operação,Genérico,Êxito,Improcedência,15472.68,0.0,1,1,1,1,1,1
3864456-79.2025.8.13.1130,MG,Não reconhece operação,Golpe,Êxito,Improcedência,22162.0,0.0,1,1,1,0,1,1
1764351-81.2025.8.21.8566,RS,Não reconhece operação,Golpe,Não Êxito,Parcial procedência,20532.9,18258.76,1,0,0,0,1,0
5252916-55.2025.8.09.6861,GO,Não reconhece operação,Genérico,Êxito,Extinção,13859.58,0.0,1,1,1,0,1,1
7030788-59.2025.8.27.4019,TO,Não reconhece operação,Golpe,Não Êxito,Procedência,7275.89,4596.48,0,0,1,1,1,0
4034242-39.2025.8.14.5581,PA,Não reconhece operação,Golpe,Êxito,Improcedência,13869.96,0.0,1,1,0,1,1,1
4233638-47.2025.8.20.2920,RN,Não reconhece operação,Genérico,Êxito,Improcedência,17565.56,0.0,1,1,1,1,0,0
2760352-82.2025.8.24.8241,SC,Não reconhece operação,Golpe,Êxito,Improcedência,15276.08,0.0,1,1,1,1,0,0
7299876-41.2025.8.23.8519,RR,Não reconhece operação,Golpe,Êxito,Extinção,18095.21,0.0,1,1,0,1,1,1
4183416-27.2025.8.21.9333,RS,Não reconhece operação,Golpe,Êxito,Improcedência,19218.85,0.0,1,0,1,1,1,0
6428189-44.2025.8.15.3496,PB,Não reconhece operação,Genérico,Êxito,Improcedência,17587.03,0.0,1,1,1,1,0,0
8730210-75.2025.8.02.1665,AL,Não reconhece operação,Golpe,Êxito,Extinção,13631.2,0.0,1,1,1,1,1,1
7302444-93.2025.8.14.0764,PA,Não reconhece operação,Golpe,Êxito,Extinção,17533.18,0.0,1,1,1,0,0,1
3918705-45.2025.8.05.1274,BA,Não reconhece operação,Golpe,Êxito,Improcedência,25951.35,0.0,1,1,1,1,1,1
5370753-79.2025.8.25.5214,SE,Não reconhece operação,Golpe,Não Êxito,Parcial procedência,7671.6,7574.23,0,0,1,1,0,1
8141012-30.2025.8.07.4631,DF,Não reconhece operação,Genérico,Êxito,Extinção,17373.23,0.0,1,1,1,1,1,1
3123089-23.2025.8.07.9446,DF,Não reconhece operação,Golpe,Êxito,Extinção,23971.53,0.0,1,1,0,0,1,1
9963490-27.2025.8.07.1789,DF,Não reconhece operação,Genérico,Êxito,Extinção,9218.67,0.0,1,1,1,0,1,1
8247373-84.2025.8.16.5458,PR,Não reconhece operação,Golpe,Êxito,Extinção,19894.43,0.0,1,1,1,1,1,1
8846659-33.2025.8.17.3208,PE,Não reconhece operação,Golpe,Não Êxito,Parcial procedência,20550.06,8287.7,1,0,1,0,1,1
6940088-56.2025.8.26.6196,SP,Não reconhece operação,Genérico,Êxito,Extinção,7735.55,0.0,1,1,0,0,0,1
3074480-93.2025.8.12.3629,MS,Não reconhece operação,Golpe,Êxito,Extinção,18477.64,0.0,1,1,1,1,1,0
2509797-33.2025.8.08.4818,ES,Não reconhece operação,Golpe,Êxito,Extinção,13650.89,0.0,1,1,0,1,1,1
7347763-78.2025.8.02.0301,AL,Não reconhece operação,Genérico,Êxito,Extinção,14685.6,0.0,1,1,1,1,1,1
6123653-12.2025.8.01.3747,AC,Não reconhece operação,Golpe,Não Êxito,Parcial procedência,13387.69,8453.77,0,0,0,1,1,1
2081521-39.2025.8.13.9578,MG,Não reconhece operação,Golpe,Êxito,Improcedência,21423.34,0.0,1,1,1,1,1,0
2078041-13.2025.8.25.8331,SE,Não reconhece operação,Genérico,Êxito,Extinção,14432.03,0.0,1,1,1,1,1,1
8569131-78.2025.8.15.3094,PB,Não reconhece operação,Golpe,Êxito,Improcedência,12708.79,0.0,1,1,1,1,0,1
8175296-63.2025.8.25.0781,SE,Não reconhece operação,Golpe,Êxito,Extinção,12791.9,0.0,1,0,1,1,0,1
4927103-67.2025.8.04.4967,AM,Não reconhece operação,Golpe,Não Êxito,Parcial procedência,13309.01,13309.01,0,0,0,1,1,1
9688530-41.2025.8.04.2644,AM,Não reconhece operação,Golpe,Não Êxito,Procedência,9685.09,9685.09,1,1,0,1,0,1
3786883-44.2025.8.21.9476,RS,Não reconhece operação,Golpe,Êxito,Improcedência,12665.51,0.0,1,1,0,1,1,1
6926082-19.2025.8.04.3552,AM,Não reconhece operação,Golpe,Êxito,Improcedência,15559.58,0.0,1,1,1,1,1,1
2254933-60.2025.8.02.3479,AL,Não reconhece operação,Golpe,Êxito,Improcedência,16966.43,0.0,1,1,0,1,0,1
5723829-81.2025.8.13.9737,MG,Não reconhece operação,Golpe,Êxito,Improcedência,20890.22,0.0,0,1,1,0,0,0
1934931-69.2025.8.25.7234,SE,Não reconhece operação,Golpe,Não Êxito,Procedência,16164.64,11150.52,1,0,0,1,1,1
9114652-14.2025.8.19.5010,RJ,Não reconhece operação,Golpe,Não Êxito,Parcial procedência,12654.05,9422.56,0,0,0,1,1,0
2820647-66.2025.8.04.2322,AM,Não reconhece operação,Golpe,Êxito,Improcedência,10021.19,0.0,1,1,1,1,1,1
5789779-94.2025.8.21.7912,RS,Não reconhece operação,Genérico,Não Êxito,Procedência,16427.19,6386.86,0,1,0,1,1,1
2485525-15.2025.8.21.1727,RS,Não reconhece operação,Golpe,Êxito,Extinção,14406.27,0.0,1,1,1,1,1,1
6656253-67.2025.8.23.9296,RR,Não reconhece operação,Golpe,Êxito,Improcedência,14568.46,0.0,1,1,1,1,1,1
3391300-71.2025.8.25.1789,SE,Não reconhece operação,Genérico,Êxito,Improcedência,16270.38,0.0,0,1,1,1,0,1
6753295-98.2025.8.07.3027,DF,Não reconhece operação,Golpe,Êxito,Improcedência,17530.75,0.0,1,1,0,0,1,1
5323261-48.2025.8.27.8794,TO,Não reconhece operação,Golpe,Não Êxito,Parcial procedência,16305.74,14774.75,1,0,1,1,1,1
9226158-62.2025.8.09.5688,GO,Não reconhece operação,Genérico,Êxito,Improcedência,14145.49,0.0,0,1,1,1,0,1
7268564-65.2025.8.23.4820,RR,Não reconhece operação,Golpe,Não Êxito,Parcial procedência,11049.94,7929.29,1,0,0,1,1,1
7228087-73.2025.8.17.6203,PE,Não reconhece operação,Golpe,Êxito,Improcedência,11975.36,0.0,1,1,1,0,1,0
5071850-70.2025.8.23.6627,RR,Não reconhece operação,Golpe,Êxito,Improcedência,19144.47,0.0,1,1,0,1,1,1
7840052-36.2025.8.18.9371,PI,Não reconhece operação,Golpe,Não Êxito,Parcial procedência,12903.72,10540.56,0,1,1,0,0,1
1560807-11.2025.8.16.3706,PR,Não reconhece operação,Golpe,Não Êxito,Parcial procedência,8377.38,5686.04,0,0,1,1,0,1
1489880-86.2025.8.18.0097,PI,Não reconhece operação,Genérico,Êxito,Extinção,20672.04,0.0,1,1,0,1,1,1
9775753-97.2025.8.23.2819,RR,Não reconhece operação,Golpe,Êxito,Improcedência,10358.1,0.0,1,1,1,1,1,0
2218279-85.2025.8.20.0270,RN,Não reconhece operação,Genérico,Êxito,Improcedência,15155.14,0.0,1,1,0,0,0,1
9057963-13.2025.8.03.7143,AP,Não reconhece operação,Genérico,Êxito,Extinção,17392.25,0.0,1,1,0,0,0,0
5468682-71.2025.8.21.7579,RS,Não reconhece operação,Golpe,Não Êxito,Procedência,14997.99,12345.59,0,1,0,0,1,1
4187654-18.2025.8.15.8019,PB,Não reconhece operação,Genérico,Êxito,Extinção,2822.38,0.0,1,1,1,1,1,1
8847643-44.2025.8.09.4769,GO,Não reconhece operação,Genérico,Êxito,Extinção,16898.25,0.0,1,1,0,0,0,1
9478583-35.2025.8.14.9169,PA,Não reconhece operação,Genérico,Êxito,Extinção,21490.93,0.0,1,0,1,1,1,1
8268609-87.2025.8.27.4966,TO,Não reconhece operação,Golpe,Êxito,Improcedência,18841.58,0.0,1,1,1,1,1,1
5857378-54.2025.8.24.5366,SC,Não reconhece operação,Golpe,Não Êxito,Parcial procedência,4560.1,2546.73,0,1,1,1,1,1
8837125-26.2025.8.21.4170,RS,Não reconhece operação,Golpe,Êxito,Improcedência,25420.23,0.0,1,1,1,0,1,0
7808090-31.2025.8.11.5418,MT,Não reconhece operação,Golpe,Êxito,Improcedência,8476.46,0.0,1,1,1,1,1,1
8702661-88.2025.8.23.1678,RR,Não reconhece operação,Golpe,Não Êxito,Parcial procedência,9690.57,8575.77,0,0,1,1,1,1
9471754-61.2025.8.13.4175,MG,Não reconhece operação,Golpe,Não Êxito,Parcial procedência,18818.74,15679.2,0,1,1,1,0,1
2865079-68.2025.8.19.8289,RJ,Não reconhece operação,Golpe,Êxito,Improcedência,17204.21,0.0,1,1,0,1,1,1
3739960-33.2025.8.16.3416,PR,Não reconhece operação,Genérico,Êxito,Improcedência,15376.38,0.0,0,0,1,1,0,1
8792985-17.2025.8.07.5064,DF,Não reconhece operação,Golpe,Êxito,Improcedência,12188.21,0.0,1,1,1,0,1,1
2398024-76.2025.8.08.5346,ES,Não reconhece operação,Golpe,Êxito,Improcedência,21512.49,0.0,0,1,1,1,1,1
5858724-45.2025.8.02.3661,AL,Não reconhece operação,Golpe,Êxito,Improcedência,14789.23,0.0,1,1,1,1,0,1
5032050-78.2025.8.03.7335,AP,Não reconhece operação,Golpe,Êxito,Improcedência,7298.99,0.0,1,1,0,1,0,1
5844238-59.2025.8.12.4801,MS,Não reconhece operação,Golpe,Êxito,Improcedência,21028.89,0.0,1,1,0,1,1,0
2808354-81.2025.8.11.7128,MT,Não reconhece operação,Golpe,Êxito,Improcedência,16058.19,0.0,1,1,1,1,1,1
4851732-86.2025.8.05.1583,BA,Não reconhece operação,Golpe,Êxito,Improcedência,20453.35,0.0,1,1,0,1,1,0
4357875-78.2025.8.12.3650,MS,Não reconhece operação,Golpe,Êxito,Extinção,17791.6,0.0,1,1,1,1,0,1
6388480-56.2025.8.18.1724,PI,Não reconhece operação,Golpe,Não Êxito,Parcial procedência,26717.49,20966.07,1,0,0,1,1,1
8589800-61.2025.8.07.7637,DF,Não reconhece operação,Golpe,Êxito,Improcedência,13461.22,0.0,1,1,1,0,0,0
4153005-62.2025.8.10.4448,MA,Não reconhece operação,Golpe,Êxito,Improcedência,15061.16,0.0,1,1,1,1,1,1
1389413-43.2025.8.10.7912,MA,Não reconhece operação,Golpe,Êxito,Extinção,18514.28,0.0,1,1,1,1,1,1
3183305-17.2025.8.14.6239,PA,Não reconhece operação,Golpe,Êxito,Improcedência,13491.53,0.0,0,1,1,0,1,1
2141066-95.2025.8.10.6459,MA,Não reconhece operação,Golpe,Não Êxito,Parcial procedência,18920.6,18920.6,0,1,0,1,1,1
8636157-25.2025.8.20.9837,RN,Não reconhece operação,Golpe,Êxito,Improcedência,1000.0,0.0,1,1,1,0,0,1
7794432-46.2025.8.09.2475,GO,Não reconhece operação,Genérico,Não Êxito,Parcial procedência,14625.06,7895.51,1,0,1,0,1,1
5203943-39.2025.8.12.4517,MS,Não reconhece operação,Genérico,Êxito,Extinção,14476.83,0.0,1,1,1,0,0,0
2573734-26.2025.8.13.6969,MG,Não reconhece operação,Genérico,Não Êxito,Procedência,14299.09,6897.53,1,0,0,1,1,1
7685165-45.2025.8.05.4452,BA,Não reconhece operação,Golpe,Não Êxito,Parcial procedência,10679.26,6652.43,0,1,0,0,1,1
3878520-91.2025.8.19.2839,RJ,Não reconhece operação,Golpe,Êxito,Extinção,19428.39,0.0,1,1,0,1,0,1
6357102-28.2025.8.07.5866,DF,Não reconhece operação,Golpe,Êxito,Improcedência,12506.96,0.0,1,1,0,1,1,1
1957413-32.2025.8.09.9004,GO,Não reconhece operação,Genérico,Êxito,Improcedência,15964.91,0.0,1,1,0,0,1,1
2531753-18.2025.8.23.8904,RR,Não reconhece operação,Genérico,Êxito,Improcedência,14799.84,0.0,1,1,1,1,1,1
1593841-56.2025.8.26.1861,SP,Não reconhece operação,Genérico,Não Êxito,Parcial procedência,17437.4,10446.8,0,1,1,0,1,1
9141186-93.2025.8.19.7525,RJ,Não reconhece operação,Genérico,Êxito,Improcedência,22003.68,0.0,1,1,1,1,0,1
1112335-71.2025.8.25.5850,SE,Não reconhece operação,Golpe,Êxito,Improcedência,15939.54,0.0,1,1,1,1,1,1
2149950-92.2025.8.24.9896,SC,Não reconhece operação,Genérico,Êxito,Improcedência,19110.79,0.0,1,1,0,1,1,1
2424023-20.2025.8.11.9086,MT,Não reconhece operação,Genérico,Êxito,Improcedência,15693.05,0.0,0,1,1,0,1,0
6826396-68.2025.8.22.8765,RO,Não reconhece operação,Golpe,Êxito,Extinção,12499.29,0.0,1,1,1,1,1,1
7292912-23.2025.8.09.5226,GO,Não reconhece operação,Genérico,Êxito,Extinção,14287.59,0.0,0,1,0,0,0,1
1981215-93.2025.8.11.7997,MT,Não reconhece operação,Golpe,Êxito,Improcedência,13590.9,0.0,0,1,1,1,0,1
8408347-35.2025.8.15.2949,PB,Não reconhece operação,Genérico,Êxito,Improcedência,17770.07,0.0,1,1,1,0,1,1
6747903-87.2025.8.26.5760,SP,Não reconhece operação,Genérico,Não Êxito,Procedência,15505.52,9378.12,0,0,1,1,1,1
7134671-52.2025.8.21.8625,RS,Não reconhece operação,Golpe,Êxito,Extinção,11084.87,0.0,1,1,0,0,1,0
8729833-70.2025.8.14.4862,PA,Não reconhece operação,Golpe,Êxito,Improcedência,13893.06,0.0,1,1,1,1,0,1
4671955-39.2025.8.16.6980,PR,Não reconhece operação,Golpe,Êxito,Improcedência,7494.77,0.0,1,1,1,1,1,1
4099542-86.2025.8.06.8996,CE,Não reconhece operação,Genérico,Êxito,Extinção,14076.38,0.0,1,1,1,0,1,0
6245672-50.2025.8.23.8137,RR,Não reconhece operação,Genérico,Não Êxito,Parcial procedência,14988.6,9353.68,1,0,0,1,1,0
5305942-22.2025.8.15.0459,PB,Não reconhece operação,Golpe,Êxito,Improcedência,23855.95,0.0,1,1,1,1,0,1
2901204-67.2025.8.15.1022,PB,Não reconhece operação,Genérico,Êxito,Improcedência,21598.83,0.0,1,0,1,0,1,0
9334377-23.2025.8.22.5219,RO,Não reconhece operação,Golpe,Não Êxito,Parcial procedência,9908.16,9908.16,1,0,0,0,1,1
6202070-45.2025.8.16.1564,PR,Não reconhece operação,Golpe,Êxito,Improcedência,15972.24,0.0,1,1,0,0,0,1
9591369-89.2025.8.02.9156,AL,Não reconhece operação,Golpe,Êxito,Improcedência,16058.31,0.0,1,1,1,0,0,1
7414874-88.2025.8.08.6422,ES,Não reconhece operação,Golpe,Êxito,Extinção,13851.47,0.0,1,1,1,0,1,0
9977337-89.2025.8.05.7593,BA,Não reconhece operação,Golpe,Não Êxito,Parcial procedência,14164.28,11259.0,0,1,1,1,0,1
1346286-70.2025.8.20.0359,RN,Não reconhece operação,Golpe,Não Êxito,Parcial procedência,13245.42,7468.05,0,1,0,1,1,1
4021322-72.2025.8.01.3140,AC,Não reconhece operação,Golpe,Êxito,Extinção,24171.27,0.0,1,1,1,0,1,1
2035405-34.2025.8.06.6864,CE,Não reconhece operação,Golpe,Êxito,Improcedência,12940.05,0.0,1,1,0,0,1,1
6979762-60.2025.8.18.1013,PI,Não reconhece operação,Genérico,Êxito,Improcedência,16655.12,0.0,1,1,0,1,1,1
1447331-52.2025.8.19.3225,RJ,Não reconhece operação,Golpe,Não Êxito,Procedência,2572.66,1939.69,0,1,1,1,1,1
2301614-97.2025.8.14.6416,PA,Não reconhece operação,Genérico,Êxito,Improcedência,19023.31,0.0,1,1,1,1,1,1
9695969-49.2025.8.24.5303,SC,Não reconhece operação,Golpe,Não Êxito,Parcial procedência,20793.14,10590.68,0,0,0,0,1,1
3816048-17.2025.8.25.5132,SE,Não reconhece operação,Golpe,Êxito,Improcedência,9820.05,0.0,1,1,0,1,1,1
8514259-89.2025.8.03.6327,AP,Não reconhece operação,Golpe,Êxito,Improcedência,12470.45,0.0,1,1,0,0,1,1
5206495-55.2025.8.26.8006,SP,Não reconhece operação,Golpe,Não Êxito,Procedência,17197.65,14161.07,0,0,1,0,1,1
3434926-72.2025.8.18.2537,PI,Não reconhece operação,Golpe,Êxito,Improcedência,15077.68,0.0,1,1,0,1,1,0
3825449-42.2025.8.16.4797,PR,Não reconhece operação,Golpe,Êxito,Improcedência,17270.59,0.0,0,1,0,1,1,1
4794905-43.2025.8.04.5280,AM,Não reconhece operação,Golpe,Êxito,Improcedência,13572.75,0.0,1,1,0,1,1,1
2676281-92.2025.8.18.5286,PI,Não reconhece operação,Golpe,Êxito,Extinção,24124.93,0.0,1,1,1,1,1,1
5705202-11.2025.8.20.1920,RN,Não reconhece operação,Golpe,Êxito,Extinção,11695.89,0.0,1,0,1,1,1,0
2091434-49.2025.8.17.2642,PE,Não reconhece operação,Golpe,Êxito,Improcedência,28189.31,0.0,1,1,1,1,1,1
3980326-93.2025.8.04.1902,AM,Não reconhece operação,Genérico,Êxito,Improcedência,21076.11,0.0,1,1,0,0,1,0
4341446-57.2025.8.15.2777,PB,Não reconhece operação,Golpe,Êxito,Improcedência,19065.25,0.0,1,1,0,1,0,1
3439541-72.2025.8.26.7144,SP,Não reconhece operação,Genérico,Êxito,Improcedência,9876.74,0.0,1,1,1,1,1,1
1329821-82.2025.8.20.3409,RN,Não reconhece operação,Genérico,Êxito,Improcedência,19445.86,0.0,1,1,1,1,1,1
5499871-47.2025.8.03.0716,AP,Não reconhece operação,Genérico,Êxito,Improcedência,17945.62,0.0,1,1,1,0,1,1
8499551-45.2025.8.26.3164,SP,Não reconhece operação,Genérico,Êxito,Extinção,4581.61,0.0,1,1,0,1,0,0
3421857-58.2025.8.26.1451,SP,Não reconhece operação,Golpe,Êxito,Improcedência,8090.05,0.0,1,1,0,1,1,0
3147900-89.2025.8.05.9194,BA,Não reconhece operação,Golpe,Êxito,Improcedência,16737.01,0.0,1,1,1,0,1,1
8465214-39.2025.8.23.8044,RR,Não reconhece operação,Golpe,Não Êxito,Parcial procedência,14328.11,10449.26,0,0,1,1,1,0
6897455-68.2025.8.13.0831,MG,Não reconhece operação,Genérico,Êxito,Improcedência,12447.92,0.0,1,1,0,1,1,1
1301414-20.2025.8.18.5575,PI,Não reconhece operação,Golpe,Não Êxito,Parcial procedência,20276.42,13243.64,1,1,1,1,0,1
7313851-46.2025.8.11.1288,MT,Não reconhece operação,Golpe,Não Êxito,Parcial procedência,10645.63,7089.59,0,1,1,0,1,1
9679808-17.2025.8.23.8574,RR,Não reconhece operação,Genérico,Êxito,Improcedência,12748.4,0.0,1,1,1,0,1,1
3033107-47.2025.8.27.6823,TO,Não reconhece operação,Golpe,Êxito,Extinção,11807.32,0.0,1,1,1,1,1,1
2409390-60.2025.8.23.9390,RR,Não reconhece operação,Golpe,Não Êxito,Procedência,17485.51,11273.63,1,0,1,0,1,1
5978080-50.2025.8.26.7634,SP,Não reconhece operação,Genérico,Êxito,Improcedência,6545.09,0.0,1,1,0,0,1,1
4759836-34.2025.8.26.3718,SP,Não reconhece operação,Golpe,Não Êxito,Parcial procedência,12540.2,9590.4,1,0,1,0,1,1
7139470-11.2025.8.04.9722,AM,Não reconhece operação,Golpe,Não Êxito,Parcial procedência,6528.87,5261.12,0,0,0,0,1,1
7187638-62.2025.8.07.6625,DF,Não reconhece operação,Genérico,Não Êxito,Procedência,13446.96,8888.04,0,1,0,0,0,1
4470471-96.2025.8.20.0567,RN,Não reconhece operação,Golpe,Êxito,Improcedência,18530.08,0.0,1,1,1,1,1,1
4669717-33.2025.8.17.2056,PE,Não reconhece operação,Golpe,Êxito,Improcedência,18617.65,0.0,1,1,1,1,1,1
7465337-81.2025.8.02.8550,AL,Não reconhece operação,Golpe,Êxito,Extinção,11411.99,0.0,0,1,1,0,1,1
6555423-53.2025.8.04.8788,AM,Não reconhece operação,Golpe,Êxito,Improcedência,17599.12,0.0,1,1,1,1,0,1
7673519-55.2025.8.15.6598,PB,Não reconhece operação,Golpe,Não Êxito,Acordo,14073.63,5517.98,1,1,0,1,0,1
5491969-16.2025.8.18.3143,PI,Não reconhece operação,Genérico,Não Êxito,Parcial procedência,21660.81,12664.23,1,0,1,0,1,1
8724783-96.2025.8.05.2421,BA,Não reconhece operação,Genérico,Êxito,Extinção,14344.49,0.0,1,1,0,0,1,0
9765981-68.2025.8.05.0454,BA,Não reconhece operação,Golpe,Êxito,Improcedência,1000.0,0.0,1,1,1,0,1,0
4555804-68.2025.8.03.6022,AP,Não reconhece operação,Golpe,Êxito,Improcedência,19372.25,0.0,1,1,1,0,1,1
4339524-19.2025.8.17.3780,PE,Não reconhece operação,Golpe,Êxito,Improcedência,12729.47,0.0,1,1,1,1,0,1
7949695-32.2025.8.01.0677,AC,Não reconhece operação,Genérico,Êxito,Improcedência,13636.74,0.0,1,1,1,0,0,0
7090205-60.2025.8.17.9186,PE,Não reconhece operação,Golpe,Não Êxito,Parcial procedência,16630.51,3326.1,0,1,0,0,1,1
8122609-57.2025.8.11.5556,MT,Não reconhece operação,Golpe,Não Êxito,Parcial procedência,7991.38,3791.2,1,1,0,1,0,1
9776015-31.2025.8.11.2594,MT,Não reconhece operação,Golpe,Não Êxito,Procedência,15348.51,8706.56,1,0,1,1,1,1
8059512-94.2025.8.19.2662,RJ,Não reconhece operação,Genérico,Êxito,Extinção,17604.88,0.0,1,1,0,0,0,0
6451663-29.2025.8.15.6012,PB,Não reconhece operação,Golpe,Não Êxito,Parcial procedência,16768.6,5542.55,1,0,0,1,0,1
6480031-80.2025.8.20.8031,RN,Não reconhece operação,Genérico,Êxito,Extinção,12043.34,0.0,0,1,1,1,1,1
2623794-31.2025.8.22.2649,RO,Não reconhece operação,Golpe,Êxito,Improcedência,19849.44,0.0,0,1,1,1,0,0
6015917-29.2025.8.25.6780,SE,Não reconhece operação,Genérico,Êxito,Improcedência,10087.64,0.0,1,1,1,1,1,1
9780906-93.2025.8.23.1738,RR,Não reconhece operação,Golpe,Êxito,Extinção,11912.86,0.0,1,1,1,1,1,1
1060269-96.2025.8.14.4403,PA,Não reconhece operação,Golpe,Não Êxito,Parcial procedência,14314.86,12456.55,1,0,0,0,1,0
2494253-23.2025.8.14.5437,PA,Não reconhece operação,Genérico,Êxito,Improcedência,16432.01,0.0,1,1,1,1,0,1
5458793-30.2025.8.07.4234,DF,Não reconhece operação,Genérico,Êxito,Improcedência,13389.71,0.0,1,1,1,0,1,0
9330429-14.2025.8.18.2976,PI,Não reconhece operação,Golpe,Êxito,Improcedência,21010.67,0.0,1,1,0,1,1,0
2667470-51.2025.8.03.8778,AP,Não reconhece operação,Golpe,Êxito,Extinção,16431.11,0.0,1,1,1,1,0,1
7143447-21.2025.8.26.9964,SP,Não reconhece operação,Golpe,Êxito,Extinção,15353.43,0.0,1,1,0,1,1,1
3852037-30.2025.8.21.7067,RS,Não reconhece operação,Golpe,Êxito,Improcedência,16258.64,0.0,1,1,1,0,1,1
2771640-98.2025.8.03.5256,AP,Não reconhece operação,Golpe,Não Êxito,Parcial procedência,18578.44,17581.45,1,0,1,0,1,0
7102541-14.2025.8.23.1725,RR,Não reconhece operação,Genérico,Êxito,Extinção,16163.64,0.0,1,1,1,1,1,0
1129588-53.2025.8.03.4827,AP,Não reconhece operação,Golpe,Êxito,Improcedência,6103.19,0.0,1,1,1,0,1,0
9496092-61.2025.8.20.1811,RN,Não reconhece operação,Genérico,Êxito,Improcedência,20328.23,0.0,1,1,1,1,1,1
9387343-22.2025.8.04.0700,AM,Não reconhece operação,Golpe,Êxito,Improcedência,15569.42,0.0,1,1,0,1,1,1
5716379-62.2025.8.14.4187,PA,Não reconhece operação,Golpe,Não Êxito,Parcial procedência,18342.65,14514.58,1,0,0,0,0,1
9557562-38.2025.8.16.8331,PR,Não reconhece operação,Golpe,Êxito,Improcedência,12990.29,0.0,1,1,0,1,0,1
7187921-77.2025.8.20.9054,RN,Não reconhece operação,Golpe,Não Êxito,Parcial procedência,6018.79,3211.58,0,1,1,0,1,1
9347415-67.2025.8.12.2864,MS,Não reconhece operação,Golpe,Não Êxito,Parcial procedência,3799.96,2493.21,0,1,0,1,0,0
7553515-12.2025.8.25.7953,SE,Não reconhece operação,Golpe,Não Êxito,Parcial procedência,10348.33,8194.71,1,0,1,0,0,1
7922675-23.2025.8.22.9614,RO,Não reconhece operação,Genérico,Êxito,Improcedência,17520.47,0.0,1,1,0,1,1,1
6633736-55.2025.8.06.3419,CE,Não reconhece operação,Genérico,Êxito,Extinção,21350.73,0.0,1,0,0,1,1,1
3116498-96.2025.8.19.8907,RJ,Não reconhece operação,Genérico,Êxito,Extinção,16463.92,0.0,1,1,1,1,1,1
6022373-44.2025.8.20.8223,RN,Não reconhece operação,Golpe,Êxito,Improcedência,9819.09,0.0,1,0,1,0,1,1
7331005-56.2025.8.10.7537,MA,Não reconhece operação,Golpe,Não Êxito,Procedência,11134.62,6044.72,1,1,0,1,1,0
3916287-18.2025.8.20.7962,RN,Não reconhece operação,Golpe,Êxito,Extinção,21659.33,0.0,1,1,0,1,1,0
3099471-60.2025.8.25.3442,SE,Não reconhece operação,Golpe,Êxito,Improcedência,8550.41,0.0,1,1,1,1,1,1
1134047-48.2025.8.21.2451,RS,Não reconhece operação,Golpe,Êxito,Improcedência,25295.25,0.0,1,1,0,1,1,0
5414246-97.2025.8.22.3507,RO,Não reconhece operação,Golpe,Êxito,Improcedência,24187.6,0.0,1,0,1,1,1,1
4330224-87.2025.8.16.9659,PR,Não reconhece operação,Golpe,Não Êxito,Parcial procedência,25456.92,19007.46,1,0,1,0,1,1
3753187-56.2025.8.08.1428,ES,Não reconhece operação,Golpe,Êxito,Improcedência,16850.23,0.0,1,1,0,1,1,1
9784730-72.2025.8.23.4039,RR,Não reconhece operação,Golpe,Êxito,Improcedência,13306.39,0.0,1,0,0,1,0,1
8937022-56.2025.8.10.7132,MA,Não reconhece operação,Golpe,Êxito,Improcedência,16730.73,0.0,1,1,1,1,1,1
2018731-64.2025.8.15.8038,PB,Não reconhece operação,Golpe,Êxito,Improcedência,19440.47,0.0,1,1,1,1,1,1
5360948-52.2025.8.09.2475,GO,Não reconhece operação,Golpe,Êxito,Extinção,11788.94,0.0,1,1,1,1,1,1
8640988-64.2025.8.09.1335,GO,Não reconhece operação,Golpe,Êxito,Improcedência,9578.77,0.0,1,1,1,1,1,1
8669835-79.2025.8.05.5873,BA,Não reconhece operação,Golpe,Não Êxito,Parcial procedência,13588.96,10287.46,0,1,1,1,0,1
5235080-71.2025.8.26.7088,SP,Não reconhece operação,Golpe,Êxito,Improcedência,11192.61,0.0,1,1,1,0,1,1
2617502-96.2025.8.03.6711,AP,Não reconhece operação,Genérico,Êxito,Improcedência,21071.02,0.0,1,1,0,1,0,0
8348435-62.2025.8.04.4328,AM,Não reconhece operação,Golpe,Êxito,Extinção,11957.47,0.0,1,1,1,0,0,1
2103151-69.2025.8.26.4720,SP,Não reconhece operação,Golpe,Êxito,Improcedência,15451.49,0.0,0,0,1,1,1,1
7666681-78.2025.8.15.9187,PB,Não reconhece operação,Genérico,Êxito,Improcedência,19805.81,0.0,0,1,1,0,1,1
4701028-37.2025.8.12.7902,MS,Não reconhece operação,Golpe,Êxito,Improcedência,21262.17,0.0,0,1,1,0,1,1
3946452-79.2025.8.20.1901,RN,Não reconhece operação,Genérico,Êxito,Extinção,16005.56,0.0,1,1,1,1,1,1
7336118-29.2025.8.13.5598,MG,Não reconhece operação,Genérico,Êxito,Improcedência,16867.87,0.0,1,1,1,1,1,1
9428278-71.2025.8.03.6100,AP,Não reconhece operação,Golpe,Êxito,Improcedência,9991.99,0.0,1,1,1,1,1,1
2340481-89.2025.8.20.8749,RN,Não reconhece operação,Golpe,Êxito,Improcedência,20002.16,0.0,1,1,1,0,1,0
3525624-59.2025.8.05.7255,BA,Não reconhece operação,Genérico,Êxito,Improcedência,21182.09,0.0,1,1,1,1,1,1
5142185-14.2025.8.15.9057,PB,Não reconhece operação,Genérico,Êxito,Improcedência,5804.68,0.0,1,1,0,1,1,1
2646203-31.2025.8.26.1351,SP,Não reconhece operação,Golpe,Êxito,Improcedência,23632.68,0.0,1,0,1,1,1,1
6018050-92.2025.8.26.5463,SP,Não reconhece operação,Golpe,Não Êxito,Parcial procedência,11544.17,5171.63,0,0,1,1,1,0
7884062-96.2025.8.10.2375,MA,Não reconhece operação,Golpe,Êxito,Improcedência,17899.95,0.0,1,1,1,1,1,1
5159600-67.2025.8.23.8409,RR,Não reconhece operação,Golpe,Êxito,Improcedência,15362.78,0.0,1,0,1,1,1,0
2069368-76.2025.8.18.3618,PI,Não reconhece operação,Genérico,Êxito,Improcedência,14685.94,0.0,1,0,1,0,1,1
1186655-86.2025.8.11.3652,MT,Não reconhece operação,Golpe,Não Êxito,Parcial procedência,13968.84,11256.12,0,1,0,0,1,1
6847059-21.2025.8.03.5445,AP,Não reconhece operação,Genérico,Não Êxito,Parcial procedência,10111.85,9985.25,0,1,1,1,0,1
3350494-66.2025.8.13.9076,MG,Não reconhece operação,Genérico,Êxito,Improcedência,17552.53,0.0,1,1,1,1,1,1
9396792-11.2025.8.16.2737,PR,Não reconhece operação,Golpe,Não Êxito,Parcial procedência,13578.62,13057.83,0,1,1,0,1,1
6629861-49.2025.8.27.7777,TO,Não reconhece operação,Golpe,Não Êxito,Parcial procedência,8557.07,4879.88,0,1,1,0,1,1
5341020-61.2025.8.01.4290,AC,Não reconhece operação,Genérico,Não Êxito,Parcial procedência,9903.59,4618.34,0,0,0,0,1,1
9941381-94.2025.8.20.9445,RN,Não reconhece operação,Genérico,Não Êxito,Parcial procedência,8640.37,2897.94,0,1,1,0,1,1
3057561-74.2025.8.21.3323,RS,Não reconhece operação,Genérico,Êxito,Extinção,12408.11,0.0,1,1,1,1,1,1
3757940-75.2025.8.26.1714,SP,Não reconhece operação,Golpe,Êxito,Improcedência,17362.5,0.0,0,1,1,0,1,1
2731256-38.2025.8.12.0236,MS,Não reconhece operação,Golpe,Êxito,Improcedência,11492.85,0.0,1,1,1,1,0,1
7717287-16.2025.8.03.5107,AP,Não reconhece operação,Golpe,Êxito,Extinção,19768.53,0.0,0,1,1,1,1,1
3791225-80.2025.8.08.3946,ES,Não reconhece operação,Genérico,Êxito,Improcedência,14397.23,0.0,1,0,1,1,1,1
1672920-37.2025.8.21.0685,RS,Não reconhece operação,Golpe,Não Êxito,Procedência,13562.13,7575.35,0,1,1,1,1,0
3781115-77.2025.8.24.8677,SC,Não reconhece operação,Golpe,Êxito,Improcedência,15064.46,0.0,0,1,1,1,1,1
7568674-60.2025.8.16.5594,PR,Não reconhece operação,Golpe,Êxito,Improcedência,21827.99,0.0,1,1,1,1,0,1
3283137-62.2025.8.03.2303,AP,Não reconhece operação,Golpe,Não Êxito,Acordo,8253.26,1799.99,0,1,1,0,0,1
2484995-74.2025.8.03.4562,AP,Não reconhece operação,Genérico,Êxito,Improcedência,23109.71,0.0,1,1,1,1,1,1
6505214-81.2025.8.11.6408,MT,Não reconhece operação,Golpe,Êxito,Extinção,19693.54,0.0,1,1,0,1,0,1
9626711-81.2025.8.17.3052,PE,Não reconhece operação,Golpe,Êxito,Extinção,14875.93,0.0,1,1,1,1,1,1
1740459-77.2025.8.01.2228,AC,Não reconhece operação,Genérico,Não Êxito,Parcial procedência,20787.11,9513.42,0,1,0,1,1,0
1782471-98.2025.8.19.8755,RJ,Não reconhece operação,Genérico,Não Êxito,Parcial procedência,13399.87,9770.87,1,0,0,1,1,1
5998369-76.2025.8.15.5052,PB,Não reconhece operação,Golpe,Êxito,Improcedência,16383.97,0.0,1,1,1,1,1,1
8678713-44.2025.8.01.9942,AC,Não reconhece operação,Golpe,Êxito,Improcedência,12325.56,0.0,1,1,1,1,1,1
7613174-19.2025.8.04.2081,AM,Não reconhece operação,Genérico,Êxito,Improcedência,19724.53,0.0,1,1,0,0,1,0
2114685-91.2025.8.11.5079,MT,Não reconhece operação,Genérico,Êxito,Extinção,11511.81,0.0,1,0,1,1,1,1
3654617-59.2025.8.20.8917,RN,Não reconhece operação,Golpe,Êxito,Extinção,14730.14,0.0,0,1,1,1,0,1
7002830-96.2025.8.21.1388,RS,Não reconhece operação,Golpe,Êxito,Improcedência,18314.62,0.0,1,1,1,0,1,1
4828354-26.2025.8.12.0383,MS,Não reconhece operação,Golpe,Êxito,Extinção,20125.49,0.0,0,1,1,1,1,1
3721733-39.2025.8.08.8933,ES,Não reconhece operação,Golpe,Êxito,Improcedência,10952.92,0.0,1,1,0,0,0,1
6426818-69.2025.8.27.0238,TO,Não reconhece operação,Genérico,Êxito,Improcedência,18677.72,0.0,0,1,0,1,1,1
6791148-32.2025.8.11.4398,MT,Não reconhece operação,Golpe,Êxito,Improcedência,10163.75,0.0,1,1,0,1,1,0
8336507-15.2025.8.09.3869,GO,Não reconhece operação,Golpe,Êxito,Extinção,4430.87,0.0,1,1,0,1,1,0
8606519-60.2025.8.12.3816,MS,Não reconhece operação,Genérico,Êxito,Improcedência,11311.57,0.0,1,1,0,1,1,1
4534220-70.2025.8.01.3962,AC,Não reconhece operação,Genérico,Êxito,Improcedência,19077.73,0.0,1,1,1,0,1,0
6090970-88.2025.8.09.4823,GO,Não reconhece operação,Genérico,Êxito,Improcedência,14922.25,0.0,1,1,0,1,1,1
2665950-27.2025.8.14.3677,PA,Não reconhece operação,Golpe,Êxito,Improcedência,12357.05,0.0,0,1,0,1,1,1
4777575-89.2025.8.25.7320,SE,Não reconhece operação,Golpe,Êxito,Improcedência,15254.42,0.0,1,1,0,1,1,0
8917864-86.2025.8.20.4414,RN,Não reconhece operação,Golpe,Êxito,Improcedência,15092.1,0.0,1,1,0,0,0,1
5763695-86.2025.8.23.7396,RR,Não reconhece operação,Golpe,Êxito,Extinção,18033.75,0.0,1,1,1,1,0,1
8395505-44.2025.8.15.1461,PB,Não reconhece operação,Golpe,Não Êxito,Parcial procedência,7073.8,4855.51,0,1,1,1,1,1
5276813-69.2025.8.04.7419,AM,Não reconhece operação,Golpe,Êxito,Improcedência,14479.96,0.0,1,1,0,0,0,1
6475216-33.2025.8.13.8219,MG,Não reconhece operação,Golpe,Êxito,Improcedência,15592.0,0.0,1,1,1,1,0,0
6499311-36.2025.8.27.4892,TO,Não reconhece operação,Genérico,Êxito,Extinção,8282.55,0.0,1,0,1,1,0,1
3328825-64.2025.8.02.0419,AL,Não reconhece operação,Genérico,Êxito,Improcedência,8215.26,0.0,1,0,1,1,1,1
4343954-89.2025.8.24.8637,SC,Não reconhece operação,Golpe,Êxito,Extinção,13192.63,0.0,1,1,1,1,1,1
8174750-87.2025.8.19.0290,RJ,Não reconhece operação,Golpe,Êxito,Improcedência,15024.02,0.0,1,1,1,0,1,1
2523672-14.2025.8.08.4116,ES,Não reconhece operação,Golpe,Êxito,Improcedência,15041.3,0.0,1,1,1,1,0,1
2650881-48.2025.8.23.3195,RR,Não reconhece operação,Golpe,Não Êxito,Parcial procedência,12252.28,7455.2,1,1,1,0,1,0
9274650-87.2025.8.21.2020,RS,Não reconhece operação,Golpe,Êxito,Improcedência,12051.17,0.0,1,1,1,1,0,1
5207476-70.2025.8.02.4253,AL,Não reconhece operação,Golpe,Êxito,Improcedência,13043.13,0.0,1,0,1,1,1,0
7935602-89.2025.8.04.1290,AM,Não reconhece operação,Genérico,Não Êxito,Parcial procedência,16446.99,11637.43,0,0,1,0,1,1
4674753-81.2025.8.16.8108,PR,Não reconhece operação,Golpe,Não Êxito,Parcial procedência,21089.34,21055.15,1,1,0,1,1,1
9683362-18.2025.8.27.5240,TO,Não reconhece operação,Genérico,Êxito,Improcedência,4087.07,0.0,1,1,1,1,0,1
5123618-29.2025.8.01.7948,AC,Não reconhece operação,Golpe,Êxito,Improcedência,18039.16,0.0,1,1,1,1,1,1
9002934-45.2025.8.16.0045,PR,Não reconhece operação,Golpe,Êxito,Improcedência,14436.79,0.0,1,1,1,1,1,0
1918379-57.2025.8.03.2503,AP,Não reconhece operação,Golpe,Não Êxito,Procedência,17561.83,13982.36,0,1,1,0,0,1
9370770-35.2025.8.16.7437,PR,Não reconhece operação,Golpe,Êxito,Extinção,20799.46,0.0,1,0,0,1,1,1
8811518-74.2025.8.18.4092,PI,Não reconhece operação,Golpe,Êxito,Improcedência,11276.91,0.0,1,0,1,1,1,0
6330766-79.2025.8.04.2323,AM,Não reconhece operação,Genérico,Êxito,Improcedência,19615.74,0.0,1,1,1,1,1,0
8750567-46.2025.8.19.2086,RJ,Não reconhece operação,Golpe,Êxito,Improcedência,8828.81,0.0,1,1,0,1,0,1
5202391-81.2025.8.25.9087,SE,Não reconhece operação,Golpe,Êxito,Improcedência,15608.3,0.0,0,1,1,1,1,1
1177063-63.2025.8.24.9570,SC,Não reconhece operação,Golpe,Êxito,Improcedência,13792.2,0.0,1,1,0,0,1,1
3693102-29.2025.8.01.0781,AC,Não reconhece operação,Golpe,Êxito,Improcedência,15209.28,0.0,1,1,0,1,1,0
1622117-43.2025.8.07.0427,DF,Não reconhece operação,Golpe,Não Êxito,Parcial procedência,10129.16,6076.16,0,1,0,1,1,1
8844595-40.2025.8.07.3207,DF,Não reconhece operação,Golpe,Não Êxito,Procedência,17125.91,14614.5,0,1,0,1,1,1
4816041-96.2025.8.11.8500,MT,Não reconhece operação,Genérico,Êxito,Improcedência,22765.84,0.0,1,1,1,1,1,1
7092245-59.2025.8.03.1034,AP,Não reconhece operação,Golpe,Êxito,Extinção,10213.45,0.0,1,1,1,1,0,1
1451776-77.2025.8.24.6451,SC,Não reconhece operação,Golpe,Êxito,Improcedência,15912.75,0.0,1,1,1,1,1,1
4680060-52.2025.8.22.7772,RO,Não reconhece operação,Golpe,Êxito,Improcedência,19181.82,0.0,0,1,1,1,0,1
7680555-28.2025.8.23.6267,RR,Não reconhece operação,Genérico,Êxito,Improcedência,13526.13,0.0,1,0,1,1,0,1
6670451-18.2025.8.06.6157,CE,Não reconhece operação,Golpe,Êxito,Improcedência,21657.42,0.0,1,1,1,0,1,1
7098399-36.2025.8.01.7352,AC,Não reconhece operação,Golpe,Êxito,Extinção,12873.78,0.0,0,1,1,1,1,1
3027721-94.2025.8.25.4133,SE,Não reconhece operação,Golpe,Êxito,Extinção,14411.55,0.0,1,1,1,1,1,1
9639191-51.2025.8.08.9638,ES,Não reconhece operação,Golpe,Êxito,Improcedência,10108.95,0.0,1,1,0,1,1,1
9651951-41.2025.8.16.0184,PR,Não reconhece operação,Golpe,Êxito,Improcedência,15603.35,0.0,1,1,1,1,1,1
8601952-60.2025.8.25.6957,SE,Não reconhece operação,Genérico,Êxito,Extinção,14997.03,0.0,0,1,1,1,1,0
1730190-37.2025.8.01.3735,AC,Não reconhece operação,Golpe,Êxito,Improcedência,18102.46,0.0,1,1,1,1,1,1
7063425-50.2025.8.01.7787,AC,Não reconhece operação,Genérico,Êxito,Improcedência,11860.43,0.0,1,0,0,1,1,0
5503052-75.2025.8.01.5504,AC,Não reconhece operação,Golpe,Êxito,Improcedência,11635.75,0.0,1,1,1,1,1,0
4560308-74.2025.8.05.5091,BA,Não reconhece operação,Genérico,Não Êxito,Parcial procedência,17251.57,9318.69,0,1,0,1,1,1
1369979-79.2025.8.02.8385,AL,Não reconhece operação,Genérico,Êxito,Improcedência,21837.98,0.0,0,1,1,0,1,0
7309241-74.2025.8.21.2602,RS,Não reconhece operação,Golpe,Êxito,Improcedência,18068.64,0.0,1,1,1,0,1,1
4412774-68.2025.8.18.6510,PI,Não reconhece operação,Golpe,Êxito,Extinção,24047.14,0.0,1,1,0,0,1,1
3518169-63.2025.8.27.1071,TO,Não reconhece operação,Golpe,Não Êxito,Parcial procedência,17707.0,9680.54,0,0,1,1,1,0
6463886-54.2025.8.23.2296,RR,Não reconhece operação,Genérico,Não Êxito,Procedência,17530.28,4622.63,0,0,1,0,1,1
9095833-24.2025.8.27.2518,TO,Não reconhece operação,Golpe,Êxito,Improcedência,18315.37,0.0,1,1,1,1,1,1
6903573-91.2025.8.07.9098,DF,Não reconhece operação,Golpe,Êxito,Improcedência,22284.4,0.0,1,1,1,1,1,1
3299868-50.2025.8.08.7752,ES,Não reconhece operação,Golpe,Êxito,Improcedência,21054.75,0.0,0,1,1,0,1,1
3433966-21.2025.8.21.0070,RS,Não reconhece operação,Genérico,Êxito,Improcedência,9658.87,0.0,0,1,1,0,0,1
7784984-29.2025.8.07.6365,DF,Não reconhece operação,Golpe,Êxito,Improcedência,18910.52,0.0,1,1,1,1,1,1
6996354-63.2025.8.02.2308,AL,Não reconhece operação,Golpe,Êxito,Improcedência,16284.25,0.0,1,1,0,0,1,0
1055397-13.2025.8.19.5393,RJ,Não reconhece operação,Genérico,Não Êxito,Parcial procedência,14030.1,8711.18,1,0,1,1,1,1
8311658-89.2025.8.23.8388,RR,Não reconhece operação,Golpe,Êxito,Improcedência,6282.72,0.0,0,1,1,1,0,0
5763594-56.2025.8.27.5749,TO,Não reconhece operação,Genérico,Êxito,Improcedência,7424.88,0.0,1,1,0,1,0,1
3813102-14.2025.8.26.3555,SP,Não reconhece operação,Golpe,Êxito,Extinção,13193.81,0.0,1,0,1,1,1,1
9357474-11.2025.8.03.6366,AP,Não reconhece operação,Golpe,Não Êxito,Procedência,7795.68,6682.29,1,1,0,0,1,0
9167082-35.2025.8.22.2499,RO,Não reconhece operação,Genérico,Não Êxito,Parcial procedência,13295.43,8420.83,0,1,1,1,1,1
5565394-23.2025.8.21.4071,RS,Não reconhece operação,Golpe,Não Êxito,Parcial procedência,18487.35,13876.61,0,1,0,1,0,1
6296295-69.2025.8.19.7695,RJ,Não reconhece operação,Golpe,Não Êxito,Procedência,12131.54,9571.31,0,0,0,0,1,0
2835510-43.2025.8.21.3887,RS,Não reconhece operação,Golpe,Êxito,Improcedência,15391.73,0.0,1,1,1,0,0,1
9758572-92.2025.8.21.6087,RS,Não reconhece operação,Golpe,Êxito,Extinção,9732.11,0.0,0,1,0,0,1,1
4457076-28.2025.8.11.6535,MT,Não reconhece operação,Golpe,Não Êxito,Parcial procedência,16448.2,8169.35,0,1,0,0,1,0
9867327-90.2025.8.02.1125,AL,Não reconhece operação,Golpe,Êxito,Improcedência,17475.53,0.0,1,1,0,0,1,1
1366811-71.2025.8.11.3201,MT,Não reconhece operação,Golpe,Êxito,Improcedência,8000.09,0.0,1,1,1,1,1,1
2060396-84.2025.8.06.5021,CE,Não reconhece operação,Golpe,Não Êxito,Procedência,11292.81,10544.55,0,1,1,1,1,1
1834891-93.2025.8.03.4356,AP,Não reconhece operação,Golpe,Não Êxito,Parcial procedência,8764.4,4293.92,1,1,1,0,1,1
4772349-98.2025.8.03.4508,AP,Não reconhece operação,Golpe,Êxito,Extinção,17480.83,0.0,1,1,0,1,1,1
1395395-86.2025.8.19.2439,RJ,Não reconhece operação,Golpe,Não Êxito,Parcial procedência,15786.95,9670.87,1,1,1,1,1,1
4719086-92.2025.8.14.3569,PA,Não reconhece operação,Golpe,Êxito,Improcedência,14738.27,0.0,1,1,1,1,1,1
4342112-32.2025.8.15.2802,PB,Não reconhece operação,Genérico,Êxito,Improcedência,14352.74,0.0,1,1,0,1,0,0
5747509-92.2025.8.22.6173,RO,Não reconhece operação,Golpe,Não Êxito,Procedência,16566.29,10110.23,0,0,1,1,0,1
4722144-17.2025.8.15.6642,PB,Não reconhece operação,Golpe,Êxito,Improcedência,16664.51,0.0,1,1,1,0,1,1
1428870-69.2025.8.16.8602,PR,Não reconhece operação,Genérico,Êxito,Improcedência,12550.48,0.0,0,1,1,1,1,1
1076319-57.2025.8.04.7636,AM,Não reconhece operação,Genérico,Êxito,Improcedência,11863.42,0.0,1,1,0,1,0,1
6350915-20.2025.8.21.6439,RS,Não reconhece operação,Golpe,Êxito,Extinção,14692.71,0.0,1,1,1,1,1,1
9344671-84.2025.8.11.0526,MT,Não reconhece operação,Golpe,Não Êxito,Parcial procedência,14051.19,4275.76,0,1,1,0,0,1
3520933-18.2025.8.05.1012,BA,Não reconhece operação,Golpe,Êxito,Improcedência,25093.62,0.0,1,1,1,1,0,0
5481081-66.2025.8.23.7139,RR,Não reconhece operação,Golpe,Êxito,Improcedência,13098.48,0.0,1,1,1,1,1,1
5859131-32.2025.8.20.4676,RN,Não reconhece operação,Genérico,Não Êxito,Procedência,16403.53,13118.14,0,1,1,1,1,0
6986933-36.2025.8.02.7478,AL,Não reconhece operação,Genérico,Êxito,Improcedência,17268.42,0.0,1,0,1,1,1,0
7025192-81.2025.8.06.5406,CE,Não reconhece operação,Golpe,Êxito,Improcedência,21854.34,0.0,1,1,0,1,1,1
9575291-81.2025.8.01.0588,AC,Não reconhece operação,Genérico,Êxito,Extinção,11001.84,0.0,1,1,1,1,1,1
2986153-51.2025.8.08.0318,ES,Não reconhece operação,Golpe,Êxito,Improcedência,21555.63,0.0,0,1,1,1,0,1
7808965-21.2025.8.04.9102,AM,Não reconhece operação,Golpe,Não Êxito,Parcial procedência,14258.95,10252.14,1,1,1,1,1,1
1766836-79.2025.8.20.3435,RN,Não reconhece operação,Genérico,Êxito,Improcedência,27255.88,0.0,1,1,1,1,1,0
9942619-43.2025.8.15.8472,PB,Não reconhece operação,Golpe,Não Êxito,Parcial procedência,16761.42,11007.98,0,1,0,1,1,1
4868511-98.2025.8.27.3367,TO,Não reconhece operação,Golpe,Êxito,Improcedência,8952.04,0.0,1,1,1,0,1,1
6802427-52.2025.8.22.0553,RO,Não reconhece operação,Golpe,Êxito,Extinção,14014.77,0.0,1,1,0,0,1,0
1665586-80.2025.8.18.6947,PI,Não reconhece operação,Genérico,Êxito,Extinção,21539.05,0.0,1,1,0,1,0,0
1810245-58.2025.8.14.4863,PA,Não reconhece operação,Golpe,Êxito,Extinção,15382.3,0.0,1,1,0,1,1,1
1663509-22.2025.8.02.6661,AL,Não reconhece operação,Golpe,Êxito,Improcedência,14689.62,0.0,1,1,0,1,0,0
6009962-44.2025.8.02.2173,AL,Não reconhece operação,Golpe,Não Êxito,Parcial procedência,18510.19,12354.51,1,0,1,1,0,1
6350887-63.2025.8.18.3762,PI,Não reconhece operação,Golpe,Êxito,Improcedência,13289.35,0.0,1,1,0,0,1,1
4287362-70.2025.8.01.7070,AC,Não reconhece operação,Golpe,Êxito,Extinção,13948.16,0.0,1,1,0,1,0,1
4828210-47.2025.8.02.1372,AL,Não reconhece operação,Genérico,Êxito,Improcedência,10346.83,0.0,1,1,1,1,1,1
8705085-10.2025.8.06.6706,CE,Não reconhece operação,Genérico,Não Êxito,Parcial procedência,23465.23,5290.67,1,1,1,0,1,1
5762560-45.2025.8.24.8096,SC,Não reconhece operação,Genérico,Não Êxito,Procedência,8983.04,6104.33,1,0,1,0,1,1
4602922-30.2025.8.11.3985,MT,Não reconhece operação,Genérico,Êxito,Extinção,15813.74,0.0,1,0,0,0,1,1
6952465-11.2025.8.20.1643,RN,Não reconhece operação,Golpe,Não Êxito,Parcial procedência,17336.91,9646.25,0,0,1,0,1,0
2954888-87.2025.8.12.1787,MS,Não reconhece operação,Golpe,Êxito,Extinção,14915.21,0.0,1,1,0,1,1,1
1213810-97.2025.8.05.4220,BA,Não reconhece operação,Golpe,Êxito,Improcedência,8829.69,0.0,1,1,1,1,1,1
3046789-56.2025.8.13.4256,MG,Não reconhece operação,Golpe,Êxito,Improcedência,10081.42,0.0,1,0,1,1,0,1
6481232-95.2025.8.04.1071,AM,Não reconhece operação,Genérico,Êxito,Extinção,17546.1,0.0,0,1,1,1,1,1
1909455-52.2025.8.22.0699,RO,Não reconhece operação,Golpe,Êxito,Extinção,11155.45,0.0,1,1,1,1,1,1
3686263-92.2025.8.05.1217,BA,Não reconhece operação,Genérico,Êxito,Improcedência,4815.14,0.0,0,1,1,1,0,1
3792939-86.2025.8.13.5862,MG,Não reconhece operação,Golpe,Êxito,Improcedência,16881.03,0.0,1,1,0,1,1,1
6061454-37.2025.8.27.8151,TO,Não reconhece operação,Golpe,Êxito,Extinção,10701.0,0.0,1,1,1,0,1,0
2461914-88.2025.8.17.8570,PE,Não reconhece operação,Golpe,Não Êxito,Procedência,18079.48,13050.6,0,1,0,1,1,1
8949454-37.2025.8.11.5124,MT,Não reconhece operação,Golpe,Êxito,Improcedência,13992.87,0.0,1,0,0,1,1,1
6278553-79.2025.8.15.0157,PB,Não reconhece operação,Golpe,Êxito,Improcedência,13756.4,0.0,1,0,0,0,1,0
8310031-64.2025.8.23.9149,RR,Não reconhece operação,Golpe,Não Êxito,Parcial procedência,15238.52,10359.5,0,0,1,0,0,0
2668026-84.2025.8.07.3111,DF,Não reconhece operação,Golpe,Não Êxito,Procedência,9395.79,7509.97,1,1,0,1,1,1
6868620-66.2025.8.16.4337,PR,Não reconhece operação,Genérico,Êxito,Improcedência,10931.83,0.0,1,1,0,1,1,0
4740426-43.2025.8.24.7232,SC,Não reconhece operação,Golpe,Êxito,Improcedência,13706.79,0.0,1,1,0,0,1,1
4218017-15.2025.8.17.4550,PE,Não reconhece operação,Golpe,Não Êxito,Procedência,9367.09,6247.61,1,0,1,1,1,1
9834403-87.2025.8.11.7277,MT,Não reconhece operação,Genérico,Êxito,Improcedência,18484.78,0.0,0,1,0,1,1,1
2608742-76.2025.8.03.6997,AP,Não reconhece operação,Golpe,Não Êxito,Procedência,13473.93,10620.72,1,0,1,0,1,1
2264134-36.2025.8.07.2288,DF,Não reconhece operação,Genérico,Êxito,Improcedência,7870.04,0.0,0,1,1,1,0,0
9609201-67.2025.8.26.8103,SP,Não reconhece operação,Genérico,Êxito,Extinção,12239.13,0.0,1,1,0,1,0,1
7597144-12.2025.8.15.9472,PB,Não reconhece operação,Golpe,Não Êxito,Parcial procedência,15478.78,4196.16,0,1,0,1,1,1
9724406-21.2025.8.09.8923,GO,Não reconhece operação,Golpe,Êxito,Improcedência,12793.3,0.0,0,1,1,1,1,0
7747865-88.2025.8.12.9502,MS,Não reconhece operação,Golpe,Não Êxito,Parcial procedência,16944.02,12921.55,0,0,1,1,1,1
2444416-44.2025.8.17.4150,PE,Não reconhece operação,Genérico,Êxito,Improcedência,17798.9,0.0,1,1,0,1,1,1
4490724-81.2025.8.15.1180,PB,Não reconhece operação,Genérico,Êxito,Improcedência,26766.94,0.0,1,1,1,1,1,1
9638598-82.2025.8.19.8178,RJ,Não reconhece operação,Genérico,Êxito,Extinção,20628.22,0.0,1,1,1,1,1,0
4843867-84.2025.8.07.5324,DF,Não reconhece operação,Golpe,Êxito,Improcedência,6952.79,0.0,1,0,0,0,1,1
6273325-56.2025.8.16.7970,PR,Não reconhece operação,Golpe,Não Êxito,Parcial procedência,13214.59,9058.06,1,1,0,0,1,0
1476021-12.2025.8.12.1621,MS,Não reconhece operação,Genérico,Êxito,Improcedência,13673.83,0.0,0,1,1,1,1,1
9007071-23.2025.8.26.6881,SP,Não reconhece operação,Genérico,Êxito,Extinção,17803.97,0.0,1,1,1,0,0,1
7348707-92.2025.8.05.2357,BA,Não reconhece operação,Golpe,Não Êxito,Procedência,10401.24,7694.24,0,1,1,1,1,0
2316685-48.2025.8.05.7561,BA,Não reconhece operação,Golpe,Êxito,Improcedência,12375.43,0.0,1,1,1,1,1,1
3830647-96.2025.8.11.4443,MT,Não reconhece operação,Golpe,Não Êxito,Parcial procedência,8876.07,3348.7,0,0,0,1,1,1
3774338-47.2025.8.14.6211,PA,Não reconhece operação,Genérico,Êxito,Improcedência,12026.97,0.0,1,1,0,0,0,1
8989128-73.2025.8.19.8374,RJ,Não reconhece operação,Genérico,Êxito,Extinção,12210.0,0.0,1,1,1,1,1,0
2087062-59.2025.8.13.9712,MG,Não reconhece operação,Golpe,Não Êxito,Parcial procedência,13446.32,9285.81,0,1,1,1,1,1
6806240-88.2025.8.25.8707,SE,Não reconhece operação,Golpe,Não Êxito,Parcial procedência,9160.17,9160.17,0,1,1,1,1,1
9004563-66.2025.8.11.8759,MT,Não reconhece operação,Golpe,Êxito,Improcedência,19800.83,0.0,0,1,1,1,1,1
5560487-45.2025.8.03.7899,AP,Não reconhece operação,Golpe,Não Êxito,Parcial procedência,17299.27,14159.98,0,0,1,1,0,1
4030108-10.2025.8.03.8742,AP,Não reconhece operação,Golpe,Êxito,Extinção,7873.02,0.0,1,1,1,1,1,1
2308620-50.2025.8.27.9204,TO,Não reconhece operação,Golpe,Não Êxito,Parcial procedência,15109.64,13052.35,0,1,0,0,1,1
7432387-56.2025.8.03.3482,AP,Não reconhece operação,Golpe,Êxito,Improcedência,7301.74,0.0,1,1,1,1,1,1
1913373-49.2025.8.26.6437,SP,Não reconhece operação,Golpe,Êxito,Improcedência,21568.42,0.0,1,1,0,1,1,0
9756068-86.2025.8.08.3040,ES,Não reconhece operação,Golpe,Êxito,Extinção,22902.36,0.0,1,1,1,0,1,1
8582796-13.2025.8.04.3241,AM,Não reconhece operação,Golpe,Não Êxito,Parcial procedência,14708.7,13149.67,1,0,0,0,1,0
4298755-50.2025.8.09.7274,GO,Não reconhece operação,Genérico,Êxito,Extinção,10798.4,0.0,1,1,0,0,1,1
2220142-50.2025.8.18.4018,PI,Não reconhece operação,Golpe,Não Êxito,Parcial procedência,11722.73,9284.68,0,1,1,1,0,1
1046104-89.2025.8.12.9236,MS,Não reconhece operação,Genérico,Êxito,Extinção,12755.75,0.0,1,0,1,1,1,1
8030430-55.2025.8.23.2412,RR,Não reconhece operação,Golpe,Não Êxito,Procedência,14458.01,7858.41,0,1,0,0,1,1
1694189-88.2025.8.18.8958,PI,Não reconhece operação,Golpe,Êxito,Improcedência,21706.86,0.0,1,1,1,1,0,1
1592891-60.2025.8.13.8041,MG,Não reconhece operação,Golpe,Êxito,Extinção,19671.17,0.0,1,0,1,1,1,0
1762342-90.2025.8.16.9012,PR,Não reconhece operação,Golpe,Êxito,Improcedência,19746.75,0.0,1,0,1,1,1,1
1598538-55.2025.8.27.4420,TO,Não reconhece operação,Golpe,Êxito,Improcedência,15819.19,0.0,1,1,0,1,1,1
8263780-74.2025.8.12.7429,MS,Não reconhece operação,Golpe,Êxito,Improcedência,9321.61,0.0,1,1,1,1,1,0
1997193-28.2025.8.05.1291,BA,Não reconhece operação,Genérico,Não Êxito,Parcial procedência,11203.65,9613.16,1,0,1,1,0,1
5019177-29.2025.8.12.2842,MS,Não reconhece operação,Golpe,Não Êxito,Parcial procedência,15280.14,8389.02,1,1,1,1,1,1
2545906-86.2025.8.21.2248,RS,Não reconhece operação,Golpe,Não Êxito,Procedência,9088.59,5294.73,1,1,0,1,0,1
8879912-16.2025.8.06.7926,CE,Não reconhece operação,Golpe,Não Êxito,Parcial procedência,16473.79,13401.44,0,0,1,1,1,1
5956272-66.2025.8.26.5228,SP,Não reconhece operação,Golpe,Êxito,Extinção,18932.8,0.0,1,1,0,0,1,1
3772958-24.2025.8.17.9356,PE,Não reconhece operação,Genérico,Êxito,Improcedência,17658.11,0.0,0,1,0,1,1,1
5723168-65.2025.8.18.7153,PI,Não reconhece operação,Genérico,Êxito,Extinção,17461.08,0.0,0,1,1,1,1,1
1862857-62.2025.8.09.3812,GO,Não reconhece operação,Golpe,Êxito,Improcedência,5824.65,0.0,1,1,1,1,1,1
1214457-21.2025.8.25.8367,SE,Não reconhece operação,Golpe,Não Êxito,Procedência,21524.75,19164.39,1,1,0,1,0,0
8313509-36.2025.8.01.9973,AC,Não reconhece operação,Golpe,Êxito,Improcedência,7291.29,0.0,1,1,0,0,1,1
7703842-95.2025.8.09.6071,GO,Não reconhece operação,Golpe,Não Êxito,Parcial procedência,14232.68,9462.11,1,1,1,1,0,1
4042898-57.2025.8.12.7106,MS,Não reconhece operação,Genérico,Êxito,Extinção,18017.28,0.0,1,1,1,1,1,0
4609609-70.2025.8.11.0815,MT,Não reconhece operação,Genérico,Êxito,Improcedência,16741.77,0.0,0,1,1,1,1,1
1430574-54.2025.8.11.1768,MT,Não reconhece operação,Golpe,Êxito,Improcedência,8712.06,0.0,1,1,1,1,1,0
9479255-53.2025.8.03.8441,AP,Não reconhece operação,Golpe,Êxito,Improcedência,9592.89,0.0,1,1,1,1,1,0
1804570-75.2025.8.07.0833,DF,Não reconhece operação,Golpe,Êxito,Improcedência,16390.81,0.0,1,1,1,0,1,1
5472382-80.2025.8.04.3913,AM,Não reconhece operação,Golpe,Êxito,Improcedência,17488.83,0.0,1,1,1,1,1,0
4153757-19.2025.8.17.3412,PE,Não reconhece operação,Golpe,Êxito,Improcedência,9549.33,0.0,1,1,0,0,1,1
3895341-84.2025.8.10.3097,MA,Não reconhece operação,Golpe,Êxito,Improcedência,16908.58,0.0,1,1,0,1,1,1
3200217-14.2025.8.17.7951,PE,Não reconhece operação,Genérico,Êxito,Improcedência,7546.99,0.0,0,1,0,1,1,1
5130020-17.2025.8.17.1446,PE,Não reconhece operação,Golpe,Êxito,Improcedência,18045.97,0.0,1,1,0,0,1,1
8087866-84.2025.8.19.4611,RJ,Não reconhece operação,Golpe,Êxito,Improcedência,10645.33,0.0,1,1,0,1,1,1
8407337-98.2025.8.15.1938,PB,Não reconhece operação,Golpe,Êxito,Improcedência,15377.26,0.0,1,0,1,0,1,1
8631939-41.2025.8.16.9327,PR,Não reconhece operação,Golpe,Êxito,Extinção,14553.35,0.0,1,1,0,1,1,1
6122220-41.2025.8.17.6390,PE,Não reconhece operação,Genérico,Não Êxito,Parcial procedência,20677.35,11005.96,0,1,1,1,0,0
4335132-80.2025.8.16.1487,PR,Não reconhece operação,Golpe,Não Êxito,Parcial procedência,16170.29,12777.99,0,0,1,1,1,0
9928253-61.2025.8.18.3170,PI,Não reconhece operação,Genérico,Não Êxito,Procedência,12042.5,3836.44,0,0,0,1,1,0
7444981-61.2025.8.09.2412,GO,Não reconhece operação,Genérico,Êxito,Improcedência,16746.66,0.0,1,1,0,0,1,1
1523539-16.2025.8.07.6645,DF,Não reconhece operação,Golpe,Êxito,Improcedência,25494.66,0.0,1,1,1,1,1,1
9050333-33.2025.8.23.7296,RR,Não reconhece operação,Golpe,Não Êxito,Parcial procedência,18613.86,15208.49,0,1,0,1,1,1
9101298-83.2025.8.10.3543,MA,Não reconhece operação,Genérico,Êxito,Extinção,14691.87,0.0,1,1,1,0,1,1
1225098-56.2025.8.15.0142,PB,Não reconhece operação,Golpe,Não Êxito,Parcial procedência,10891.79,6436.98,1,0,1,0,1,1
4366098-10.2025.8.06.6500,CE,Não reconhece operação,Golpe,Êxito,Improcedência,11957.17,0.0,1,1,1,0,0,1
5414677-51.2025.8.12.3709,MS,Não reconhece operação,Genérico,Não Êxito,Parcial procedência,18318.81,7688.42,1,0,1,0,1,0
8713308-74.2025.8.15.2687,PB,Não reconhece operação,Genérico,Não Êxito,Parcial procedência,10635.7,9724.29,0,1,0,1,1,1
5302250-11.2025.8.18.8552,PI,Não reconhece operação,Golpe,Êxito,Improcedência,14995.39,0.0,1,1,1,1,1,0
3162571-31.2025.8.15.4582,PB,Não reconhece operação,Golpe,Êxito,Improcedência,22036.35,0.0,0,1,1,0,0,0
9673007-11.2025.8.10.3108,MA,Não reconhece operação,Golpe,Não Êxito,Procedência,15720.14,11880.24,1,0,0,1,0,1
7523255-62.2025.8.26.4411,SP,Não reconhece operação,Genérico,Êxito,Improcedência,9687.07,0.0,1,1,1,1,1,1
5473771-82.2025.8.14.8054,PA,Não reconhece operação,Golpe,Êxito,Improcedência,25668.54,0.0,1,1,1,0,1,1
1512595-11.2025.8.23.1308,RR,Não reconhece operação,Golpe,Êxito,Improcedência,23630.24,0.0,1,1,1,1,1,0
2087263-25.2025.8.20.3801,RN,Não reconhece operação,Golpe,Êxito,Extinção,17441.38,0.0,1,1,1,0,0,1
4828890-72.2025.8.17.0749,PE,Não reconhece operação,Genérico,Êxito,Extinção,21242.12,0.0,1,1,1,1,1,1
5331957-77.2025.8.24.1856,SC,Não reconhece operação,Genérico,Êxito,Improcedência,13672.17,0.0,1,1,0,0,1,0
7927727-89.2025.8.03.9955,AP,Não reconhece operação,Golpe,Não Êxito,Parcial procedência,18536.97,14288.78,0,1,0,1,1,1
3288277-75.2025.8.25.5680,SE,Não reconhece operação,Golpe,Êxito,Extinção,12903.95,0.0,1,1,1,1,1,1
6032870-69.2025.8.21.6793,RS,Não reconhece operação,Genérico,Êxito,Extinção,8331.39,0.0,1,1,1,0,1,1
7682128-19.2025.8.14.7038,PA,Não reconhece operação,Genérico,Êxito,Extinção,27700.33,0.0,1,1,1,1,1,1
7098690-56.2025.8.20.7516,RN,Não reconhece operação,Golpe,Não Êxito,Parcial procedência,8080.54,6973.12,0,0,0,1,0,0
1796386-94.2025.8.15.5530,PB,Não reconhece operação,Golpe,Êxito,Improcedência,16442.26,0.0,1,0,1,0,1,1
7760331-38.2025.8.08.0343,ES,Não reconhece operação,Golpe,Êxito,Improcedência,16384.94,0.0,1,1,1,0,0,1
5338611-64.2025.8.23.3519,RR,Não reconhece operação,Golpe,Êxito,Extinção,17514.15,0.0,1,1,0,0,1,1
1872897-73.2025.8.07.8048,DF,Não reconhece operação,Golpe,Êxito,Extinção,14542.13,0.0,1,1,1,1,1,1
3955076-62.2025.8.09.2520,GO,Não reconhece operação,Golpe,Não Êxito,Parcial procedência,14593.33,10746.74,1,0,1,1,1,1
1244784-61.2025.8.15.8007,PB,Não reconhece operação,Golpe,Êxito,Improcedência,15661.36,0.0,1,1,1,1,1,0
9923514-43.2025.8.21.8862,RS,Não reconhece operação,Genérico,Êxito,Improcedência,17336.83,0.0,0,1,1,1,1,1
4862614-87.2025.8.13.3752,MG,Não reconhece operação,Golpe,Êxito,Extinção,14973.28,0.0,1,0,0,1,1,1
9098490-43.2025.8.14.0440,PA,Não reconhece operação,Golpe,Êxito,Improcedência,14646.76,0.0,1,1,1,1,1,0
8203601-98.2025.8.02.6036,AL,Não reconhece operação,Golpe,Êxito,Extinção,8499.72,0.0,1,1,1,1,1,0
8671082-91.2025.8.03.4519,AP,Não reconhece operação,Golpe,Êxito,Improcedência,24863.0,0.0,1,1,1,1,0,1
7257237-80.2025.8.02.5824,AL,Não reconhece operação,Golpe,Êxito,Improcedência,17610.78,0.0,1,1,1,1,1,0
6917352-27.2025.8.02.5994,AL,Não reconhece operação,Golpe,Êxito,Improcedência,16007.26,0.0,1,1,1,1,1,1
3013698-32.2025.8.24.9257,SC,Não reconhece operação,Golpe,Êxito,Extinção,11918.03,0.0,1,0,0,1,1,1
8330297-61.2025.8.21.4926,RS,Não reconhece operação,Golpe,Êxito,Improcedência,10057.62,0.0,1,1,1,0,1,1
5156440-11.2025.8.21.8513,RS,Não reconhece operação,Genérico,Êxito,Extinção,19202.01,0.0,1,1,0,0,0,1
7635199-59.2025.8.02.1730,AL,Não reconhece operação,Golpe,Não Êxito,Parcial procedência,14197.77,13650.66,0,0,0,1,1,1
3860929-38.2025.8.04.0320,AM,Não reconhece operação,Genérico,Êxito,Extinção,18029.66,0.0,1,0,1,0,0,0
5545545-60.2025.8.08.6282,ES,Não reconhece operação,Genérico,Êxito,Improcedência,8347.41,0.0,1,1,0,0,0,1
7417597-34.2025.8.17.1405,PE,Não reconhece operação,Genérico,Êxito,Improcedência,22572.36,0.0,0,1,0,1,1,1
3544655-14.2025.8.10.1645,MA,Não reconhece operação,Golpe,Êxito,Improcedência,19405.1,0.0,0,1,1,1,1,0
3502251-85.2025.8.14.0652,PA,Não reconhece operação,Golpe,Êxito,Improcedência,14584.43,0.0,1,1,1,1,1,1
5763436-80.2025.8.05.7399,BA,Não reconhece operação,Golpe,Êxito,Extinção,17276.75,0.0,0,1,1,1,1,1
7711077-49.2025.8.20.3525,RN,Não reconhece operação,Golpe,Êxito,Improcedência,18618.18,0.0,1,1,1,1,1,1
3412445-31.2025.8.09.1608,GO,Não reconhece operação,Golpe,Não Êxito,Parcial procedência,8421.85,6849.42,1,0,0,1,1,1
4863537-79.2025.8.02.2982,AL,Não reconhece operação,Genérico,Êxito,Extinção,23215.01,0.0,0,1,1,0,1,1
2245527-67.2025.8.22.6334,RO,Não reconhece operação,Golpe,Êxito,Improcedência,17353.48,0.0,0,1,1,1,1,1
5479679-31.2025.8.25.1801,SE,Não reconhece operação,Genérico,Êxito,Extinção,11527.28,0.0,1,1,1,1,1,1
9682105-81.2025.8.01.4632,AC,Não reconhece operação,Golpe,Não Êxito,Procedência,9601.4,4207.61,1,0,1,0,1,1
4400124-14.2025.8.12.5233,MS,Não reconhece operação,Golpe,Êxito,Improcedência,19825.72,0.0,1,1,0,0,1,1
2742409-69.2025.8.21.9925,RS,Não reconhece operação,Golpe,Êxito,Improcedência,16018.32,0.0,1,1,0,0,1,1
7889362-73.2025.8.20.2279,RN,Não reconhece operação,Golpe,Não Êxito,Procedência,17350.24,13584.49,0,1,0,0,0,1
5195644-63.2025.8.24.0958,SC,Não reconhece operação,Golpe,Êxito,Improcedência,15113.03,0.0,1,1,1,0,1,1
4811657-68.2025.8.12.9904,MS,Não reconhece operação,Golpe,Êxito,Improcedência,10061.89,0.0,1,1,1,1,1,0
9977739-20.2025.8.13.3564,MG,Não reconhece operação,Golpe,Não Êxito,Parcial procedência,17477.9,16993.14,1,0,0,0,1,1
1052707-79.2025.8.20.0728,RN,Não reconhece operação,Golpe,Êxito,Improcedência,14012.92,0.0,1,1,1,1,1,1
6923244-68.2025.8.05.1727,BA,Não reconhece operação,Golpe,Êxito,Improcedência,14875.76,0.0,1,1,0,1,1,1
2102304-37.2025.8.07.2175,DF,Não reconhece operação,Genérico,Êxito,Improcedência,26645.76,0.0,0,1,1,1,1,1
6933575-82.2025.8.18.4835,PI,Não reconhece operação,Golpe,Êxito,Improcedência,19246.57,0.0,1,1,1,1,0,1
7498844-14.2025.8.19.8862,RJ,Não reconhece operação,Golpe,Êxito,Extinção,19529.68,0.0,1,1,1,1,1,1
8675594-63.2025.8.03.1334,AP,Não reconhece operação,Golpe,Êxito,Improcedência,28331.35,0.0,1,1,0,1,1,0
6330162-78.2025.8.14.4887,PA,Não reconhece operação,Golpe,Êxito,Improcedência,16869.23,0.0,1,1,1,1,1,1
8944994-17.2025.8.10.6502,MA,Não reconhece operação,Golpe,Êxito,Improcedência,15569.58,0.0,1,1,0,1,1,1
8679048-94.2025.8.14.7294,PA,Não reconhece operação,Golpe,Êxito,Improcedência,11649.43,0.0,1,1,1,1,1,1
6464085-63.2025.8.26.4633,SP,Não reconhece operação,Genérico,Êxito,Improcedência,12761.6,0.0,1,1,1,0,1,1
1011083-73.2025.8.04.1577,AM,Não reconhece operação,Golpe,Não Êxito,Parcial procedência,4937.39,4889.91,1,1,0,1,1,1
1565824-83.2025.8.27.2512,TO,Não reconhece operação,Golpe,Não Êxito,Procedência,18860.67,10278.21,0,1,1,1,1,1
5978562-98.2025.8.11.7270,MT,Não reconhece operação,Golpe,Êxito,Extinção,8765.62,0.0,1,1,1,1,0,1
7094263-60.2025.8.22.1096,RO,Não reconhece operação,Golpe,Êxito,Improcedência,19411.77,0.0,1,1,0,0,0,1
9437901-11.2025.8.12.1203,MS,Não reconhece operação,Golpe,Êxito,Extinção,14771.07,0.0,1,1,0,1,1,1
2139895-37.2025.8.09.3073,GO,Não reconhece operação,Golpe,Êxito,Extinção,15610.56,0.0,1,0,1,1,1,1
4048604-51.2025.8.22.4289,RO,Não reconhece operação,Golpe,Êxito,Improcedência,14774.3,0.0,0,1,0,1,1,0
9577275-79.2025.8.19.9353,RJ,Não reconhece operação,Golpe,Êxito,Improcedência,21783.43,0.0,1,1,1,0,0,0
8977773-59.2025.8.03.3286,AP,Não reconhece operação,Genérico,Não Êxito,Procedência,20916.73,11884.45,1,0,1,0,0,1
9692563-43.2025.8.20.4713,RN,Não reconhece operação,Golpe,Êxito,Improcedência,14840.43,0.0,1,1,1,0,1,0
2862376-83.2025.8.22.8483,RO,Não reconhece operação,Golpe,Não Êxito,Parcial procedência,10570.93,6004.08,0,1,1,0,1,0
9899092-31.2025.8.13.0191,MG,Não reconhece operação,Golpe,Êxito,Extinção,19515.57,0.0,1,1,1,1,1,1
4740796-64.2025.8.25.1437,SE,Não reconhece operação,Golpe,Êxito,Improcedência,10200.11,0.0,1,0,1,1,1,1
9512531-87.2025.8.16.3657,PR,Não reconhece operação,Golpe,Êxito,Extinção,7352.74,0.0,1,1,0,1,1,1
9276084-59.2025.8.10.0002,MA,Não reconhece operação,Golpe,Êxito,Improcedência,17427.51,0.0,1,1,1,1,1,1
3730490-41.2025.8.01.7003,AC,Não reconhece operação,Genérico,Êxito,Improcedência,20961.12,0.0,0,1,1,0,1,0
6979143-65.2025.8.19.3024,RJ,Não reconhece operação,Golpe,Êxito,Improcedência,12994.51,0.0,1,1,0,0,1,1
8612317-23.2025.8.06.6813,CE,Não reconhece operação,Golpe,Êxito,Improcedência,16967.1,0.0,1,0,0,1,1,1
2155397-24.2025.8.22.1879,RO,Não reconhece operação,Genérico,Êxito,Improcedência,12942.55,0.0,1,1,1,1,1,1
6268425-27.2025.8.15.0006,PB,Não reconhece operação,Genérico,Não Êxito,Parcial procedência,18524.9,13418.68,0,1,0,1,0,1
7905208-32.2025.8.11.1400,MT,Não reconhece operação,Golpe,Êxito,Improcedência,20355.32,0.0,1,0,0,1,1,1
3118187-48.2025.8.05.8123,BA,Não reconhece operação,Golpe,Êxito,Improcedência,13692.36,0.0,1,1,1,1,1,1
9106699-26.2025.8.20.1905,RN,Não reconhece operação,Genérico,Êxito,Improcedência,9939.91,0.0,0,1,1,1,0,1
8623562-83.2025.8.05.0036,BA,Não reconhece operação,Genérico,Êxito,Improcedência,7832.78,0.0,1,1,1,1,1,1
5666511-40.2025.8.12.5053,MS,Não reconhece operação,Golpe,Êxito,Extinção,19524.39,0.0,0,1,0,1,1,1
1065833-47.2025.8.21.4604,RS,Não reconhece operação,Genérico,Êxito,Improcedência,9405.25,0.0,0,1,1,1,1,1
6276795-43.2025.8.25.9905,SE,Não reconhece operação,Golpe,Êxito,Improcedência,16807.66,0.0,1,1,1,0,1,1
6947705-73.2025.8.27.4337,TO,Não reconhece operação,Genérico,Êxito,Improcedência,18796.8,0.0,1,1,0,1,0,1
6164401-40.2025.8.26.1200,SP,Não reconhece operação,Golpe,Êxito,Improcedência,12522.39,0.0,1,1,1,1,1,1
3307729-35.2025.8.17.5855,PE,Não reconhece operação,Golpe,Não Êxito,Parcial procedência,14166.62,6704.29,0,1,1,1,1,1
4978945-75.2025.8.06.5587,CE,Não reconhece operação,Golpe,Não Êxito,Parcial procedência,19884.34,9553.0,0,0,0,0,1,1
1882286-79.2025.8.21.9708,RS,Não reconhece operação,Golpe,Não Êxito,Procedência,11016.52,8377.4,0,1,0,1,0,1
1612149-75.2025.8.23.5811,RR,Não reconhece operação,Golpe,Não Êxito,Procedência,10518.39,6869.71,1,1,0,0,0,1
5251249-50.2025.8.27.0220,TO,Não reconhece operação,Golpe,Êxito,Extinção,13832.07,0.0,1,1,1,1,1,1
1814121-32.2025.8.16.9232,PR,Não reconhece operação,Golpe,Êxito,Improcedência,21252.7,0.0,1,1,1,1,1,1
7526791-39.2025.8.03.7153,AP,Não reconhece operação,Golpe,Êxito,Extinção,22885.79,0.0,1,1,1,1,1,1
3577373-57.2025.8.14.6873,PA,Não reconhece operação,Genérico,Êxito,Extinção,14497.48,0.0,1,1,1,0,1,1
6884934-26.2025.8.11.7698,MT,Não reconhece operação,Genérico,Êxito,Extinção,11487.93,0.0,0,1,1,0,1,1
1786110-72.2025.8.21.4949,RS,Não reconhece operação,Golpe,Não Êxito,Parcial procedência,20203.63,15917.72,1,0,0,0,1,1
5914916-18.2025.8.13.4930,MG,Não reconhece operação,Golpe,Êxito,Improcedência,6791.23,0.0,1,1,0,0,1,0
9312171-23.2025.8.09.9181,GO,Não reconhece operação,Golpe,Êxito,Improcedência,16197.18,0.0,1,1,1,1,0,1
2316091-53.2025.8.04.7803,AM,Não reconhece operação,Genérico,Êxito,Improcedência,14766.72,0.0,1,1,1,1,1,1
2129257-10.2025.8.21.9528,RS,Não reconhece operação,Golpe,Não Êxito,Parcial procedência,21330.79,14519.39,0,1,1,1,1,0
1288147-46.2025.8.22.7983,RO,Não reconhece operação,Golpe,Êxito,Improcedência,21827.32,0.0,1,1,1,1,0,1
1023056-84.2025.8.02.9936,AL,Não reconhece operação,Genérico,Êxito,Improcedência,10357.36,0.0,1,1,0,1,1,1
5586738-81.2025.8.12.6725,MS,Não reconhece operação,Genérico,Êxito,Improcedência,15804.96,0.0,1,1,1,0,1,1
7840498-41.2025.8.11.0910,MT,Não reconhece operação,Golpe,Êxito,Extinção,12182.33,0.0,1,1,0,0,1,1
4689544-57.2025.8.11.9661,MT,Não reconhece operação,Golpe,Êxito,Improcedência,13542.88,0.0,1,1,1,0,1,0
4593247-66.2025.8.25.9998,SE,Não reconhece operação,Golpe,Êxito,Improcedência,18011.61,0.0,0,1,1,1,1,1
4654759-71.2025.8.05.6780,BA,Não reconhece operação,Genérico,Não Êxito,Parcial procedência,13338.92,10937.21,0,0,0,0,1,0
3679656-17.2025.8.09.8116,GO,Não reconhece operação,Golpe,Êxito,Extinção,15933.75,0.0,1,1,1,0,1,1
5208115-11.2025.8.05.1196,BA,Não reconhece operação,Golpe,Êxito,Improcedência,19679.37,0.0,1,1,1,0,1,1
7636735-37.2025.8.07.8377,DF,Não reconhece operação,Golpe,Êxito,Improcedência,22416.84,0.0,1,1,0,1,0,1
6853978-90.2025.8.25.9072,SE,Não reconhece operação,Golpe,Êxito,Improcedência,16398.7,0.0,1,1,1,1,1,1
5194219-23.2025.8.26.6095,SP,Não reconhece operação,Golpe,Não Êxito,Procedência,15560.05,10300.24,1,1,1,0,1,1
4576669-30.2025.8.02.6117,AL,Não reconhece operação,Golpe,Êxito,Improcedência,9548.9,0.0,1,1,1,0,1,0
5457346-44.2025.8.16.4574,PR,Não reconhece operação,Genérico,Êxito,Extinção,22763.45,0.0,1,1,1,1,1,1
5408315-90.2025.8.07.9481,DF,Não reconhece operação,Genérico,Êxito,Improcedência,17414.52,0.0,1,1,1,1,1,0
9675724-15.2025.8.06.0310,CE,Não reconhece operação,Golpe,Êxito,Extinção,15650.63,0.0,1,1,1,1,1,1
6198096-93.2025.8.08.5905,ES,Não reconhece operação,Genérico,Êxito,Improcedência,15399.52,0.0,1,1,0,1,1,1
8834674-85.2025.8.06.6827,CE,Não reconhece operação,Golpe,Êxito,Improcedência,16751.86,0.0,1,1,0,0,1,1
9830982-38.2025.8.14.5885,PA,Não reconhece operação,Golpe,Êxito,Improcedência,18769.24,0.0,1,1,1,1,1,1
4295938-74.2025.8.27.5917,TO,Não reconhece operação,Golpe,Êxito,Improcedência,19376.51,0.0,1,1,1,1,0,1
4731664-26.2025.8.17.3012,PE,Não reconhece operação,Genérico,Êxito,Improcedência,22886.13,0.0,0,1,1,0,1,0
3154199-35.2025.8.20.9916,RN,Não reconhece operação,Genérico,Êxito,Improcedência,16173.03,0.0,1,1,1,1,0,0
6590464-82.2025.8.14.8371,PA,Não reconhece operação,Genérico,Êxito,Improcedência,23589.77,0.0,1,1,1,1,1,1
9413022-73.2025.8.01.3269,AC,Não reconhece operação,Genérico,Não Êxito,Parcial procedência,20172.27,17723.53,1,0,0,1,1,1
4195532-37.2025.8.04.7821,AM,Não reconhece operação,Genérico,Êxito,Improcedência,14687.14,0.0,1,1,1,1,1,1
5749940-75.2025.8.08.4315,ES,Não reconhece operação,Golpe,Êxito,Extinção,6800.66,0.0,1,1,1,0,0,1
3140103-46.2025.8.07.2410,DF,Não reconhece operação,Genérico,Êxito,Improcedência,15402.03,0.0,1,1,0,0,1,1
6759562-52.2025.8.21.9748,RS,Não reconhece operação,Golpe,Êxito,Extinção,22629.39,0.0,1,1,0,0,0,1
9770178-49.2025.8.21.4039,RS,Não reconhece operação,Golpe,Êxito,Improcedência,11178.1,0.0,1,1,1,1,1,1
6568205-29.2025.8.24.2459,SC,Não reconhece operação,Golpe,Êxito,Improcedência,15386.82,0.0,0,1,1,0,1,1
5689413-80.2025.8.16.2174,PR,Não reconhece operação,Golpe,Não Êxito,Parcial procedência,15792.9,13017.6,0,0,0,1,0,0
2810171-77.2025.8.17.5569,PE,Não reconhece operação,Golpe,Êxito,Improcedência,19605.05,0.0,1,1,1,0,0,1
6748427-44.2025.8.16.1425,PR,Não reconhece operação,Golpe,Não Êxito,Parcial procedência,13079.27,12699.67,1,0,0,1,0,0
7909800-54.2025.8.13.9560,MG,Não reconhece operação,Golpe,Êxito,Extinção,10716.27,0.0,1,1,0,1,1,1
3101171-96.2025.8.19.4180,RJ,Não reconhece operação,Golpe,Êxito,Improcedência,17779.1,0.0,1,1,1,1,0,1
5226016-66.2025.8.23.2865,RR,Não reconhece operação,Genérico,Êxito,Extinção,11334.51,0.0,1,1,1,0,1,1
1069680-25.2025.8.22.7213,RO,Não reconhece operação,Golpe,Êxito,Extinção,5975.67,0.0,1,1,1,0,0,0
2959808-93.2025.8.18.6322,PI,Não reconhece operação,Golpe,Êxito,Improcedência,24012.6,0.0,1,1,1,1,0,1
3061448-95.2025.8.02.4062,AL,Não reconhece operação,Golpe,Êxito,Extinção,19530.98,0.0,1,1,1,1,1,1
1500920-87.2025.8.20.8281,RN,Não reconhece operação,Golpe,Êxito,Improcedência,24223.67,0.0,1,1,0,0,1,1
2405111-80.2025.8.10.8445,MA,Não reconhece operação,Golpe,Êxito,Improcedência,19270.83,0.0,1,1,0,1,1,1
4103376-75.2025.8.22.3705,RO,Não reconhece operação,Genérico,Êxito,Improcedência,18320.63,0.0,1,1,0,1,0,1
4517078-87.2025.8.15.2501,PB,Não reconhece operação,Golpe,Êxito,Improcedência,16795.44,0.0,1,1,0,0,0,1
2527643-35.2025.8.24.9046,SC,Não reconhece operação,Genérico,Êxito,Improcedência,14069.38,0.0,1,1,0,1,1,0
8730184-27.2025.8.10.4637,MA,Não reconhece operação,Genérico,Não Êxito,Procedência,17495.02,11876.94,0,0,1,0,0,0
7322031-11.2025.8.26.2557,SP,Não reconhece operação,Golpe,Êxito,Improcedência,12267.57,0.0,0,1,1,1,1,1
7386862-41.2025.8.21.8986,RS,Não reconhece operação,Genérico,Êxito,Improcedência,9735.66,0.0,1,1,0,0,0,1
1929597-14.2025.8.09.4821,GO,Não reconhece operação,Golpe,Êxito,Improcedência,13352.02,0.0,1,1,1,1,1,1
8884770-16.2025.8.14.7681,PA,Não reconhece operação,Genérico,Êxito,Improcedência,21319.33,0.0,1,1,1,0,1,1
5403046-91.2025.8.15.6036,PB,Não reconhece operação,Genérico,Êxito,Improcedência,8934.98,0.0,1,1,1,1,1,0
7195154-14.2025.8.22.5118,RO,Não reconhece operação,Genérico,Êxito,Extinção,9012.95,0.0,1,1,1,0,1,1
2486368-29.2025.8.19.8785,RJ,Não reconhece operação,Golpe,Não Êxito,Parcial procedência,17883.65,14464.24,1,1,1,0,1,1
2403813-86.2025.8.24.0797,SC,Não reconhece operação,Genérico,Êxito,Extinção,12945.47,0.0,1,1,0,1,0,1
6565767-86.2025.8.10.1823,MA,Não reconhece operação,Genérico,Êxito,Extinção,17364.44,0.0,0,1,1,1,1,1
7625161-29.2025.8.14.7447,PA,Não reconhece operação,Golpe,Êxito,Extinção,19839.26,0.0,1,0,1,1,1,1
1682803-51.2025.8.12.0724,MS,Não reconhece operação,Genérico,Êxito,Improcedência,17246.86,0.0,1,0,1,1,1,0
7911252-70.2025.8.25.6275,SE,Não reconhece operação,Genérico,Êxito,Extinção,11879.87,0.0,1,1,1,1,0,1
5326587-38.2025.8.09.1990,GO,Não reconhece operação,Golpe,Êxito,Improcedência,21277.34,0.0,1,1,1,1,1,1
6050725-71.2025.8.17.2395,PE,Não reconhece operação,Genérico,Êxito,Extinção,18623.67,0.0,1,1,1,1,1,1
7220320-60.2025.8.03.7489,AP,Não reconhece operação,Golpe,Não Êxito,Parcial procedência,15113.83,11366.3,0,1,1,0,1,1
3240789-75.2025.8.21.5744,RS,Não reconhece operação,Golpe,Não Êxito,Parcial procedência,14876.29,8149.32,0,1,0,1,1,1
9048289-47.2025.8.13.2654,MG,Não reconhece operação,Golpe,Êxito,Improcedência,16817.31,0.0,1,1,1,1,1,1
1461019-90.2025.8.10.8078,MA,Não reconhece operação,Golpe,Não Êxito,Procedência,13451.34,9499.06,0,1,0,1,1,1
4991053-76.2025.8.17.1301,PE,Não reconhece operação,Genérico,Êxito,Improcedência,6978.14,0.0,1,1,0,1,1,1
5941397-15.2025.8.14.0021,PA,Não reconhece operação,Golpe,Êxito,Improcedência,18663.09,0.0,1,1,1,1,1,1
3317495-18.2025.8.21.0959,RS,Não reconhece operação,Golpe,Êxito,Extinção,18371.56,0.0,1,0,1,0,1,1
7154410-39.2025.8.15.8892,PB,Não reconhece operação,Golpe,Êxito,Improcedência,3691.24,0.0,1,0,1,1,1,1
9591083-28.2025.8.14.0733,PA,Não reconhece operação,Golpe,Êxito,Improcedência,17488.0,0.0,1,1,0,1,1,0
9236133-48.2025.8.04.7896,AM,Não reconhece operação,Genérico,Êxito,Extinção,23600.97,0.0,1,1,0,1,1,0
6585517-10.2025.8.01.8460,AC,Não reconhece operação,Genérico,Êxito,Improcedência,9449.06,0.0,1,1,0,1,1,0
9901089-12.2025.8.13.8107,MG,Não reconhece operação,Golpe,Não Êxito,Parcial procedência,14622.56,12476.58,0,1,0,0,1,0
4682858-43.2025.8.27.2250,TO,Não reconhece operação,Golpe,Êxito,Improcedência,14089.24,0.0,1,1,1,1,1,1
7321208-30.2025.8.25.1909,SE,Não reconhece operação,Golpe,Não Êxito,Parcial procedência,23129.56,14783.88,0,0,0,1,1,1
9005501-44.2025.8.18.7048,PI,Não reconhece operação,Golpe,Êxito,Improcedência,20482.5,0.0,1,1,1,1,1,1
7432729-27.2025.8.16.3979,PR,Não reconhece operação,Golpe,Não Êxito,Parcial procedência,10671.95,6363.44,0,1,0,1,1,1
7363353-26.2025.8.13.4446,MG,Não reconhece operação,Golpe,Êxito,Improcedência,16660.91,0.0,1,0,1,1,1,0
8269021-76.2025.8.05.6542,BA,Não reconhece operação,Golpe,Não Êxito,Parcial procedência,26281.03,14423.17,1,1,0,1,1,1
9321089-52.2025.8.01.1943,AC,Não reconhece operação,Golpe,Êxito,Improcedência,11916.85,0.0,1,1,1,0,1,1
4119913-96.2025.8.10.1219,MA,Não reconhece operação,Golpe,Não Êxito,Parcial procedência,14927.46,7102.25,0,1,1,1,1,1
4541636-98.2025.8.09.3444,GO,Não reconhece operação,Golpe,Êxito,Improcedência,17501.89,0.0,1,1,1,1,0,0
7917314-50.2025.8.06.4549,CE,Não reconhece operação,Genérico,Êxito,Extinção,11988.76,0.0,1,1,0,0,1,1
1437413-75.2025.8.07.3968,DF,Não reconhece operação,Genérico,Êxito,Extinção,23633.94,0.0,0,1,1,1,1,1
5930597-63.2025.8.01.1529,AC,Não reconhece operação,Golpe,Êxito,Extinção,12662.89,0.0,1,1,1,1,1,1
2517865-97.2025.8.18.1980,PI,Não reconhece operação,Genérico,Êxito,Improcedência,8166.43,0.0,0,1,1,0,0,1
1757746-92.2025.8.26.1693,SP,Não reconhece operação,Genérico,Êxito,Improcedência,12406.19,0.0,1,1,1,0,1,1
9296175-85.2025.8.19.6117,RJ,Não reconhece operação,Golpe,Êxito,Improcedência,18186.46,0.0,1,1,0,0,1,1
7737494-52.2025.8.11.5810,MT,Não reconhece operação,Golpe,Não Êxito,Parcial procedência,11065.68,3384.72,1,0,0,0,0,1
5138972-14.2025.8.12.6336,MS,Não reconhece operação,Golpe,Êxito,Improcedência,16465.04,0.0,1,1,0,1,1,1
5816790-68.2025.8.09.2129,GO,Não reconhece operação,Genérico,Êxito,Improcedência,17742.54,0.0,1,1,0,0,1,1
2608303-20.2025.8.03.3031,AP,Não reconhece operação,Golpe,Êxito,Extinção,9050.15,0.0,1,1,1,1,1,0
9994676-84.2025.8.18.3398,PI,Não reconhece operação,Golpe,Êxito,Improcedência,12216.2,0.0,1,1,1,1,1,1
5311426-74.2025.8.17.3720,PE,Não reconhece operação,Golpe,Êxito,Extinção,16694.54,0.0,0,1,1,0,0,1
7388996-88.2025.8.01.4953,AC,Não reconhece operação,Golpe,Não Êxito,Acordo,18428.81,3743.1,0,0,0,0,1,1
6372776-75.2025.8.12.8476,MS,Não reconhece operação,Genérico,Êxito,Extinção,12338.47,0.0,1,1,1,0,1,0
6652446-21.2025.8.08.9788,ES,Não reconhece operação,Golpe,Não Êxito,Parcial procedência,15726.91,8897.55,1,1,0,1,1,1
5537207-20.2025.8.05.6275,BA,Não reconhece operação,Genérico,Êxito,Extinção,13588.96,0.0,1,1,1,0,0,1
8760072-24.2025.8.19.6340,RJ,Não reconhece operação,Genérico,Êxito,Extinção,18553.63,0.0,0,1,1,1,1,0
6258955-33.2025.8.15.4840,PB,Não reconhece operação,Genérico,Êxito,Extinção,17530.87,0.0,0,1,1,0,1,1
9415433-35.2025.8.16.3060,PR,Não reconhece operação,Golpe,Êxito,Improcedência,13149.57,0.0,1,1,0,0,0,1
4320767-80.2025.8.20.6414,RN,Não reconhece operação,Genérico,Êxito,Extinção,17329.84,0.0,1,1,0,1,1,1
3718431-34.2025.8.27.3326,TO,Não reconhece operação,Golpe,Êxito,Improcedência,12957.64,0.0,0,1,1,0,0,1
7074109-41.2025.8.23.6986,RR,Não reconhece operação,Golpe,Êxito,Improcedência,17226.39,0.0,0,1,0,1,1,0
1009389-29.2025.8.18.4897,PI,Não reconhece operação,Genérico,Não Êxito,Parcial procedência,17294.76,12079.74,1,1,0,1,1,1
4849376-87.2025.8.24.1655,SC,Não reconhece operação,Golpe,Êxito,Improcedência,26616.53,0.0,0,1,1,0,0,0
7013419-58.2025.8.11.7892,MT,Não reconhece operação,Golpe,Não Êxito,Parcial procedência,13332.21,9154.76,1,1,0,1,0,0
6928355-14.2025.8.27.5839,TO,Não reconhece operação,Golpe,Êxito,Improcedência,14289.01,0.0,1,1,1,1,1,1
2518666-58.2025.8.22.5364,RO,Não reconhece operação,Genérico,Êxito,Improcedência,11806.33,0.0,0,1,1,1,1,1
2868773-21.2025.8.16.0717,PR,Não reconhece operação,Genérico,Êxito,Extinção,9914.3,0.0,1,1,1,1,0,1
5137352-76.2025.8.25.4687,SE,Não reconhece operação,Golpe,Êxito,Extinção,12742.42,0.0,1,1,1,1,1,0
3715391-71.2025.8.14.7883,PA,Não reconhece operação,Genérico,Êxito,Improcedência,18245.73,0.0,0,1,1,1,1,1
6578104-77.2025.8.20.8752,RN,Não reconhece operação,Golpe,Êxito,Improcedência,18600.8,0.0,0,1,1,1,1,1
2570275-26.2025.8.08.5527,ES,Não reconhece operação,Golpe,Êxito,Improcedência,16433.05,0.0,1,1,1,1,0,0
9338296-56.2025.8.27.4969,TO,Não reconhece operação,Golpe,Êxito,Extinção,13530.92,0.0,1,1,0,1,1,1
6075267-62.2025.8.18.7459,PI,Não reconhece operação,Genérico,Êxito,Improcedência,12561.28,0.0,0,1,0,1,0,0
5470617-30.2025.8.23.0608,RR,Não reconhece operação,Golpe,Não Êxito,Parcial procedência,10483.46,5091.66,1,1,1,1,1,1
6705714-89.2025.8.11.6204,MT,Não reconhece operação,Golpe,Êxito,Extinção,12249.64,0.0,0,1,1,0,0,1
9899926-11.2025.8.24.1976,SC,Não reconhece operação,Golpe,Êxito,Extinção,8627.21,0.0,1,1,1,1,1,1
5613451-52.2025.8.04.3161,AM,Não reconhece operação,Genérico,Êxito,Extinção,21644.98,0.0,1,1,0,1,1,1
7452751-12.2025.8.03.2848,AP,Não reconhece operação,Golpe,Êxito,Improcedência,23996.79,0.0,1,1,0,1,1,1
9330599-41.2025.8.14.4941,PA,Não reconhece operação,Golpe,Êxito,Improcedência,5483.23,0.0,0,1,1,1,1,1
6553356-25.2025.8.20.4579,RN,Não reconhece operação,Genérico,Não Êxito,Procedência,16401.56,13905.43,0,1,0,0,1,1
7213428-95.2025.8.23.5462,RR,Não reconhece operação,Golpe,Êxito,Improcedência,16320.25,0.0,1,1,1,1,1,0
8629192-57.2025.8.12.6045,MS,Não reconhece operação,Golpe,Êxito,Extinção,16006.78,0.0,1,1,0,1,1,1
4657675-27.2025.8.16.4911,PR,Não reconhece operação,Golpe,Êxito,Improcedência,12073.69,0.0,0,1,1,0,1,1
2929553-61.2025.8.15.1249,PB,Não reconhece operação,Genérico,Êxito,Extinção,19999.5,0.0,1,1,1,1,1,1
3239550-15.2025.8.26.2423,SP,Não reconhece operação,Golpe,Êxito,Improcedência,16996.34,0.0,1,1,1,0,1,1
5802348-93.2025.8.16.9191,PR,Não reconhece operação,Golpe,Êxito,Improcedência,20056.46,0.0,0,1,1,1,1,1
5902321-38.2025.8.12.4954,MS,Não reconhece operação,Golpe,Não Êxito,Parcial procedência,11363.34,8887.34,0,1,1,1,1,1
1213585-97.2025.8.27.2083,TO,Não reconhece operação,Genérico,Não Êxito,Parcial procedência,8195.14,7100.58,0,0,1,0,1,1
3611531-39.2025.8.04.6789,AM,Não reconhece operação,Genérico,Êxito,Extinção,17116.2,0.0,1,0,1,1,1,1
4668878-40.2025.8.27.4939,TO,Não reconhece operação,Golpe,Êxito,Extinção,10257.19,0.0,1,1,0,1,0,1
3740156-45.2025.8.05.3604,BA,Não reconhece operação,Golpe,Não Êxito,Parcial procedência,20156.94,20156.94,0,1,0,0,0,0
6333758-63.2025.8.08.3284,ES,Não reconhece operação,Genérico,Êxito,Improcedência,4547.21,0.0,1,1,1,1,1,1
4303398-95.2025.8.21.2672,RS,Não reconhece operação,Golpe,Não Êxito,Procedência,12683.14,12683.14,1,1,0,0,1,1
7661705-10.2025.8.20.1890,RN,Não reconhece operação,Golpe,Não Êxito,Procedência,11959.97,9029.02,0,1,1,1,1,1
1926437-79.2025.8.27.8962,TO,Não reconhece operação,Golpe,Êxito,Extinção,13351.28,0.0,1,1,0,1,0,0
5132256-63.2025.8.22.9673,RO,Não reconhece operação,Golpe,Não Êxito,Parcial procedência,16263.36,12850.67,0,1,1,0,1,0
9929924-60.2025.8.16.8902,PR,Não reconhece operação,Golpe,Não Êxito,Procedência,16926.46,16926.46,1,1,0,1,0,1
4899475-32.2025.8.10.3191,MA,Não reconhece operação,Golpe,Não Êxito,Parcial procedência,18121.28,6251.79,0,1,0,1,0,1
6567261-80.2025.8.01.8529,AC,Não reconhece operação,Golpe,Êxito,Improcedência,18686.79,0.0,1,1,0,0,1,1
6881119-92.2025.8.03.1670,AP,Não reconhece operação,Golpe,Êxito,Improcedência,14140.55,0.0,1,1,0,1,1,1
3793215-80.2025.8.09.1577,GO,Não reconhece operação,Genérico,Êxito,Improcedência,25329.26,0.0,0,1,1,1,1,1
9639586-72.2025.8.02.6214,AL,Não reconhece operação,Golpe,Êxito,Extinção,21788.42,0.0,1,1,0,0,1,1
9171851-50.2025.8.14.5944,PA,Não reconhece operação,Golpe,Não Êxito,Parcial procedência,13451.32,6147.2,0,1,1,1,1,1
9199034-86.2025.8.22.5237,RO,Não reconhece operação,Genérico,Êxito,Improcedência,14310.58,0.0,1,1,1,1,1,0
7060679-96.2025.8.27.1700,TO,Não reconhece operação,Golpe,Êxito,Improcedência,13347.98,0.0,0,1,0,0,1,1
9888762-76.2025.8.14.0087,PA,Não reconhece operação,Genérico,Êxito,Improcedência,16764.84,0.0,0,1,1,1,0,1
9023698-93.2025.8.24.6233,SC,Não reconhece operação,Golpe,Não Êxito,Procedência,10213.05,6808.28,1,1,1,0,1,1
2393004-88.2025.8.27.3803,TO,Não reconhece operação,Genérico,Êxito,Improcedência,11108.06,0.0,1,1,0,0,1,0
8330889-49.2025.8.24.2042,SC,Não reconhece operação,Golpe,Êxito,Extinção,4347.28,0.0,1,1,1,1,0,1
2240017-83.2025.8.11.9397,MT,Não reconhece operação,Golpe,Não Êxito,Procedência,13026.03,6606.55,0,0,1,1,1,1
9410941-51.2025.8.09.6486,GO,Não reconhece operação,Golpe,Não Êxito,Procedência,20206.79,13556.19,0,1,1,0,1,1
5308944-87.2025.8.27.5263,TO,Não reconhece operação,Golpe,Êxito,Improcedência,14235.86,0.0,0,1,0,0,1,1
2162243-73.2025.8.07.7449,DF,Não reconhece operação,Golpe,Não Êxito,Procedência,14510.34,11660.07,1,1,0,1,1,1
6508033-26.2025.8.12.2981,MS,Não reconhece operação,Genérico,Êxito,Extinção,16347.07,0.0,1,1,1,1,1,0
9301988-60.2025.8.02.6633,AL,Não reconhece operação,Genérico,Não Êxito,Parcial procedência,10064.38,2012.88,0,1,0,1,0,1
4064215-55.2025.8.23.5438,RR,Não reconhece operação,Golpe,Não Êxito,Procedência,15106.27,9619.96,0,0,1,0,1,1
8057336-12.2025.8.16.5093,PR,Não reconhece operação,Genérico,Êxito,Improcedência,19350.89,0.0,1,1,0,0,1,1
2696943-15.2025.8.04.0161,AM,Não reconhece operação,Genérico,Não Êxito,Parcial procedência,16486.45,15295.84,1,1,0,0,0,1
8970849-73.2025.8.06.3070,CE,Não reconhece operação,Genérico,Êxito,Improcedência,19781.89,0.0,1,1,0,1,1,0
4945552-87.2025.8.15.5140,PB,Não reconhece operação,Genérico,Êxito,Improcedência,21185.08,0.0,1,1,1,0,0,1
8668653-26.2025.8.15.7227,PB,Não reconhece operação,Golpe,Êxito,Extinção,18233.41,0.0,1,1,1,1,1,1
9654408-63.2025.8.23.5323,RR,Não reconhece operação,Golpe,Êxito,Improcedência,11481.82,0.0,1,1,1,1,1,1
4767715-91.2025.8.08.2433,ES,Não reconhece operação,Golpe,Êxito,Improcedência,13293.58,0.0,1,1,1,1,1,1
8154435-89.2025.8.25.7630,SE,Não reconhece operação,Genérico,Não Êxito,Parcial procedência,24459.69,7678.85,0,1,1,1,1,0
6253992-92.2025.8.11.0506,MT,Não reconhece operação,Golpe,Não Êxito,Parcial procedência,16523.77,9708.86,0,1,1,1,0,1
2491172-10.2025.8.21.5110,RS,Não reconhece operação,Golpe,Não Êxito,Procedência,15870.12,14695.62,0,1,1,1,1,0
4717882-16.2025.8.07.0096,DF,Não reconhece operação,Golpe,Êxito,Improcedência,10762.51,0.0,1,1,0,1,1,1
2396448-87.2025.8.01.5324,AC,Não reconhece operação,Genérico,Êxito,Extinção,14533.41,0.0,1,1,1,0,1,0
5891400-38.2025.8.02.1589,AL,Não reconhece operação,Golpe,Êxito,Extinção,18497.32,0.0,1,1,1,1,1,0
1769117-48.2025.8.13.9770,MG,Não reconhece operação,Golpe,Não Êxito,Parcial procedência,15055.04,10922.83,1,0,0,1,1,1
8000733-78.2025.8.26.4351,SP,Não reconhece operação,Genérico,Êxito,Extinção,12433.69,0.0,1,1,1,1,1,1
6230116-28.2025.8.02.3725,AL,Não reconhece operação,Genérico,Êxito,Improcedência,13572.04,0.0,0,1,1,1,1,0
1050302-80.2025.8.10.6660,MA,Não reconhece operação,Golpe,Não Êxito,Parcial procedência,20830.28,14943.55,0,1,1,1,0,1
9847024-97.2025.8.04.4753,AM,Não reconhece operação,Genérico,Não Êxito,Parcial procedência,18258.88,16051.55,0,0,1,0,1,1
3838072-53.2025.8.26.1354,SP,Não reconhece operação,Genérico,Êxito,Improcedência,17602.64,0.0,1,1,1,1,1,0
5833654-14.2025.8.19.2156,RJ,Não reconhece operação,Golpe,Êxito,Improcedência,17145.53,0.0,1,1,0,1,1,0
1510457-11.2025.8.22.9419,RO,Não reconhece operação,Genérico,Êxito,Improcedência,9177.26,0.0,1,1,1,0,0,1
4824537-32.2025.8.20.4139,RN,Não reconhece operação,Golpe,Êxito,Extinção,16318.57,0.0,1,1,1,1,1,0
8577487-89.2025.8.16.8939,PR,Não reconhece operação,Golpe,Êxito,Extinção,20222.73,0.0,1,1,1,0,1,1
6759092-27.2025.8.22.4204,RO,Não reconhece operação,Golpe,Êxito,Improcedência,13701.89,0.0,1,1,1,1,1,1
1151419-70.2025.8.01.8776,AC,Não reconhece operação,Golpe,Não Êxito,Parcial procedência,19778.27,15227.8,0,0,1,0,1,1
9118664-44.2025.8.24.8607,SC,Não reconhece operação,Golpe,Não Êxito,Parcial procedência,17657.53,9030.63,1,1,0,1,1,1
1405441-92.2025.8.20.2219,RN,Não reconhece operação,Golpe,Êxito,Extinção,19043.45,0.0,0,1,1,1,1,1
9650421-70.2025.8.20.4636,RN,Não reconhece operação,Golpe,Êxito,Improcedência,15232.13,0.0,0,1,1,1,0,1
7100497-21.2025.8.13.7267,MG,Não reconhece operação,Golpe,Não Êxito,Parcial procedência,19332.52,19332.52,1,0,1,1,1,0
9481423-43.2025.8.23.0490,RR,Não reconhece operação,Golpe,Não Êxito,Parcial procedência,7795.24,6201.1,0,1,0,0,0,1
9647918-35.2025.8.13.3210,MG,Não reconhece operação,Golpe,Êxito,Improcedência,15144.83,0.0,1,1,0,1,1,1
8210443-66.2025.8.02.1358,AL,Não reconhece operação,Golpe,Não Êxito,Procedência,18480.84,18480.84,0,1,1,1,1,1
4787512-25.2025.8.25.2231,SE,Não reconhece operação,Golpe,Não Êxito,Procedência,16436.09,14787.55,0,1,0,0,1,1
7119926-89.2025.8.07.7557,DF,Não reconhece operação,Golpe,Não Êxito,Parcial procedência,20358.24,10446.55,0,1,1,0,1,1
6135490-18.2025.8.04.3188,AM,Não reconhece operação,Genérico,Não Êxito,Parcial procedência,14211.33,12129.05,0,1,0,1,0,0
3153269-44.2025.8.18.7633,PI,Não reconhece operação,Golpe,Êxito,Extinção,12295.92,0.0,1,0,1,1,1,1
3303720-85.2025.8.07.1866,DF,Não reconhece operação,Genérico,Não Êxito,Parcial procedência,6939.52,3053.82,0,0,0,0,0,1
5642626-60.2025.8.24.5904,SC,Não reconhece operação,Golpe,Êxito,Improcedência,13642.79,0.0,1,0,0,0,1,1
7622020-51.2025.8.12.2454,MS,Não reconhece operação,Genérico,Êxito,Improcedência,17518.41,0.0,1,1,0,0,1,0
3153156-48.2025.8.01.2721,AC,Não reconhece operação,Genérico,Êxito,Extinção,18716.34,0.0,1,1,1,0,1,1
2803244-60.2025.8.26.1869,SP,Não reconhece operação,Genérico,Êxito,Extinção,8116.62,0.0,0,1,0,1,1,1
5404023-76.2025.8.14.9805,PA,Não reconhece operação,Golpe,Não Êxito,Procedência,20749.32,14209.0,1,1,0,1,1,1
8189686-42.2025.8.08.0163,ES,Não reconhece operação,Golpe,Êxito,Extinção,10200.87,0.0,1,1,1,1,0,1
6572372-83.2025.8.19.2645,RJ,Não reconhece operação,Golpe,Não Êxito,Procedência,14387.74,6309.76,0,1,1,1,1,1
4836505-21.2025.8.15.7213,PB,Não reconhece operação,Golpe,Êxito,Improcedência,12191.1,0.0,1,1,1,0,1,1
3152140-72.2025.8.01.0396,AC,Não reconhece operação,Genérico,Êxito,Extinção,17029.57,0.0,1,1,1,1,1,1
5474380-64.2025.8.22.9599,RO,Não reconhece operação,Genérico,Êxito,Improcedência,15443.8,0.0,1,1,0,1,1,1
6855553-61.2025.8.13.1120,MG,Não reconhece operação,Golpe,Êxito,Improcedência,18308.87,0.0,1,1,1,1,0,0
6171201-29.2025.8.19.3897,RJ,Não reconhece operação,Golpe,Não Êxito,Parcial procedência,24029.44,13511.4,0,1,0,1,1,0
8072782-65.2025.8.25.0183,SE,Não reconhece operação,Golpe,Êxito,Improcedência,16934.39,0.0,1,1,0,1,1,1
1145597-33.2025.8.18.9380,PI,Não reconhece operação,Golpe,Êxito,Extinção,12152.52,0.0,1,1,0,1,1,1
3390579-77.2025.8.19.3104,RJ,Não reconhece operação,Golpe,Não Êxito,Parcial procedência,17244.58,9234.15,0,1,0,0,0,0
7794166-50.2025.8.07.4229,DF,Não reconhece operação,Golpe,Êxito,Extinção,24526.67,0.0,1,1,0,1,1,1
4396377-89.2025.8.07.8836,DF,Não reconhece operação,Genérico,Êxito,Extinção,18202.75,0.0,0,1,1,1,0,0
4710265-50.2025.8.12.0235,MS,Não reconhece operação,Golpe,Êxito,Improcedência,19622.56,0.0,1,0,1,1,1,1
3972803-16.2025.8.24.5185,SC,Não reconhece operação,Golpe,Não Êxito,Parcial procedência,7162.77,4367.19,0,0,0,1,0,1
9075270-41.2025.8.15.3209,PB,Não reconhece operação,Golpe,Não Êxito,Parcial procedência,16880.54,13832.81,1,0,0,0,0,1
1613067-52.2025.8.10.6944,MA,Não reconhece operação,Genérico,Não Êxito,Procedência,13667.07,5101.98,1,0,1,1,0,0
3358011-89.2025.8.23.4091,RR,Não reconhece operação,Golpe,Êxito,Improcedência,11644.93,0.0,1,1,0,0,1,1
8956749-67.2025.8.24.7227,SC,Não reconhece operação,Golpe,Não Êxito,Procedência,14872.69,10831.82,0,0,0,1,1,1
6886933-68.2025.8.25.8655,SE,Não reconhece operação,Golpe,Não Êxito,Procedência,15515.24,10522.33,1,0,1,1,0,1
9811819-70.2025.8.09.8672,GO,Não reconhece operação,Golpe,Não Êxito,Procedência,11918.4,8499.05,0,1,0,1,1,0
7481420-97.2025.8.20.0879,RN,Não reconhece operação,Golpe,Êxito,Improcedência,15906.95,0.0,1,0,0,0,1,1
9832084-57.2025.8.17.8318,PE,Não reconhece operação,Golpe,Êxito,Improcedência,14130.92,0.0,1,1,1,0,1,0
8842309-18.2025.8.11.8389,MT,Não reconhece operação,Golpe,Êxito,Improcedência,18428.95,0.0,1,1,1,1,1,1
5550045-83.2025.8.13.4612,MG,Não reconhece operação,Genérico,Êxito,Improcedência,16098.87,0.0,1,0,1,1,1,0
6783836-50.2025.8.03.9249,AP,Não reconhece operação,Golpe,Êxito,Improcedência,16826.79,0.0,1,1,0,1,1,1
6663952-23.2025.8.08.4624,ES,Não reconhece operação,Golpe,Não Êxito,Procedência,19787.89,14036.76,0,1,1,1,1,1
5787197-47.2025.8.15.5402,PB,Não reconhece operação,Golpe,Não Êxito,Procedência,17705.27,14595.36,0,1,0,1,1,1
8629746-15.2025.8.24.4762,SC,Não reconhece operação,Genérico,Êxito,Improcedência,14952.34,0.0,1,1,0,0,0,1
1532061-73.2025.8.24.5180,SC,Não reconhece operação,Genérico,Não Êxito,Parcial procedência,4741.99,2399.33,1,0,0,1,1,1
6646443-41.2025.8.06.3892,CE,Não reconhece operação,Genérico,Êxito,Improcedência,17502.97,0.0,1,0,1,0,0,1
3261256-78.2025.8.19.1155,RJ,Não reconhece operação,Golpe,Êxito,Extinção,10507.53,0.0,1,1,1,0,1,1
3594020-47.2025.8.04.1241,AM,Não reconhece operação,Golpe,Êxito,Extinção,14559.04,0.0,1,0,1,1,1,0
7085777-74.2025.8.19.1554,RJ,Não reconhece operação,Genérico,Êxito,Improcedência,16802.86,0.0,1,1,1,1,1,1
5715086-42.2025.8.10.6659,MA,Não reconhece operação,Genérico,Não Êxito,Parcial procedência,21523.15,6458.48,0,0,1,0,1,0
8279393-65.2025.8.11.2130,MT,Não reconhece operação,Golpe,Êxito,Improcedência,24022.17,0.0,1,1,1,1,1,1
9990209-78.2025.8.20.3756,RN,Não reconhece operação,Golpe,Êxito,Improcedência,10461.93,0.0,1,1,1,1,1,1
3813225-95.2025.8.12.2258,MS,Não reconhece operação,Golpe,Êxito,Extinção,8525.47,0.0,1,1,1,0,1,1
4151761-94.2025.8.23.6177,RR,Não reconhece operação,Genérico,Êxito,Improcedência,16580.43,0.0,1,1,1,1,1,1
1784045-69.2025.8.15.2129,PB,Não reconhece operação,Golpe,Não Êxito,Parcial procedência,16171.75,13659.82,1,1,1,0,1,1
9360189-74.2025.8.27.1762,TO,Não reconhece operação,Golpe,Não Êxito,Procedência,9084.78,6946.23,1,1,0,1,0,1
2595357-57.2025.8.16.1658,PR,Não reconhece operação,Golpe,Êxito,Improcedência,14900.72,0.0,0,1,1,1,1,1
7042711-72.2025.8.09.4420,GO,Não reconhece operação,Golpe,Êxito,Improcedência,17914.23,0.0,1,1,0,1,1,1
2618442-48.2025.8.22.0954,RO,Não reconhece operação,Golpe,Êxito,Extinção,8946.04,0.0,1,1,0,1,1,0
3372828-16.2025.8.12.2309,MS,Não reconhece operação,Golpe,Êxito,Extinção,10101.93,0.0,1,1,1,1,1,0
7307068-11.2025.8.15.7980,PB,Não reconhece operação,Genérico,Êxito,Improcedência,11821.41,0.0,1,1,0,1,1,1
3017982-57.2025.8.03.9076,AP,Não reconhece operação,Golpe,Êxito,Improcedência,13940.67,0.0,1,1,0,1,1,1
7302286-65.2025.8.03.2566,AP,Não reconhece operação,Golpe,Êxito,Improcedência,18387.4,0.0,1,1,0,1,0,1
4500521-68.2025.8.17.9854,PE,Não reconhece operação,Golpe,Êxito,Extinção,13380.21,0.0,1,1,1,1,1,1
2149129-48.2025.8.06.9931,CE,Não reconhece operação,Golpe,Êxito,Improcedência,15253.62,0.0,1,1,1,1,1,1
4623595-50.2025.8.27.9876,TO,Não reconhece operação,Golpe,Não Êxito,Parcial procedência,26003.82,18753.46,0,1,1,1,1,1
4323483-97.2025.8.24.4540,SC,Não reconhece operação,Golpe,Êxito,Improcedência,10289.74,0.0,0,1,0,1,0,1
8127586-72.2025.8.19.6287,RJ,Não reconhece operação,Golpe,Não Êxito,Procedência,11778.06,7730.4,1,1,1,1,1,1
2422473-60.2025.8.20.9385,RN,Não reconhece operação,Genérico,Êxito,Improcedência,18309.46,0.0,1,1,1,1,1,1
7583948-76.2025.8.18.8383,PI,Não reconhece operação,Golpe,Não Êxito,Parcial procedência,19830.36,11030.68,0,0,1,1,1,1
6033430-49.2025.8.02.9351,AL,Não reconhece operação,Golpe,Êxito,Improcedência,17017.55,0.0,0,1,1,1,1,1
1348652-15.2025.8.13.9302,MG,Não reconhece operação,Golpe,Êxito,Improcedência,23858.5,0.0,0,1,1,0,1,0
2541059-75.2025.8.14.1320,PA,Não reconhece operação,Genérico,Êxito,Improcedência,16539.9,0.0,1,1,1,1,1,1
2866525-20.2025.8.25.8887,SE,Não reconhece operação,Golpe,Não Êxito,Parcial procedência,5285.78,2687.19,1,1,0,1,1,1
4344618-13.2025.8.06.7501,CE,Não reconhece operação,Genérico,Êxito,Extinção,15458.14,0.0,1,1,1,0,1,1
4180060-81.2025.8.14.9431,PA,Não reconhece operação,Genérico,Êxito,Extinção,12180.47,0.0,0,1,1,1,1,1
6980273-15.2025.8.10.4024,MA,Não reconhece operação,Golpe,Êxito,Improcedência,21772.33,0.0,1,0,1,1,1,1
3480828-45.2025.8.03.3427,AP,Não reconhece operação,Golpe,Êxito,Improcedência,19715.45,0.0,1,0,1,1,1,1
3000029-76.2025.8.04.0829,AM,Não reconhece operação,Genérico,Êxito,Improcedência,7181.84,0.0,1,1,0,1,1,1
4711384-50.2025.8.10.8183,MA,Não reconhece operação,Golpe,Êxito,Improcedência,21607.98,0.0,1,1,1,1,1,1
2096922-27.2025.8.04.9440,AM,Não reconhece operação,Golpe,Não Êxito,Parcial procedência,19591.52,17427.27,1,1,0,1,0,1
9790664-77.2025.8.02.5198,AL,Não reconhece operação,Golpe,Êxito,Improcedência,13390.11,0.0,1,1,0,1,0,1
7347703-41.2025.8.10.4470,MA,Não reconhece operação,Golpe,Não Êxito,Parcial procedência,14597.29,8066.22,1,0,0,1,1,1
1773368-69.2025.8.06.7269,CE,Não reconhece operação,Golpe,Êxito,Improcedência,21813.38,0.0,0,1,0,1,1,1
3418991-17.2025.8.15.2565,PB,Não reconhece operação,Golpe,Êxito,Improcedência,5308.31,0.0,1,1,1,1,0,1
4025945-59.2025.8.01.0750,AC,Não reconhece operação,Golpe,Êxito,Improcedência,17167.69,0.0,1,1,1,1,1,1
8301884-19.2025.8.09.1169,GO,Não reconhece operação,Golpe,Não Êxito,Procedência,20347.38,19210.76,0,1,1,1,1,1
8152460-48.2025.8.11.3338,MT,Não reconhece operação,Golpe,Êxito,Improcedência,14546.89,0.0,1,1,0,1,1,1
4625067-52.2025.8.27.7351,TO,Não reconhece operação,Genérico,Êxito,Improcedência,18161.38,0.0,1,1,1,1,1,1
3516873-93.2025.8.16.3900,PR,Não reconhece operação,Golpe,Êxito,Improcedência,15488.36,0.0,1,1,1,1,0,0
9286003-19.2025.8.24.0426,SC,Não reconhece operação,Golpe,Êxito,Improcedência,11135.04,0.0,1,1,1,1,0,1
3611525-92.2025.8.10.6718,MA,Não reconhece operação,Golpe,Não Êxito,Parcial procedência,11012.42,3389.57,1,0,0,0,0,1
2768850-18.2025.8.11.4544,MT,Não reconhece operação,Golpe,Não Êxito,Parcial procedência,18475.51,3991.72,1,1,0,0,1,1
7961020-87.2025.8.12.3668,MS,Não reconhece operação,Golpe,Êxito,Improcedência,11862.88,0.0,1,1,1,1,1,1
4797075-97.2025.8.24.2318,SC,Não reconhece operação,Golpe,Êxito,Extinção,7501.32,0.0,1,1,1,1,1,1
4801605-72.2025.8.26.4956,SP,Não reconhece operação,Golpe,Êxito,Improcedência,15582.78,0.0,1,1,1,1,1,1
1082001-22.2025.8.26.2502,SP,Não reconhece operação,Golpe,Não Êxito,Parcial procedência,12464.59,8505.74,1,0,0,0,1,0
4165849-21.2025.8.22.2234,RO,Não reconhece operação,Golpe,Êxito,Extinção,9098.37,0.0,1,1,1,1,0,0
4362183-12.2025.8.14.5829,PA,Não reconhece operação,Golpe,Êxito,Improcedência,15334.25,0.0,1,1,1,1,1,1
6848724-73.2025.8.15.9333,PB,Não reconhece operação,Golpe,Êxito,Extinção,18747.09,0.0,1,1,0,0,1,1
5689188-28.2025.8.27.3172,TO,Não reconhece operação,Golpe,Êxito,Improcedência,15081.07,0.0,1,1,1,1,1,1
9202945-35.2025.8.08.5824,ES,Não reconhece operação,Golpe,Não Êxito,Parcial procedência,9750.32,6726.05,1,0,0,0,1,1
6659671-11.2025.8.10.4017,MA,Não reconhece operação,Golpe,Não Êxito,Procedência,17346.32,12312.45,0,1,1,1,1,1
3134192-16.2025.8.25.3869,SE,Não reconhece operação,Golpe,Não Êxito,Procedência,20061.54,12135.72,0,1,0,1,1,1
4849625-86.2025.8.13.2478,MG,Não reconhece operação,Golpe,Êxito,Improcedência,25841.19,0.0,1,1,1,0,1,1
9138694-71.2025.8.07.4106,DF,Não reconhece operação,Golpe,Êxito,Extinção,22057.09,0.0,1,1,1,1,1,1
9116461-34.2025.8.17.6508,PE,Não reconhece operação,Golpe,Êxito,Improcedência,10049.06,0.0,1,1,0,1,0,1
6097320-92.2025.8.09.5794,GO,Não reconhece operação,Genérico,Êxito,Extinção,19192.66,0.0,1,1,1,0,1,1
8922426-19.2025.8.25.4268,SE,Não reconhece operação,Golpe,Não Êxito,Procedência,16240.91,14062.94,0,1,0,0,0,1
5307750-67.2025.8.25.5860,SE,Não reconhece operação,Golpe,Êxito,Extinção,9329.03,0.0,1,1,1,1,1,1
1434755-59.2025.8.09.0311,GO,Não reconhece operação,Golpe,Êxito,Extinção,16374.73,0.0,0,1,1,0,1,1
8125398-15.2025.8.15.4760,PB,Não reconhece operação,Genérico,Êxito,Improcedência,24396.83,0.0,1,1,1,1,1,1
3762237-76.2025.8.27.1669,TO,Não reconhece operação,Golpe,Êxito,Extinção,20850.1,0.0,1,1,1,1,0,1
3966249-12.2025.8.22.9974,RO,Não reconhece operação,Golpe,Não Êxito,Procedência,10009.36,8481.03,0,1,0,0,1,0
7079984-18.2025.8.06.2019,CE,Não reconhece operação,Genérico,Êxito,Extinção,15049.5,0.0,1,1,1,1,1,1
7763866-85.2025.8.17.9342,PE,Não reconhece operação,Golpe,Não Êxito,Parcial procedência,17394.76,8020.76,0,1,1,0,0,1
6735916-63.2025.8.18.6354,PI,Não reconhece operação,Genérico,Êxito,Improcedência,6493.84,0.0,1,1,1,1,0,1
7228321-74.2025.8.16.5533,PR,Não reconhece operação,Golpe,Êxito,Extinção,6662.96,0.0,0,1,1,1,1,1
1020555-97.2025.8.01.2226,AC,Não reconhece operação,Golpe,Êxito,Extinção,15740.93,0.0,1,1,1,1,1,1
8002062-37.2025.8.09.9620,GO,Não reconhece operação,Golpe,Não Êxito,Parcial procedência,15804.95,11442.62,1,1,0,1,1,1
3271474-77.2025.8.24.1361,SC,Não reconhece operação,Golpe,Não Êxito,Parcial procedência,5959.41,2418.75,0,1,1,0,1,1
6862644-10.2025.8.07.8794,DF,Não reconhece operação,Genérico,Êxito,Improcedência,16885.92,0.0,1,0,1,1,1,1
8885396-78.2025.8.09.1149,GO,Não reconhece operação,Golpe,Êxito,Improcedência,20315.74,0.0,1,1,1,1,0,1
5765844-49.2025.8.09.7106,GO,Não reconhece operação,Genérico,Êxito,Improcedência,13911.02,0.0,0,1,1,1,1,1
1921494-76.2025.8.05.7663,BA,Não reconhece operação,Golpe,Não Êxito,Parcial procedência,15275.68,9296.35,1,0,1,1,0,1
3392822-66.2025.8.05.2099,BA,Não reconhece operação,Golpe,Não Êxito,Parcial procedência,17786.02,10372.35,0,1,0,1,1,1
5552761-47.2025.8.10.8006,MA,Não reconhece operação,Genérico,Êxito,Improcedência,17136.44,0.0,1,1,0,1,1,0
6018340-72.2025.8.24.6561,SC,Não reconhece operação,Golpe,Êxito,Extinção,6794.54,0.0,1,1,0,1,1,0
2181144-42.2025.8.01.2913,AC,Não reconhece operação,Genérico,Êxito,Improcedência,10540.91,0.0,1,1,1,1,1,1
2810149-42.2025.8.08.1211,ES,Não reconhece operação,Golpe,Êxito,Extinção,13039.81,0.0,1,1,1,1,0,1
9391739-91.2025.8.02.3968,AL,Não reconhece operação,Genérico,Não Êxito,Parcial procedência,10758.26,7568.89,0,1,0,1,1,1
1261299-74.2025.8.17.7754,PE,Não reconhece operação,Golpe,Êxito,Extinção,22180.37,0.0,1,1,0,1,1,1
7753179-11.2025.8.07.1455,DF,Não reconhece operação,Golpe,Êxito,Improcedência,18095.46,0.0,1,1,0,1,1,1
8086645-20.2025.8.23.2766,RR,Não reconhece operação,Golpe,Êxito,Improcedência,9536.95,0.0,1,1,1,1,0,1
8438819-47.2025.8.17.2136,PE,Não reconhece operação,Golpe,Êxito,Improcedência,13930.48,0.0,1,1,0,1,1,1
7726099-96.2025.8.23.5354,RR,Não reconhece operação,Golpe,Êxito,Extinção,20528.84,0.0,1,1,0,1,1,1
6599673-46.2025.8.16.7649,PR,Não reconhece operação,Golpe,Não Êxito,Parcial procedência,11811.2,8913.31,0,1,0,0,1,0
4259706-38.2025.8.12.0523,MS,Não reconhece operação,Genérico,Não Êxito,Procedência,19160.78,7581.55,0,1,0,1,1,1
1354571-39.2025.8.24.0118,SC,Não reconhece operação,Golpe,Êxito,Extinção,21769.23,0.0,0,0,0,0,1,1
4571218-68.2025.8.11.3931,MT,Não reconhece operação,Genérico,Êxito,Extinção,20949.6,0.0,1,1,1,1,1,1
8882591-71.2025.8.26.9756,SP,Não reconhece operação,Genérico,Não Êxito,Parcial procedência,15867.41,5159.81,1,1,0,1,1,1
3471358-95.2025.8.27.4702,TO,Não reconhece operação,Golpe,Êxito,Improcedência,21120.77,0.0,1,1,0,0,0,1
6357674-68.2025.8.17.4131,PE,Não reconhece operação,Golpe,Não Êxito,Parcial procedência,12419.66,12419.66,0,1,0,1,0,1
6756277-25.2025.8.19.3210,RJ,Não reconhece operação,Golpe,Êxito,Improcedência,27180.01,0.0,1,1,0,1,1,1
9904037-20.2025.8.07.7128,DF,Não reconhece operação,Golpe,Êxito,Improcedência,16164.0,0.0,1,1,1,1,0,1
6292889-72.2025.8.23.1925,RR,Não reconhece operação,Golpe,Êxito,Improcedência,20609.32,0.0,1,1,1,1,1,0
4364257-35.2025.8.19.9328,RJ,Não reconhece operação,Golpe,Não Êxito,Parcial procedência,13205.87,7694.22,0,1,1,1,1,1
9145629-68.2025.8.25.8789,SE,Não reconhece operação,Golpe,Não Êxito,Procedência,17432.74,12341.93,0,0,0,0,0,1
5789207-36.2025.8.08.1979,ES,Não reconhece operação,Golpe,Êxito,Improcedência,17648.88,0.0,0,1,0,1,1,1
7371442-47.2025.8.23.6776,RR,Não reconhece operação,Genérico,Êxito,Improcedência,10424.56,0.0,1,1,0,1,1,1
7044921-65.2025.8.11.5323,MT,Não reconhece operação,Golpe,Não Êxito,Parcial procedência,10279.27,6850.42,0,1,0,1,1,1
8356883-73.2025.8.05.0701,BA,Não reconhece operação,Golpe,Êxito,Improcedência,13978.73,0.0,1,1,1,1,1,0
4859885-78.2025.8.05.7982,BA,Não reconhece operação,Golpe,Êxito,Improcedência,20405.88,0.0,1,1,1,0,1,0
7043349-75.2025.8.17.2887,PE,Não reconhece operação,Genérico,Êxito,Improcedência,5995.68,0.0,1,0,0,1,0,0
7865483-15.2025.8.09.3816,GO,Não reconhece operação,Golpe,Êxito,Improcedência,13201.75,0.0,1,1,0,0,1,1
5497146-91.2025.8.04.6443,AM,Não reconhece operação,Golpe,Não Êxito,Procedência,21409.52,17141.03,1,0,0,1,1,1
5573695-56.2025.8.12.0944,MS,Não reconhece operação,Golpe,Não Êxito,Parcial procedência,8936.34,7225.15,1,1,0,1,1,1
6600221-68.2025.8.16.3855,PR,Não reconhece operação,Golpe,Êxito,Extinção,21134.88,0.0,1,1,0,1,1,0
3813007-40.2025.8.09.9269,GO,Não reconhece operação,Golpe,Êxito,Improcedência,9448.3,0.0,1,1,1,0,1,1
2361486-47.2025.8.26.5925,SP,Não reconhece operação,Golpe,Não Êxito,Parcial procedência,10484.87,5237.4,0,0,0,1,1,1
9999324-69.2025.8.23.1019,RR,Não reconhece operação,Genérico,Êxito,Extinção,14259.8,0.0,1,1,1,1,1,0
9041878-64.2025.8.14.7703,PA,Não reconhece operação,Golpe,Êxito,Extinção,24174.95,0.0,1,1,1,0,1,1
3861229-90.2025.8.26.8266,SP,Não reconhece operação,Genérico,Êxito,Extinção,11841.78,0.0,1,1,1,1,1,0
5255692-64.2025.8.12.0702,MS,Não reconhece operação,Golpe,Êxito,Improcedência,6478.83,0.0,0,1,1,1,1,1
6978787-11.2025.8.03.5809,AP,Não reconhece operação,Golpe,Êxito,Improcedência,8103.12,0.0,1,1,1,0,1,0
2416547-23.2025.8.01.1656,AC,Não reconhece operação,Golpe,Êxito,Improcedência,19555.11,0.0,1,1,0,1,0,1
9036355-77.2025.8.26.4002,SP,Não reconhece operação,Golpe,Êxito,Improcedência,8334.7,0.0,1,1,1,1,1,1
6944308-40.2025.8.26.8881,SP,Não reconhece operação,Genérico,Êxito,Extinção,20811.34,0.0,1,1,1,1,1,1
6424490-57.2025.8.20.3792,RN,Não reconhece operação,Genérico,Êxito,Improcedência,15324.65,0.0,1,1,1,0,1,1
8786706-10.2025.8.04.9694,AM,Não reconhece operação,Genérico,Êxito,Extinção,14823.84,0.0,1,1,1,1,0,1
1317127-13.2025.8.08.1295,ES,Não reconhece operação,Golpe,Êxito,Improcedência,16441.02,0.0,1,1,0,0,0,0
2362665-68.2025.8.02.4534,AL,Não reconhece operação,Genérico,Êxito,Improcedência,11052.21,0.0,1,1,1,0,1,0
2987973-81.2025.8.02.5913,AL,Não reconhece operação,Golpe,Êxito,Improcedência,15658.71,0.0,1,1,1,1,1,0
9327765-11.2025.8.07.8684,DF,Não reconhece operação,Genérico,Não Êxito,Parcial procedência,9127.98,5137.62,1,0,0,1,1,1
4904849-69.2025.8.17.9966,PE,Não reconhece operação,Golpe,Êxito,Improcedência,21600.98,0.0,1,1,0,0,0,1
8359703-32.2025.8.02.4939,AL,Não reconhece operação,Golpe,Êxito,Improcedência,9941.42,0.0,1,1,0,1,1,0
7055966-29.2025.8.27.2870,TO,Não reconhece operação,Golpe,Êxito,Extinção,17135.71,0.0,1,1,0,1,1,1
8564277-42.2025.8.11.7112,MT,Não reconhece operação,Golpe,Êxito,Improcedência,9904.84,0.0,1,1,1,1,0,1
3409194-89.2025.8.08.7009,ES,Não reconhece operação,Golpe,Não Êxito,Parcial procedência,12365.85,4209.52,1,1,0,0,0,1
9238486-51.2025.8.14.9815,PA,Não reconhece operação,Genérico,Êxito,Improcedência,13147.86,0.0,1,1,1,1,1,0
5006819-44.2025.8.23.0263,RR,Não reconhece operação,Genérico,Êxito,Improcedência,29611.18,0.0,1,1,1,1,1,1
4792944-45.2025.8.09.7359,GO,Não reconhece operação,Genérico,Êxito,Improcedência,14911.31,0.0,1,1,1,1,0,1
8411582-75.2025.8.02.5259,AL,Não reconhece operação,Golpe,Êxito,Improcedência,10951.08,0.0,1,1,0,1,1,1
5806665-30.2025.8.02.4047,AL,Não reconhece operação,Golpe,Êxito,Improcedência,12800.83,0.0,1,1,1,0,0,1
5897255-72.2025.8.24.3775,SC,Não reconhece operação,Golpe,Êxito,Improcedência,7599.01,0.0,1,1,1,1,1,1
6014156-79.2025.8.03.7043,AP,Não reconhece operação,Golpe,Êxito,Improcedência,14183.43,0.0,1,1,1,0,1,1
5515886-75.2025.8.16.2067,PR,Não reconhece operação,Golpe,Não Êxito,Procedência,24065.17,17296.46,0,1,0,0,0,1
2621252-86.2025.8.13.6659,MG,Não reconhece operação,Golpe,Êxito,Improcedência,16631.08,0.0,1,1,1,1,1,1
1585159-34.2025.8.22.1767,RO,Não reconhece operação,Golpe,Êxito,Improcedência,19415.03,0.0,1,0,1,0,1,1
2639470-32.2025.8.02.7838,AL,Não reconhece operação,Golpe,Êxito,Improcedência,10517.25,0.0,0,1,1,0,1,1
2921551-82.2025.8.25.1690,SE,Não reconhece operação,Golpe,Não Êxito,Parcial procedência,13984.43,11031.5,1,0,0,0,0,0
1958981-79.2025.8.19.9094,RJ,Não reconhece operação,Golpe,Êxito,Improcedência,15982.71,0.0,1,1,1,0,1,1
7403435-51.2025.8.11.9649,MT,Não reconhece operação,Golpe,Não Êxito,Parcial procedência,11423.23,6686.76,1,0,0,1,1,1
6316451-89.2025.8.06.2674,CE,Não reconhece operação,Genérico,Não Êxito,Parcial procedência,16944.96,14579.19,0,1,1,0,0,1
7191950-31.2025.8.27.1797,TO,Não reconhece operação,Golpe,Êxito,Improcedência,18002.0,0.0,0,1,1,1,0,0
9880782-38.2025.8.09.1159,GO,Não reconhece operação,Genérico,Êxito,Improcedência,17645.86,0.0,1,1,1,0,0,1
5228031-57.2025.8.14.6892,PA,Não reconhece operação,Golpe,Não Êxito,Procedência,14240.85,10982.95,0,1,1,1,1,1
3642673-80.2025.8.13.5745,MG,Não reconhece operação,Genérico,Não Êxito,Parcial procedência,20335.12,14498.98,1,0,1,1,0,1
1348554-19.2025.8.07.9650,DF,Não reconhece operação,Genérico,Não Êxito,Parcial procedência,13718.11,4403.12,1,1,1,0,0,1
5776782-29.2025.8.12.1162,MS,Não reconhece operação,Genérico,Êxito,Extinção,13270.59,0.0,1,1,0,1,1,1
4834902-30.2025.8.05.2006,BA,Não reconhece operação,Golpe,Êxito,Improcedência,22055.59,0.0,1,1,1,1,0,0
1863653-97.2025.8.01.0543,AC,Não reconhece operação,Golpe,Não Êxito,Parcial procedência,9550.49,7112.39,1,1,1,0,1,1
5800622-27.2025.8.08.2388,ES,Não reconhece operação,Golpe,Não Êxito,Parcial procedência,6626.0,5734.73,0,1,1,0,0,0
5488437-42.2025.8.03.0539,AP,Não reconhece operação,Golpe,Não Êxito,Parcial procedência,10723.96,7380.01,1,0,1,1,1,1
7471618-26.2025.8.12.7701,MS,Não reconhece operação,Golpe,Êxito,Improcedência,16882.33,0.0,1,1,1,0,1,1
8870366-70.2025.8.24.0080,SC,Não reconhece operação,Golpe,Êxito,Improcedência,21280.56,0.0,1,1,1,0,1,1
9147248-77.2025.8.05.9896,BA,Não reconhece operação,Golpe,Êxito,Improcedência,11741.14,0.0,1,1,1,0,1,1
4469969-86.2025.8.01.9845,AC,Não reconhece operação,Golpe,Êxito,Extinção,23887.3,0.0,1,0,1,1,1,1
7592876-79.2025.8.04.8427,AM,Não reconhece operação,Golpe,Não Êxito,Procedência,15115.65,11596.33,0,1,0,1,1,1
9280972-14.2025.8.14.0541,PA,Não reconhece operação,Golpe,Êxito,Extinção,14415.31,0.0,1,1,0,0,0,1
8977216-61.2025.8.08.7378,ES,Não reconhece operação,Genérico,Não Êxito,Procedência,10811.69,10811.69,1,0,0,0,1,1
4685050-88.2025.8.14.3291,PA,Não reconhece operação,Genérico,Êxito,Extinção,24557.17,0.0,1,1,1,1,1,0
7995713-49.2025.8.01.8569,AC,Não reconhece operação,Golpe,Êxito,Improcedência,14244.75,0.0,0,1,0,1,1,1
4728866-84.2025.8.09.1222,GO,Não reconhece operação,Golpe,Êxito,Extinção,8446.35,0.0,0,1,1,1,1,0
6708810-41.2025.8.12.0380,MS,Não reconhece operação,Golpe,Êxito,Extinção,27041.57,0.0,1,1,1,0,1,1
1091634-66.2025.8.12.1028,MS,Não reconhece operação,Golpe,Não Êxito,Parcial procedência,16913.87,11273.95,1,0,0,0,1,1
9155151-83.2025.8.15.7329,PB,Não reconhece operação,Golpe,Êxito,Improcedência,18901.92,0.0,1,0,1,1,1,0
6065323-88.2025.8.23.2620,RR,Não reconhece operação,Golpe,Êxito,Extinção,23233.33,0.0,0,1,1,1,1,1
3925964-49.2025.8.11.1490,MT,Não reconhece operação,Genérico,Não Êxito,Procedência,17997.26,8800.84,0,0,0,1,0,0
8710409-55.2025.8.21.4517,RS,Não reconhece operação,Golpe,Não Êxito,Parcial procedência,19765.82,15460.64,0,1,0,0,1,1
7555106-85.2025.8.15.4015,PB,Não reconhece operação,Genérico,Não Êxito,Parcial procedência,15248.76,10679.22,1,0,1,1,1,1
8942577-46.2025.8.08.9351,ES,Não reconhece operação,Golpe,Êxito,Improcedência,18582.5,0.0,1,1,1,1,0,1
8887053-52.2025.8.07.8099,DF,Não reconhece operação,Golpe,Êxito,Improcedência,14814.59,0.0,1,1,1,1,0,1
3287007-10.2025.8.09.9745,GO,Não reconhece operação,Genérico,Êxito,Improcedência,14883.03,0.0,1,1,0,0,1,1
7870650-41.2025.8.18.7201,PI,Não reconhece operação,Golpe,Êxito,Improcedência,15569.62,0.0,1,1,1,1,0,1
2939948-64.2025.8.07.3597,DF,Não reconhece operação,Genérico,Êxito,Improcedência,13035.09,0.0,1,1,1,1,1,1
5742849-28.2025.8.25.4708,SE,Não reconhece operação,Golpe,Êxito,Improcedência,17457.09,0.0,1,1,1,1,0,1
4550673-11.2025.8.11.2626,MT,Não reconhece operação,Golpe,Não Êxito,Procedência,17444.67,11325.84,0,1,0,0,1,0
3975483-53.2025.8.24.4891,SC,Não reconhece operação,Golpe,Não Êxito,Parcial procedência,19000.48,9436.4,0,1,0,1,1,1
4229349-50.2025.8.19.2954,RJ,Não reconhece operação,Genérico,Êxito,Improcedência,18120.64,0.0,0,1,1,1,1,1
5703038-94.2025.8.10.3157,MA,Não reconhece operação,Golpe,Não Êxito,Parcial procedência,24796.08,15130.73,0,1,0,1,1,1
2961959-34.2025.8.07.5432,DF,Não reconhece operação,Genérico,Êxito,Improcedência,20147.27,0.0,1,1,1,1,0,0
2451012-43.2025.8.22.9743,RO,Não reconhece operação,Genérico,Êxito,Improcedência,13965.24,0.0,1,0,0,0,1,0
6361133-40.2025.8.09.7944,GO,Não reconhece operação,Genérico,Êxito,Extinção,17205.34,0.0,1,1,1,0,1,1
3215291-62.2025.8.07.6522,DF,Não reconhece operação,Golpe,Não Êxito,Procedência,21914.07,14664.28,1,0,1,1,1,0
3852880-69.2025.8.26.2573,SP,Não reconhece operação,Genérico,Êxito,Extinção,10320.83,0.0,1,0,1,0,1,1
2073197-91.2025.8.14.3845,PA,Não reconhece operação,Genérico,Êxito,Extinção,24865.75,0.0,1,1,0,1,0,1
5414870-76.2025.8.02.3951,AL,Não reconhece operação,Golpe,Êxito,Improcedência,11181.16,0.0,0,1,0,0,1,0
1401561-22.2025.8.14.0838,PA,Não reconhece operação,Golpe,Êxito,Improcedência,19399.7,0.0,0,1,1,1,1,1
7555824-27.2025.8.11.2249,MT,Não reconhece operação,Golpe,Não Êxito,Parcial procedência,15014.58,12010.26,0,0,1,1,1,1
8077034-67.2025.8.24.5928,SC,Não reconhece operação,Golpe,Não Êxito,Procedência,14732.28,12764.04,0,1,1,0,0,1
7239821-66.2025.8.20.6342,RN,Não reconhece operação,Genérico,Não Êxito,Procedência,8589.01,7328.15,0,0,1,0,0,0
4002202-61.2025.8.06.7585,CE,Não reconhece operação,Golpe,Êxito,Improcedência,19435.15,0.0,1,0,1,0,1,1
5519868-51.2025.8.05.4668,BA,Não reconhece operação,Golpe,Não Êxito,Parcial procedência,8660.43,7974.53,0,1,1,1,1,1
8132734-46.2025.8.18.3647,PI,Não reconhece operação,Golpe,Não Êxito,Procedência,7902.76,5236.6,0,1,0,0,0,1
9803187-29.2025.8.02.9271,AL,Não reconhece operação,Golpe,Não Êxito,Procedência,20672.67,20672.67,0,1,0,0,0,1
7552358-46.2025.8.09.9603,GO,Não reconhece operação,Golpe,Êxito,Improcedência,23763.49,0.0,1,1,0,1,1,1
8464594-46.2025.8.03.7020,AP,Não reconhece operação,Genérico,Êxito,Improcedência,11708.13,0.0,1,0,1,1,1,1
4839911-14.2025.8.01.0586,AC,Não reconhece operação,Golpe,Êxito,Improcedência,19904.29,0.0,0,1,1,1,1,1
6883347-47.2025.8.25.5623,SE,Não reconhece operação,Golpe,Êxito,Improcedência,18890.62,0.0,1,1,1,1,1,1
2809159-15.2025.8.04.0708,AM,Não reconhece operação,Genérico,Êxito,Improcedência,14533.13,0.0,1,1,1,0,1,0
2332078-96.2025.8.01.0839,AC,Não reconhece operação,Golpe,Não Êxito,Procedência,21536.83,15436.21,1,0,0,1,0,0
1817350-36.2025.8.26.9796,SP,Não reconhece operação,Golpe,Êxito,Improcedência,14179.33,0.0,1,1,0,1,1,1
7532133-49.2025.8.06.6274,CE,Não reconhece operação,Golpe,Êxito,Improcedência,17521.65,0.0,1,0,1,1,0,1
3953180-12.2025.8.21.0351,RS,Não reconhece operação,Genérico,Não Êxito,Parcial procedência,8830.15,4322.4,0,1,1,0,1,1
7514293-29.2025.8.01.8465,AC,Não reconhece operação,Genérico,Não Êxito,Procedência,9039.87,4729.95,0,1,0,1,1,1
9851436-60.2025.8.05.5477,BA,Não reconhece operação,Golpe,Não Êxito,Parcial procedência,20718.51,19876.03,0,0,1,0,1,1
6799122-66.2025.8.04.8658,AM,Não reconhece operação,Golpe,Êxito,Improcedência,17686.87,0.0,1,1,1,1,1,1
1830504-59.2025.8.20.1836,RN,Não reconhece operação,Golpe,Êxito,Improcedência,14283.18,0.0,1,1,0,1,0,1
6922658-25.2025.8.18.2086,PI,Não reconhece operação,Golpe,Êxito,Extinção,24343.68,0.0,1,1,1,0,1,1
5062810-72.2025.8.11.4425,MT,Não reconhece operação,Golpe,Êxito,Improcedência,24292.01,0.0,1,1,1,1,1,1
7780903-45.2025.8.07.6070,DF,Não reconhece operação,Genérico,Êxito,Improcedência,17137.12,0.0,1,1,0,0,0,1
6719010-70.2025.8.04.9228,AM,Não reconhece operação,Genérico,Não Êxito,Parcial procedência,7839.53,5953.33,0,1,0,1,1,0
2531358-34.2025.8.17.7247,PE,Não reconhece operação,Golpe,Êxito,Improcedência,14434.6,0.0,0,1,1,1,1,1
7859439-17.2025.8.07.2738,DF,Não reconhece operação,Genérico,Êxito,Extinção,10896.85,0.0,1,1,1,1,0,1
5144710-29.2025.8.17.1253,PE,Não reconhece operação,Genérico,Êxito,Extinção,15421.42,0.0,1,1,0,0,1,1
1766965-80.2025.8.19.1316,RJ,Não reconhece operação,Golpe,Êxito,Improcedência,10387.94,0.0,1,1,1,1,1,1
3538355-51.2025.8.21.3516,RS,Não reconhece operação,Golpe,Êxito,Improcedência,9112.51,0.0,1,1,1,1,1,1
8459782-98.2025.8.14.4162,PA,Não reconhece operação,Genérico,Não Êxito,Parcial procedência,3879.92,1890.02,1,0,1,1,1,1
4746509-92.2025.8.01.2532,AC,Não reconhece operação,Golpe,Êxito,Improcedência,15802.9,0.0,1,1,0,0,1,1
9953333-67.2025.8.08.1627,ES,Não reconhece operação,Genérico,Êxito,Extinção,3702.54,0.0,1,1,1,0,0,1
7770743-19.2025.8.24.4547,SC,Não reconhece operação,Golpe,Êxito,Extinção,13410.82,0.0,1,1,1,0,1,1
9075042-60.2025.8.15.3958,PB,Não reconhece operação,Golpe,Não Êxito,Parcial procedência,18389.49,6514.6,0,0,1,1,0,0
9699811-65.2025.8.18.6205,PI,Não reconhece operação,Genérico,Êxito,Improcedência,11438.99,0.0,1,1,1,1,1,1
4533307-91.2025.8.11.7646,MT,Não reconhece operação,Golpe,Não Êxito,Procedência,9659.12,4285.31,1,0,0,0,1,1
5838654-48.2025.8.05.2275,BA,Não reconhece operação,Golpe,Êxito,Improcedência,14649.28,0.0,1,0,1,0,1,1
4472701-65.2025.8.25.5454,SE,Não reconhece operação,Golpe,Êxito,Improcedência,10916.36,0.0,1,1,1,0,1,0
2804247-77.2025.8.22.6292,RO,Não reconhece operação,Golpe,Não Êxito,Parcial procedência,15893.19,10214.97,1,0,0,0,1,1
5633032-73.2025.8.27.3310,TO,Não reconhece operação,Golpe,Êxito,Extinção,9914.27,0.0,0,1,1,0,0,1
9169056-69.2025.8.24.0952,SC,Não reconhece operação,Golpe,Êxito,Extinção,14469.46,0.0,0,0,1,1,0,1
8677297-18.2025.8.08.3844,ES,Não reconhece operação,Golpe,Êxito,Improcedência,13282.36,0.0,1,0,1,1,1,0
6077880-11.2025.8.07.3938,DF,Não reconhece operação,Golpe,Não Êxito,Procedência,14925.66,14006.9,1,0,0,0,1,1
3090872-81.2025.8.07.4461,DF,Não reconhece operação,Golpe,Êxito,Extinção,23005.61,0.0,1,1,0,1,0,1
2010622-94.2025.8.25.8438,SE,Não reconhece operação,Genérico,Êxito,Improcedência,15962.63,0.0,1,1,0,1,1,1
7416034-75.2025.8.17.1727,PE,Não reconhece operação,Golpe,Não Êxito,Parcial procedência,17457.42,13135.38,1,1,1,1,1,1
9094782-80.2025.8.11.2898,MT,Não reconhece operação,Golpe,Êxito,Extinção,11916.44,0.0,0,1,1,1,1,1
6689304-91.2025.8.27.6554,TO,Não reconhece operação,Golpe,Êxito,Improcedência,16077.68,0.0,1,1,1,0,1,1
8013287-42.2025.8.18.6794,PI,Não reconhece operação,Golpe,Êxito,Improcedência,13633.78,0.0,1,1,0,0,1,1
9550416-86.2025.8.25.0326,SE,Não reconhece operação,Genérico,Êxito,Extinção,15127.71,0.0,1,1,1,1,0,1
9696544-98.2025.8.27.6090,TO,Não reconhece operação,Golpe,Êxito,Improcedência,18166.46,0.0,1,1,0,1,1,1
8932158-72.2025.8.04.4035,AM,Não reconhece operação,Golpe,Não Êxito,Parcial procedência,12527.63,11627.29,0,1,0,1,1,0
5714417-64.2025.8.10.5866,MA,Não reconhece operação,Genérico,Êxito,Improcedência,13029.05,0.0,1,1,1,0,0,1
1482238-45.2025.8.20.8207,RN,Não reconhece operação,Genérico,Êxito,Extinção,12595.44,0.0,1,1,1,1,1,0
6217699-20.2025.8.23.2745,RR,Não reconhece operação,Genérico,Êxito,Improcedência,12500.71,0.0,1,1,1,1,1,0
4251657-35.2025.8.05.4976,BA,Não reconhece operação,Genérico,Êxito,Improcedência,15832.23,0.0,0,1,1,1,1,1
4046948-33.2025.8.09.4660,GO,Não reconhece operação,Genérico,Êxito,Improcedência,13196.19,0.0,1,1,0,1,0,1
1137335-62.2025.8.15.0256,PB,Não reconhece operação,Golpe,Êxito,Improcedência,22332.42,0.0,1,0,1,1,1,1
4305266-28.2025.8.23.8320,RR,Não reconhece operação,Golpe,Êxito,Improcedência,28128.41,0.0,1,1,0,0,1,1
5317229-75.2025.8.03.8996,AP,Não reconhece operação,Golpe,Êxito,Improcedência,12195.39,0.0,1,1,1,1,1,1
2592640-78.2025.8.18.1042,PI,Não reconhece operação,Golpe,Êxito,Improcedência,16424.82,0.0,0,1,1,1,0,1
2299173-16.2025.8.09.3163,GO,Não reconhece operação,Golpe,Êxito,Extinção,20075.53,0.0,1,1,0,1,0,1
3352423-63.2025.8.06.1592,CE,Não reconhece operação,Golpe,Êxito,Improcedência,13678.21,0.0,1,1,0,1,1,1
5577062-59.2025.8.14.1631,PA,Não reconhece operação,Golpe,Êxito,Improcedência,10102.88,0.0,1,1,1,1,0,1
6829674-50.2025.8.12.1977,MS,Não reconhece operação,Genérico,Êxito,Improcedência,23511.12,0.0,1,1,0,0,1,0
8867392-20.2025.8.16.9318,PR,Não reconhece operação,Genérico,Êxito,Improcedência,18349.05,0.0,1,1,0,1,0,1
4688828-16.2025.8.09.9111,GO,Não reconhece operação,Golpe,Não Êxito,Procedência,16545.95,11536.87,0,1,0,0,1,1
1292948-73.2025.8.21.2098,RS,Não reconhece operação,Golpe,Êxito,Extinção,22099.67,0.0,1,1,0,1,1,1
4210645-94.2025.8.04.8299,AM,Não reconhece operação,Golpe,Não Êxito,Parcial procedência,18761.6,10195.03,1,0,1,0,0,1
7911657-69.2025.8.24.7029,SC,Não reconhece operação,Golpe,Êxito,Improcedência,14746.98,0.0,1,1,1,1,1,0
9791698-57.2025.8.01.9568,AC,Não reconhece operação,Genérico,Não Êxito,Parcial procedência,10190.03,8454.27,0,1,0,1,1,1
8040914-64.2025.8.20.1896,RN,Não reconhece operação,Genérico,Êxito,Improcedência,12561.49,0.0,1,1,1,1,1,0
5503781-42.2025.8.10.7091,MA,Não reconhece operação,Genérico,Êxito,Extinção,20894.06,0.0,1,1,1,1,1,0
8600274-10.2025.8.13.5099,MG,Não reconhece operação,Genérico,Não Êxito,Parcial procedência,18329.08,16908.59,1,1,1,1,1,1
4845443-33.2025.8.01.3114,AC,Não reconhece operação,Genérico,Êxito,Improcedência,14066.25,0.0,1,1,1,0,1,1
6000579-46.2025.8.19.2007,RJ,Não reconhece operação,Golpe,Não Êxito,Parcial procedência,23650.43,10263.52,0,1,1,1,1,1
3648160-66.2025.8.05.1277,BA,Não reconhece operação,Golpe,Êxito,Improcedência,14210.73,0.0,1,1,1,0,1,1
2261165-86.2025.8.16.4409,PR,Não reconhece operação,Golpe,Êxito,Improcedência,19827.78,0.0,1,1,1,0,1,0
6203599-16.2025.8.20.9635,RN,Não reconhece operação,Golpe,Êxito,Improcedência,16061.89,0.0,1,1,1,1,1,1
8314337-78.2025.8.21.3310,RS,Não reconhece operação,Golpe,Êxito,Improcedência,24466.88,0.0,1,1,0,0,0,0
2606083-20.2025.8.20.2019,RN,Não reconhece operação,Golpe,Não Êxito,Parcial procedência,18677.26,6752.8,1,0,0,1,1,1
3960727-59.2025.8.09.0760,GO,Não reconhece operação,Genérico,Êxito,Improcedência,15208.69,0.0,1,1,1,1,1,1
7557694-76.2025.8.20.2724,RN,Não reconhece operação,Golpe,Êxito,Improcedência,14104.84,0.0,1,1,1,1,1,1
3758911-61.2025.8.21.0635,RS,Não reconhece operação,Genérico,Êxito,Improcedência,14906.76,0.0,0,1,1,0,1,1
2555008-13.2025.8.09.0599,GO,Não reconhece operação,Genérico,Êxito,Improcedência,11422.79,0.0,0,1,1,1,1,1
6322166-71.2025.8.03.9952,AP,Não reconhece operação,Golpe,Êxito,Improcedência,8276.0,0.0,1,1,0,1,1,1
7229649-13.2025.8.25.0594,SE,Não reconhece operação,Golpe,Êxito,Improcedência,16497.11,0.0,0,1,0,1,1,1
6887645-17.2025.8.03.1308,AP,Não reconhece operação,Golpe,Não Êxito,Parcial procedência,12364.31,12364.31,0,1,0,1,1,0
5289723-14.2025.8.18.2192,PI,Não reconhece operação,Golpe,Êxito,Improcedência,12351.27,0.0,1,1,1,1,1,1
4874348-76.2025.8.07.9568,DF,Não reconhece operação,Golpe,Êxito,Improcedência,14546.27,0.0,1,1,1,1,1,1
2132060-12.2025.8.03.0230,AP,Não reconhece operação,Genérico,Êxito,Extinção,15238.44,0.0,1,1,1,0,0,1
6915886-52.2025.8.22.1198,RO,Não reconhece operação,Golpe,Êxito,Improcedência,15018.39,0.0,1,0,1,1,1,1
8343955-35.2025.8.03.2117,AP,Não reconhece operação,Golpe,Êxito,Extinção,23511.72,0.0,1,1,1,1,0,1
6468592-16.2025.8.19.4120,RJ,Não reconhece operação,Genérico,Êxito,Improcedência,18232.38,0.0,1,1,0,0,1,1
8764383-76.2025.8.19.0131,RJ,Não reconhece operação,Golpe,Não Êxito,Procedência,25324.9,15278.53,0,1,1,0,1,1
3368110-13.2025.8.02.0886,AL,Não reconhece operação,Golpe,Não Êxito,Procedência,12828.14,8883.64,1,1,0,1,1,1
4354117-37.2025.8.05.8877,BA,Não reconhece operação,Golpe,Não Êxito,Parcial procedência,18827.78,9127.62,0,0,1,1,1,1
4069428-74.2025.8.23.7512,RR,Não reconhece operação,Golpe,Êxito,Extinção,13100.85,0.0,1,1,1,1,1,1
3973132-69.2025.8.14.3566,PA,Não reconhece operação,Golpe,Êxito,Improcedência,12228.81,0.0,1,1,0,0,1,1
5620635-73.2025.8.03.4222,AP,Não reconhece operação,Golpe,Êxito,Improcedência,25510.02,0.0,0,1,1,1,1,1
3696032-47.2025.8.27.2156,TO,Não reconhece operação,Golpe,Êxito,Extinção,11213.02,0.0,1,0,1,1,1,1
1986162-41.2025.8.08.2404,ES,Não reconhece operação,Golpe,Êxito,Improcedência,4031.44,0.0,1,1,1,1,1,1
5826117-25.2025.8.01.7149,AC,Não reconhece operação,Golpe,Êxito,Extinção,11508.4,0.0,1,0,0,1,1,1
5173893-92.2025.8.25.1982,SE,Não reconhece operação,Golpe,Êxito,Improcedência,5127.68,0.0,1,0,1,1,1,1
5855968-60.2025.8.01.5065,AC,Não reconhece operação,Golpe,Êxito,Extinção,10314.2,0.0,1,1,0,0,1,1
1175204-26.2025.8.15.5050,PB,Não reconhece operação,Golpe,Não Êxito,Parcial procedência,10768.86,10361.85,1,0,0,1,1,0
3408323-76.2025.8.27.3875,TO,Não reconhece operação,Golpe,Não Êxito,Parcial procedência,15155.31,8206.0,1,0,0,1,1,0
3528439-50.2025.8.17.1225,PE,Não reconhece operação,Golpe,Êxito,Improcedência,4925.16,0.0,1,1,1,0,1,1
1702747-47.2025.8.17.4847,PE,Não reconhece operação,Golpe,Êxito,Improcedência,20850.53,0.0,1,1,0,1,1,1
2114023-24.2025.8.13.0285,MG,Não reconhece operação,Golpe,Êxito,Improcedência,5778.1,0.0,1,1,1,1,0,1
1009194-35.2025.8.03.6701,AP,Não reconhece operação,Genérico,Êxito,Improcedência,14355.34,0.0,1,1,0,1,1,1
5904457-47.2025.8.17.2583,PE,Não reconhece operação,Golpe,Êxito,Improcedência,13391.62,0.0,1,1,1,0,1,0
9711843-30.2025.8.25.5378,SE,Não reconhece operação,Genérico,Êxito,Improcedência,19032.05,0.0,1,1,1,1,1,1
9129042-30.2025.8.04.0863,AM,Não reconhece operação,Golpe,Não Êxito,Parcial procedência,16707.16,12281.29,0,1,1,0,1,1
6332744-27.2025.8.24.6008,SC,Não reconhece operação,Golpe,Êxito,Improcedência,20805.98,0.0,1,1,0,1,1,1
8312246-70.2025.8.12.8274,MS,Não reconhece operação,Genérico,Não Êxito,Procedência,13208.6,4982.2,1,1,0,1,0,1
2767731-48.2025.8.15.6858,PB,Não reconhece operação,Genérico,Êxito,Improcedência,12701.76,0.0,1,1,1,1,1,1
6524336-45.2025.8.05.0501,BA,Não reconhece operação,Genérico,Êxito,Extinção,17007.69,0.0,0,1,1,1,1,1
7263679-77.2025.8.18.9158,PI,Não reconhece operação,Golpe,Êxito,Improcedência,20032.32,0.0,1,1,0,1,0,0
8994273-66.2025.8.05.9253,BA,Não reconhece operação,Genérico,Êxito,Improcedência,19030.67,0.0,1,1,0,0,1,1
2712399-33.2025.8.08.4211,ES,Não reconhece operação,Golpe,Êxito,Improcedência,16561.28,0.0,1,1,0,1,1,0
4971554-71.2025.8.20.3654,RN,Não reconhece operação,Golpe,Êxito,Extinção,16123.83,0.0,1,1,1,1,1,1
1847846-31.2025.8.02.6338,AL,Não reconhece operação,Golpe,Não Êxito,Procedência,14804.13,10537.62,1,0,0,0,1,0
3473618-52.2025.8.11.6656,MT,Não reconhece operação,Genérico,Êxito,Improcedência,16993.65,0.0,1,1,0,1,0,0
4890047-51.2025.8.18.6173,PI,Não reconhece operação,Golpe,Êxito,Improcedência,24967.28,0.0,1,1,1,1,1,1
8604136-89.2025.8.03.1603,AP,Não reconhece operação,Genérico,Êxito,Improcedência,13791.93,0.0,1,1,1,1,0,1
2859353-10.2025.8.08.8401,ES,Não reconhece operação,Golpe,Êxito,Extinção,13193.7,0.0,1,1,1,1,1,1
9857183-50.2025.8.10.6416,MA,Não reconhece operação,Genérico,Êxito,Extinção,12818.0,0.0,0,1,1,0,0,1
6615203-29.2025.8.16.6708,PR,Não reconhece operação,Genérico,Êxito,Improcedência,16892.78,0.0,1,1,0,0,0,1
1940921-68.2025.8.27.2835,TO,Não reconhece operação,Genérico,Não Êxito,Parcial procedência,4571.14,2524.62,0,1,1,1,0,1
4391478-23.2025.8.21.9079,RS,Não reconhece operação,Golpe,Não Êxito,Procedência,14319.47,13677.38,0,1,1,0,0,1
3243113-60.2025.8.06.2843,CE,Não reconhece operação,Golpe,Não Êxito,Procedência,19303.38,11342.03,0,1,1,1,1,1
3872647-20.2025.8.01.4856,AC,Não reconhece operação,Golpe,Não Êxito,Parcial procedência,12400.06,6083.03,0,1,0,0,1,0
3144742-54.2025.8.02.7632,AL,Não reconhece operação,Golpe,Não Êxito,Procedência,15898.32,9270.02,1,1,0,0,1,0
9927980-97.2025.8.18.8307,PI,Não reconhece operação,Golpe,Não Êxito,Procedência,25332.36,21479.17,1,0,1,1,1,1
3780156-18.2025.8.05.3684,BA,Não reconhece operação,Golpe,Êxito,Improcedência,16609.3,0.0,1,1,0,1,1,1
2623214-10.2025.8.07.5461,DF,Não reconhece operação,Golpe,Êxito,Improcedência,3994.67,0.0,1,0,1,0,1,1
7975878-57.2025.8.21.8935,RS,Não reconhece operação,Golpe,Não Êxito,Parcial procedência,8064.12,3135.57,1,1,0,1,1,1
4377460-58.2025.8.24.6037,SC,Não reconhece operação,Golpe,Não Êxito,Procedência,13750.56,8181.06,1,1,0,1,1,0
8159663-59.2025.8.21.7815,RS,Não reconhece operação,Genérico,Êxito,Extinção,11037.95,0.0,1,1,1,1,0,0
6539974-83.2025.8.07.8842,DF,Não reconhece operação,Golpe,Não Êxito,Parcial procedência,15489.48,12118.99,0,1,0,1,1,1
5833540-83.2025.8.18.7510,PI,Não reconhece operação,Genérico,Êxito,Improcedência,13536.76,0.0,1,1,1,1,0,1
1785743-51.2025.8.18.1669,PI,Não reconhece operação,Genérico,Não Êxito,Parcial procedência,20703.92,16141.6,1,0,0,1,1,1
9440369-88.2025.8.06.1350,CE,Não reconhece operação,Golpe,Êxito,Extinção,9627.21,0.0,1,1,1,0,0,1
8338031-32.2025.8.15.6169,PB,Não reconhece operação,Genérico,Êxito,Improcedência,13964.03,0.0,1,1,0,1,0,1
8420506-22.2025.8.15.0060,PB,Não reconhece operação,Golpe,Êxito,Improcedência,16048.24,0.0,0,1,1,1,1,1
1846152-49.2025.8.13.9431,MG,Não reconhece operação,Golpe,Êxito,Extinção,16656.08,0.0,1,1,1,1,1,1
3024955-43.2025.8.22.3096,RO,Não reconhece operação,Golpe,Êxito,Improcedência,15702.54,0.0,1,1,1,1,0,1
4584893-32.2025.8.19.7182,RJ,Não reconhece operação,Golpe,Não Êxito,Parcial procedência,3150.47,2383.71,1,1,0,1,1,0
5999695-56.2025.8.15.7670,PB,Não reconhece operação,Golpe,Êxito,Improcedência,15390.89,0.0,1,1,1,1,0,1
4078766-28.2025.8.20.1479,RN,Não reconhece operação,Golpe,Êxito,Improcedência,14242.47,0.0,1,1,0,1,0,1
3780713-78.2025.8.22.1381,RO,Não reconhece operação,Genérico,Não Êxito,Procedência,19222.24,16180.98,0,1,1,1,1,1
6492933-62.2025.8.17.6468,PE,Não reconhece operação,Golpe,Êxito,Improcedência,18529.69,0.0,1,1,0,1,1,0
9382702-77.2025.8.08.2236,ES,Não reconhece operação,Genérico,Êxito,Extinção,16163.98,0.0,1,1,1,1,0,1
3108193-17.2025.8.22.9110,RO,Não reconhece operação,Genérico,Êxito,Extinção,16518.84,0.0,1,1,1,0,0,0
3736548-43.2025.8.20.1561,RN,Não reconhece operação,Golpe,Não Êxito,Parcial procedência,21618.12,19238.8,1,0,0,1,1,1
3049383-68.2025.8.27.7798,TO,Não reconhece operação,Golpe,Não Êxito,Parcial procedência,20626.51,16543.54,0,0,1,0,1,0
6972799-51.2025.8.05.9540,BA,Não reconhece operação,Genérico,Êxito,Improcedência,16333.2,0.0,1,1,1,1,1,1
8165194-94.2025.8.12.1730,MS,Não reconhece operação,Golpe,Êxito,Improcedência,25509.41,0.0,1,1,0,1,1,0
8265941-40.2025.8.25.6551,SE,Não reconhece operação,Golpe,Não Êxito,Parcial procedência,11899.74,5522.4,1,1,1,1,0,1
2033618-49.2025.8.14.6860,PA,Não reconhece operação,Golpe,Êxito,Extinção,9165.42,0.0,1,1,1,1,0,0
8909342-38.2025.8.26.9422,SP,Não reconhece operação,Genérico,Êxito,Improcedência,14929.01,0.0,1,1,1,1,1,1
9690160-33.2025.8.01.6114,AC,Não reconhece operação,Golpe,Êxito,Extinção,13147.97,0.0,1,1,0,0,1,1
3090053-67.2025.8.01.5835,AC,Não reconhece operação,Golpe,Não Êxito,Parcial procedência,2885.17,1115.95,0,1,0,0,1,1
3290640-60.2025.8.23.9886,RR,Não reconhece operação,Golpe,Não Êxito,Parcial procedência,11781.07,7339.59,1,0,0,1,0,1
7449299-12.2025.8.10.7115,MA,Não reconhece operação,Golpe,Êxito,Improcedência,16668.11,0.0,1,1,0,0,1,1
7144502-91.2025.8.15.7639,PB,Não reconhece operação,Golpe,Não Êxito,Procedência,14697.46,7124.86,0,0,1,1,1,1
5367920-38.2025.8.12.7227,MS,Não reconhece operação,Genérico,Êxito,Extinção,11172.22,0.0,0,1,1,1,1,1
7545381-50.2025.8.12.4596,MS,Não reconhece operação,Genérico,Êxito,Improcedência,15189.88,0.0,1,1,1,0,1,0
8809609-52.2025.8.26.4717,SP,Não reconhece operação,Golpe,Êxito,Improcedência,15586.09,0.0,1,1,1,1,1,1
6772407-23.2025.8.04.3574,AM,Não reconhece operação,Golpe,Êxito,Improcedência,18490.95,0.0,1,1,1,1,0,1
3191306-29.2025.8.22.5560,RO,Não reconhece operação,Golpe,Não Êxito,Acordo,11834.45,2460.52,0,1,0,1,0,0
4838538-47.2025.8.25.9903,SE,Não reconhece operação,Golpe,Êxito,Improcedência,19270.07,0.0,1,1,1,1,1,1
1254988-70.2025.8.16.8593,PR,Não reconhece operação,Golpe,Êxito,Improcedência,9630.59,0.0,1,1,1,1,1,1
8850308-75.2025.8.13.6139,MG,Não reconhece operação,Genérico,Êxito,Extinção,12512.2,0.0,1,1,1,1,1,1
5849977-75.2025.8.05.9354,BA,Não reconhece operação,Golpe,Êxito,Improcedência,23318.87,0.0,1,1,1,1,1,1
8092231-83.2025.8.19.1614,RJ,Não reconhece operação,Golpe,Êxito,Improcedência,9958.19,0.0,1,1,1,0,1,1
1648898-97.2025.8.11.3835,MT,Não reconhece operação,Golpe,Êxito,Improcedência,11749.73,0.0,0,1,1,0,1,1
5092707-57.2025.8.05.7484,BA,Não reconhece operação,Golpe,Êxito,Extinção,8833.38,0.0,1,1,1,1,1,0
8107309-37.2025.8.10.8184,MA,Não reconhece operação,Golpe,Êxito,Extinção,10922.93,0.0,1,1,1,1,0,1
2941482-47.2025.8.26.2584,SP,Não reconhece operação,Genérico,Não Êxito,Parcial procedência,15661.12,8834.98,0,1,0,1,1,1
8235516-70.2025.8.08.4567,ES,Não reconhece operação,Genérico,Êxito,Improcedência,18449.08,0.0,1,1,0,1,0,1
5748081-98.2025.8.05.9440,BA,Não reconhece operação,Genérico,Não Êxito,Procedência,14890.74,8956.04,1,0,0,1,1,1
5582469-23.2025.8.19.3110,RJ,Não reconhece operação,Genérico,Êxito,Improcedência,13388.99,0.0,1,1,0,1,1,1
5221320-51.2025.8.06.6326,CE,Não reconhece operação,Golpe,Êxito,Extinção,8884.11,0.0,1,1,0,0,1,1
3715178-71.2025.8.25.6238,SE,Não reconhece operação,Genérico,Êxito,Extinção,11414.28,0.0,1,1,1,1,1,0
2212078-40.2025.8.24.4002,SC,Não reconhece operação,Golpe,Êxito,Improcedência,7396.05,0.0,1,0,0,1,1,1
2707240-24.2025.8.27.4638,TO,Não reconhece operação,Golpe,Êxito,Improcedência,18596.37,0.0,1,1,1,1,0,1
8230194-44.2025.8.25.9678,SE,Não reconhece operação,Golpe,Êxito,Improcedência,18937.46,0.0,1,1,1,0,0,1
7621757-81.2025.8.07.1615,DF,Não reconhece operação,Golpe,Êxito,Extinção,14783.72,0.0,1,1,1,1,1,1
9503621-32.2025.8.06.0603,CE,Não reconhece operação,Golpe,Êxito,Improcedência,17148.32,0.0,0,1,1,0,1,1
2940019-39.2025.8.10.3299,MA,Não reconhece operação,Golpe,Não Êxito,Parcial procedência,19281.72,8362.81,1,0,0,0,1,1
1530376-91.2025.8.11.2588,MT,Não reconhece operação,Genérico,Êxito,Improcedência,15478.81,0.0,0,1,1,1,1,1
9694955-52.2025.8.24.5069,SC,Não reconhece operação,Genérico,Êxito,Improcedência,21820.41,0.0,1,1,0,1,1,1
3217619-23.2025.8.20.0817,RN,Não reconhece operação,Golpe,Êxito,Extinção,9958.61,0.0,1,1,0,1,1,1
7855501-95.2025.8.16.1608,PR,Não reconhece operação,Golpe,Êxito,Extinção,13271.33,0.0,1,1,1,1,0,1
8450540-72.2025.8.24.0745,SC,Não reconhece operação,Genérico,Êxito,Improcedência,12687.06,0.0,1,1,1,1,0,1
7192188-25.2025.8.16.3546,PR,Não reconhece operação,Golpe,Não Êxito,Procedência,18158.08,10252.32,1,0,1,1,1,1
5849175-52.2025.8.13.0470,MG,Não reconhece operação,Golpe,Êxito,Improcedência,7945.1,0.0,1,0,1,0,1,1
4600615-54.2025.8.12.9545,MS,Não reconhece operação,Golpe,Êxito,Improcedência,22087.17,0.0,1,1,0,1,1,1
4784067-69.2025.8.14.6858,PA,Não reconhece operação,Golpe,Êxito,Improcedência,17738.73,0.0,1,1,0,1,1,1
2614663-81.2025.8.04.9482,AM,Não reconhece operação,Golpe,Não Êxito,Parcial procedência,23570.6,23570.6,1,0,0,1,1,1
6643962-46.2025.8.22.4370,RO,Não reconhece operação,Genérico,Êxito,Improcedência,14783.12,0.0,1,1,1,1,0,1
2508476-21.2025.8.16.0725,PR,Não reconhece operação,Genérico,Êxito,Extinção,12281.87,0.0,1,1,0,1,1,1
5410959-40.2025.8.20.0345,RN,Não reconhece operação,Genérico,Êxito,Extinção,18206.51,0.0,1,1,0,1,0,0
5349089-44.2025.8.15.6255,PB,Não reconhece operação,Golpe,Êxito,Extinção,20039.01,0.0,1,1,1,1,1,0
8541071-20.2025.8.23.3911,RR,Não reconhece operação,Genérico,Não Êxito,Procedência,11476.65,6845.63,1,0,1,1,0,1
1853075-21.2025.8.26.3367,SP,Não reconhece operação,Golpe,Não Êxito,Procedência,5180.31,3524.19,1,0,1,1,1,1
9398568-73.2025.8.17.2992,PE,Não reconhece operação,Golpe,Êxito,Extinção,6021.01,0.0,1,1,1,0,1,1
6789759-34.2025.8.12.9230,MS,Não reconhece operação,Golpe,Êxito,Improcedência,16264.77,0.0,1,1,0,1,1,1
2307580-29.2025.8.04.1335,AM,Não reconhece operação,Golpe,Não Êxito,Parcial procedência,22539.65,13640.13,1,1,0,0,1,1
1762628-79.2025.8.23.0949,RR,Não reconhece operação,Golpe,Êxito,Extinção,8599.19,0.0,0,1,1,1,1,1
6222150-49.2025.8.25.6257,SE,Não reconhece operação,Golpe,Êxito,Improcedência,13645.74,0.0,1,1,0,0,1,1
4851691-18.2025.8.19.4068,RJ,Não reconhece operação,Golpe,Não Êxito,Procedência,13272.41,8263.95,0,1,1,1,0,1
3494632-85.2025.8.24.9564,SC,Não reconhece operação,Golpe,Não Êxito,Parcial procedência,24405.93,16401.51,1,0,1,1,1,1
9268600-25.2025.8.24.0664,SC,Não reconhece operação,Golpe,Êxito,Extinção,26065.24,0.0,1,1,0,1,1,1
4099183-24.2025.8.23.8778,RR,Não reconhece operação,Golpe,Êxito,Extinção,17064.91,0.0,1,1,0,0,1,1
3482577-52.2025.8.14.9603,PA,Não reconhece operação,Genérico,Êxito,Improcedência,19388.53,0.0,1,1,0,1,1,1
5632493-69.2025.8.04.3058,AM,Não reconhece operação,Golpe,Êxito,Improcedência,19252.12,0.0,1,1,1,1,1,1
9157215-69.2025.8.01.0684,AC,Não reconhece operação,Golpe,Não Êxito,Parcial procedência,8699.86,7956.68,0,1,0,0,1,1
6523389-88.2025.8.06.4421,CE,Não reconhece operação,Golpe,Não Êxito,Parcial procedência,18409.73,8017.6,1,0,0,1,1,0
3541718-61.2025.8.12.2414,MS,Não reconhece operação,Genérico,Êxito,Improcedência,9979.15,0.0,1,1,0,1,1,1
7752153-41.2025.8.22.2662,RO,Não reconhece operação,Golpe,Êxito,Extinção,14140.49,0.0,1,1,1,0,1,1
1257381-75.2025.8.11.9057,MT,Não reconhece operação,Genérico,Êxito,Extinção,20574.7,0.0,1,1,1,1,1,1
6185146-70.2025.8.01.6119,AC,Não reconhece operação,Golpe,Não Êxito,Procedência,15379.32,13663.01,0,1,0,0,1,1
5046104-34.2025.8.06.3283,CE,Não reconhece operação,Golpe,Não Êxito,Procedência,20391.96,10080.94,1,1,0,0,1,1
4565092-36.2025.8.27.4977,TO,Não reconhece operação,Golpe,Êxito,Improcedência,21357.47,0.0,1,1,1,0,0,1
1376133-43.2025.8.27.7681,TO,Não reconhece operação,Golpe,Não Êxito,Parcial procedência,6361.21,4298.81,0,1,1,0,1,0
3969340-46.2025.8.13.9837,MG,Não reconhece operação,Genérico,Não Êxito,Procedência,4296.59,3977.03,0,1,0,1,1,1
4807779-40.2025.8.23.8187,RR,Não reconhece operação,Genérico,Não Êxito,Procedência,20684.39,15724.86,1,1,1,1,0,1
4500770-93.2025.8.20.4927,RN,Não reconhece operação,Golpe,Êxito,Improcedência,20882.21,0.0,1,0,1,1,1,1
4499181-69.2025.8.26.0442,SP,Não reconhece operação,Genérico,Êxito,Improcedência,16241.26,0.0,0,1,1,0,1,1
2953753-43.2025.8.24.9174,SC,Não reconhece operação,Golpe,Êxito,Extinção,16906.73,0.0,1,1,1,1,1,1
5919752-82.2025.8.18.0905,PI,Não reconhece operação,Golpe,Êxito,Improcedência,19364.23,0.0,1,1,0,0,1,0
1173049-70.2025.8.13.4264,MG,Não reconhece operação,Golpe,Êxito,Extinção,19272.77,0.0,1,1,1,1,1,1
4574395-26.2025.8.18.8283,PI,Não reconhece operação,Golpe,Não Êxito,Procedência,13489.61,3360.41,0,0,1,1,0,1
2246362-27.2025.8.09.1942,GO,Não reconhece operação,Genérico,Êxito,Improcedência,19672.39,0.0,0,1,0,1,1,1
6491751-52.2025.8.10.3730,MA,Não reconhece operação,Golpe,Êxito,Improcedência,13282.11,0.0,1,1,0,0,1,1
9679508-21.2025.8.18.0812,PI,Não reconhece operação,Golpe,Êxito,Improcedência,16177.26,0.0,1,0,1,1,1,0
3436158-79.2025.8.17.1894,PE,Não reconhece operação,Golpe,Êxito,Improcedência,15963.67,0.0,1,1,1,1,1,1
5445615-12.2025.8.17.8331,PE,Não reconhece operação,Golpe,Êxito,Improcedência,10765.07,0.0,1,1,0,1,1,1
3743688-24.2025.8.13.5708,MG,Não reconhece operação,Golpe,Não Êxito,Procedência,11336.48,10459.15,0,0,1,1,1,1
1180119-50.2025.8.12.1109,MS,Não reconhece operação,Genérico,Êxito,Improcedência,25944.6,0.0,1,1,1,0,1,1
6312768-24.2025.8.01.8883,AC,Não reconhece operação,Golpe,Êxito,Improcedência,10605.86,0.0,1,1,1,1,1,1
5152665-80.2025.8.18.7273,PI,Não reconhece operação,Golpe,Não Êxito,Parcial procedência,16797.52,10893.85,1,0,1,1,1,1
2089499-13.2025.8.17.2932,PE,Não reconhece operação,Golpe,Êxito,Improcedência,17827.17,0.0,1,1,0,1,1,1
2252247-95.2025.8.26.6923,SP,Não reconhece operação,Golpe,Não Êxito,Parcial procedência,14716.16,11537.32,0,1,1,1,1,1
7869767-10.2025.8.14.3614,PA,Não reconhece operação,Golpe,Êxito,Improcedência,18277.08,0.0,1,1,1,1,1,1
7779207-23.2025.8.11.2428,MT,Não reconhece operação,Genérico,Não Êxito,Parcial procedência,16596.46,11127.44,0,0,1,1,1,1
9780330-29.2025.8.02.3924,AL,Não reconhece operação,Genérico,Êxito,Extinção,10712.01,0.0,1,0,1,1,1,0
3346835-39.2025.8.06.8860,CE,Não reconhece operação,Golpe,Êxito,Improcedência,17616.27,0.0,1,0,1,1,1,1
4558206-75.2025.8.10.7983,MA,Não reconhece operação,Genérico,Êxito,Extinção,12309.41,0.0,1,1,0,1,1,1
6991299-24.2025.8.13.5667,MG,Não reconhece operação,Golpe,Êxito,Improcedência,23523.37,0.0,1,1,1,0,0,0
6460136-91.2025.8.10.7246,MA,Não reconhece operação,Golpe,Não Êxito,Parcial procedência,17087.84,11904.17,1,0,1,1,1,0
7199906-44.2025.8.13.7009,MG,Não reconhece operação,Genérico,Êxito,Extinção,11546.65,0.0,1,1,1,1,1,1
2503894-76.2025.8.22.7087,RO,Não reconhece operação,Genérico,Êxito,Improcedência,16661.75,0.0,1,1,0,1,1,1
8811074-94.2025.8.03.7734,AP,Não reconhece operação,Genérico,Êxito,Improcedência,10444.08,0.0,0,1,1,0,1,0
4199415-14.2025.8.09.4534,GO,Não reconhece operação,Golpe,Não Êxito,Parcial procedência,16247.07,11576.14,1,0,0,1,1,1
2810462-59.2025.8.05.9010,BA,Não reconhece operação,Golpe,Êxito,Improcedência,13874.73,0.0,1,1,0,0,1,1
5749429-29.2025.8.09.8862,GO,Não reconhece operação,Golpe,Não Êxito,Parcial procedência,10924.87,7432.11,0,1,1,0,1,1
1926576-35.2025.8.19.5557,RJ,Não reconhece operação,Golpe,Não Êxito,Parcial procedência,10863.19,6549.64,1,0,0,0,1,0
8357196-20.2025.8.02.1843,AL,Não reconhece operação,Golpe,Não Êxito,Parcial procedência,26930.02,19536.09,0,0,1,0,1,1
8164380-89.2025.8.10.7455,MA,Não reconhece operação,Golpe,Não Êxito,Procedência,15430.64,5741.24,1,0,0,1,1,1
2021533-21.2025.8.01.5153,AC,Não reconhece operação,Golpe,Êxito,Extinção,12863.72,0.0,1,1,0,0,0,0
5864509-73.2025.8.26.2380,SP,Não reconhece operação,Golpe,Êxito,Improcedência,12013.96,0.0,1,1,1,0,1,1
5435327-30.2025.8.20.0504,RN,Não reconhece operação,Golpe,Não Êxito,Parcial procedência,17294.13,14038.17,0,1,0,1,0,1
2157905-58.2025.8.07.1831,DF,Não reconhece operação,Golpe,Êxito,Improcedência,11849.2,0.0,1,1,1,1,1,1
6348781-26.2025.8.06.0051,CE,Não reconhece operação,Golpe,Êxito,Improcedência,9611.08,0.0,1,0,1,0,1,1
7040970-20.2025.8.04.6959,AM,Não reconhece operação,Golpe,Não Êxito,Parcial procedência,14823.14,14126.84,0,1,0,1,0,1
5440637-82.2025.8.11.0527,MT,Não reconhece operação,Golpe,Êxito,Extinção,14786.07,0.0,1,1,0,0,1,1
6607757-59.2025.8.22.0151,RO,Não reconhece operação,Golpe,Êxito,Extinção,12935.87,0.0,0,1,1,1,0,1
8316011-10.2025.8.17.3371,PE,Não reconhece operação,Golpe,Não Êxito,Procedência,10608.77,7333.19,0,1,0,0,1,0
3763125-92.2025.8.24.3909,SC,Não reconhece operação,Genérico,Não Êxito,Procedência,13063.76,9541.46,0,0,0,1,1,1
6646282-90.2025.8.10.7742,MA,Não reconhece operação,Golpe,Êxito,Improcedência,12677.76,0.0,0,1,1,0,0,1
8622503-36.2025.8.08.4903,ES,Não reconhece operação,Golpe,Não Êxito,Parcial procedência,11997.05,8585.7,0,1,0,1,1,1
3637000-59.2025.8.11.3078,MT,Não reconhece operação,Golpe,Não Êxito,Acordo,16338.93,5768.1,1,1,0,0,0,1
9419305-13.2025.8.06.0122,CE,Não reconhece operação,Genérico,Não Êxito,Procedência,25905.93,13227.17,0,1,0,1,0,1
9895471-35.2025.8.27.2292,TO,Não reconhece operação,Genérico,Êxito,Improcedência,21516.95,0.0,0,1,0,1,1,1
4199496-49.2025.8.06.0032,CE,Não reconhece operação,Golpe,Não Êxito,Parcial procedência,24510.87,24510.87,1,0,1,1,1,1
2532513-24.2025.8.11.1162,MT,Não reconhece operação,Golpe,Êxito,Improcedência,12196.62,0.0,1,1,1,1,0,1
1739593-42.2025.8.15.1011,PB,Não reconhece operação,Golpe,Não Êxito,Parcial procedência,23199.61,10032.66,0,1,1,0,1,1
4651438-49.2025.8.02.7495,AL,Não reconhece operação,Genérico,Êxito,Improcedência,16097.4,0.0,1,1,1,1,1,1
7381138-37.2025.8.11.3765,MT,Não reconhece operação,Golpe,Êxito,Improcedência,19822.12,0.0,1,1,1,1,1,1
2441293-42.2025.8.11.5810,MT,Não reconhece operação,Golpe,Êxito,Extinção,17228.07,0.0,1,1,0,0,1,1
9005687-59.2025.8.08.0302,ES,Não reconhece operação,Genérico,Êxito,Extinção,13297.84,0.0,1,1,1,1,1,0
7665367-39.2025.8.03.7612,AP,Não reconhece operação,Genérico,Êxito,Improcedência,18512.65,0.0,0,1,0,1,1,1
5712896-93.2025.8.02.2205,AL,Não reconhece operação,Golpe,Êxito,Improcedência,17361.67,0.0,1,1,1,1,1,1
1799866-69.2025.8.01.1039,AC,Não reconhece operação,Golpe,Êxito,Extinção,6305.99,0.0,1,0,1,1,1,0
4686726-53.2025.8.14.7574,PA,Não reconhece operação,Golpe,Não Êxito,Parcial procedência,14373.14,7814.37,0,0,0,0,1,1
6911820-59.2025.8.04.9422,AM,Não reconhece operação,Golpe,Êxito,Extinção,19262.94,0.0,1,1,0,1,1,0
3524859-36.2025.8.26.9073,SP,Não reconhece operação,Golpe,Êxito,Extinção,16343.46,0.0,1,1,1,1,1,1
4928335-77.2025.8.07.4300,DF,Não reconhece operação,Genérico,Êxito,Improcedência,17285.81,0.0,1,1,0,1,1,0
6383713-34.2025.8.16.1787,PR,Não reconhece operação,Genérico,Não Êxito,Parcial procedência,11295.08,8019.95,0,1,1,0,1,0
7176334-14.2025.8.19.4937,RJ,Não reconhece operação,Golpe,Não Êxito,Procedência,16239.38,9241.81,0,1,1,1,1,0
6466285-26.2025.8.14.8838,PA,Não reconhece operação,Golpe,Êxito,Extinção,14509.46,0.0,1,1,1,0,1,1
4354615-75.2025.8.24.0543,SC,Não reconhece operação,Golpe,Não Êxito,Parcial procedência,13983.88,11979.5,1,1,0,1,1,0
9128186-81.2025.8.04.2080,AM,Não reconhece operação,Golpe,Êxito,Improcedência,11649.19,0.0,1,0,1,1,1,1
6825535-14.2025.8.07.9611,DF,Não reconhece operação,Genérico,Não Êxito,Parcial procedência,19471.27,12401.11,1,0,0,0,1,1
6059006-94.2025.8.07.0152,DF,Não reconhece operação,Golpe,Não Êxito,Procedência,16677.35,10948.92,1,1,1,1,0,1
6491499-57.2025.8.03.3280,AP,Não reconhece operação,Golpe,Êxito,Extinção,16182.15,0.0,1,1,1,1,1,1
5280325-79.2025.8.08.5092,ES,Não reconhece operação,Golpe,Êxito,Improcedência,25045.06,0.0,1,1,0,1,1,0
5599740-42.2025.8.09.1308,GO,Não reconhece operação,Golpe,Êxito,Extinção,17307.05,0.0,1,1,1,0,0,1
4739311-69.2025.8.22.6867,RO,Não reconhece operação,Golpe,Êxito,Improcedência,20872.83,0.0,1,1,1,1,1,1
4892652-82.2025.8.09.8461,GO,Não reconhece operação,Genérico,Não Êxito,Parcial procedência,16321.43,6228.09,0,1,1,1,0,1
3848878-20.2025.8.24.7816,SC,Não reconhece operação,Genérico,Êxito,Extinção,13249.28,0.0,1,1,1,1,1,1
7259800-39.2025.8.22.0312,RO,Não reconhece operação,Golpe,Êxito,Improcedência,9785.18,0.0,1,1,1,0,1,1
2065886-13.2025.8.25.7514,SE,Não reconhece operação,Genérico,Êxito,Improcedência,16166.65,0.0,1,1,1,1,1,1
9107280-53.2025.8.04.3943,AM,Não reconhece operação,Golpe,Êxito,Improcedência,1912.89,0.0,0,1,1,1,1,1
7047934-47.2025.8.27.2007,TO,Não reconhece operação,Genérico,Êxito,Extinção,16319.14,0.0,1,1,1,1,1,1
3625602-18.2025.8.18.7201,PI,Não reconhece operação,Golpe,Êxito,Extinção,16529.8,0.0,1,1,1,1,1,1
8072939-19.2025.8.27.5922,TO,Não reconhece operação,Golpe,Êxito,Improcedência,13914.62,0.0,1,1,1,1,1,1
5070240-83.2025.8.10.0093,MA,Não reconhece operação,Genérico,Êxito,Improcedência,14528.97,0.0,1,1,1,0,1,1
8655017-60.2025.8.26.7679,SP,Não reconhece operação,Golpe,Não Êxito,Procedência,8842.91,8635.17,0,1,0,1,0,1
5553851-96.2025.8.17.6667,PE,Não reconhece operação,Golpe,Êxito,Extinção,21781.12,0.0,1,1,0,1,1,0
6735872-64.2025.8.02.7959,AL,Não reconhece operação,Golpe,Êxito,Improcedência,13327.36,0.0,1,1,1,1,0,0
3729171-96.2025.8.12.5340,MS,Não reconhece operação,Golpe,Êxito,Improcedência,10212.29,0.0,0,1,1,1,1,0
3414602-14.2025.8.03.5669,AP,Não reconhece operação,Golpe,Não Êxito,Procedência,17654.76,13546.9,1,0,1,1,1,0
9242723-87.2025.8.26.5129,SP,Não reconhece operação,Golpe,Êxito,Extinção,15525.66,0.0,1,1,1,1,1,1
8814234-19.2025.8.09.1647,GO,Não reconhece operação,Genérico,Êxito,Improcedência,13223.9,0.0,1,1,1,1,1,1
3018907-34.2025.8.07.7585,DF,Não reconhece operação,Golpe,Não Êxito,Parcial procedência,12705.26,6081.95,1,1,0,0,0,0
6300640-98.2025.8.15.0951,PB,Não reconhece operação,Golpe,Não Êxito,Parcial procedência,14954.52,13009.19,1,1,0,1,1,1
5063883-73.2025.8.12.5283,MS,Não reconhece operação,Golpe,Êxito,Extinção,21585.89,0.0,0,1,1,1,1,0
7157927-24.2025.8.04.0471,AM,Não reconhece operação,Genérico,Êxito,Extinção,17286.18,0.0,0,1,0,0,1,1
5086405-84.2025.8.21.0129,RS,Não reconhece operação,Golpe,Não Êxito,Parcial procedência,14813.36,11273.51,0,0,1,1,1,0
2429513-94.2025.8.21.9203,RS,Não reconhece operação,Golpe,Êxito,Improcedência,19164.95,0.0,1,1,0,1,1,1
2421076-41.2025.8.22.9689,RO,Não reconhece operação,Golpe,Êxito,Improcedência,15117.29,0.0,1,1,0,1,1,0
2990496-13.2025.8.18.3774,PI,Não reconhece operação,Golpe,Êxito,Extinção,16952.54,0.0,1,1,1,0,1,1
1343047-27.2025.8.13.1637,MG,Não reconhece operação,Genérico,Não Êxito,Parcial procedência,15723.75,5901.6,0,1,1,1,1,1
1458829-36.2025.8.15.0472,PB,Não reconhece operação,Golpe,Não Êxito,Procedência,17876.15,17876.15,0,0,1,1,1,0
9368313-23.2025.8.15.1649,PB,Não reconhece operação,Genérico,Êxito,Improcedência,12802.85,0.0,1,1,0,1,1,1
6987087-14.2025.8.05.8774,BA,Não reconhece operação,Golpe,Êxito,Improcedência,9391.62,0.0,1,1,1,1,1,1
4636969-70.2025.8.04.1733,AM,Não reconhece operação,Golpe,Êxito,Improcedência,19431.95,0.0,0,1,0,1,1,1
2392391-26.2025.8.07.7263,DF,Não reconhece operação,Golpe,Não Êxito,Parcial procedência,22366.63,15064.04,0,1,1,1,0,1
4350684-78.2025.8.11.1929,MT,Não reconhece operação,Golpe,Êxito,Extinção,9624.51,0.0,0,1,1,0,1,1
2454563-20.2025.8.05.3333,BA,Não reconhece operação,Golpe,Êxito,Improcedência,15861.95,0.0,1,1,0,0,1,1
3492737-56.2025.8.04.9158,AM,Não reconhece operação,Golpe,Não Êxito,Parcial procedência,12779.66,10047.84,1,1,1,1,1,1
6879868-27.2025.8.24.8387,SC,Não reconhece operação,Golpe,Êxito,Extinção,19316.79,0.0,1,1,1,1,1,1
6852228-96.2025.8.13.2295,MG,Não reconhece operação,Golpe,Não Êxito,Parcial procedência,16192.44,11949.98,1,0,0,1,1,0
5818985-47.2025.8.17.9966,PE,Não reconhece operação,Golpe,Não Êxito,Parcial procedência,31000.0,24991.79,0,1,1,1,1,1
4793843-51.2025.8.15.6261,PB,Não reconhece operação,Golpe,Não Êxito,Procedência,13503.11,11082.3,1,1,0,1,1,1
3806150-32.2025.8.20.0928,RN,Não reconhece operação,Golpe,Êxito,Improcedência,22525.43,0.0,1,1,0,1,1,1
4761821-31.2025.8.20.5341,RN,Não reconhece operação,Golpe,Êxito,Improcedência,23003.06,0.0,1,1,1,0,1,1
4445898-49.2025.8.08.5989,ES,Não reconhece operação,Golpe,Êxito,Extinção,17600.47,0.0,1,1,1,1,1,0
9856306-47.2025.8.21.1364,RS,Não reconhece operação,Golpe,Êxito,Improcedência,15164.15,0.0,1,1,1,1,1,1
2624356-44.2025.8.13.8586,MG,Não reconhece operação,Golpe,Êxito,Improcedência,15447.55,0.0,1,1,0,0,1,1
1677614-81.2025.8.21.5812,RS,Não reconhece operação,Golpe,Não Êxito,Procedência,15032.27,12530.74,0,1,0,1,1,1
6303653-76.2025.8.13.0049,MG,Não reconhece operação,Golpe,Êxito,Improcedência,20543.11,0.0,1,1,0,0,1,0
2249699-61.2025.8.04.7221,AM,Não reconhece operação,Genérico,Êxito,Extinção,10700.31,0.0,1,1,0,0,0,1
3345613-61.2025.8.22.8828,RO,Não reconhece operação,Golpe,Êxito,Improcedência,14192.27,0.0,1,0,1,1,1,1
1605684-15.2025.8.01.9836,AC,Não reconhece operação,Golpe,Êxito,Improcedência,13597.55,0.0,1,1,1,1,1,1
9561117-79.2025.8.22.4206,RO,Não reconhece operação,Golpe,Êxito,Extinção,6512.04,0.0,1,1,1,1,1,0
1433418-44.2025.8.02.7996,AL,Não reconhece operação,Genérico,Não Êxito,Parcial procedência,19196.75,10212.32,0,0,0,0,1,1
6761454-41.2025.8.06.8245,CE,Não reconhece operação,Golpe,Êxito,Improcedência,20197.76,0.0,1,1,1,1,1,1
3968232-61.2025.8.18.7228,PI,Não reconhece operação,Genérico,Êxito,Extinção,11870.19,0.0,0,1,1,0,0,0
6527730-60.2025.8.26.9200,SP,Não reconhece operação,Golpe,Não Êxito,Parcial procedência,20036.88,15505.07,1,0,1,1,1,1
6223186-50.2025.8.12.6737,MS,Não reconhece operação,Golpe,Êxito,Extinção,7211.44,0.0,1,1,1,0,1,1
1203792-39.2025.8.03.3306,AP,Não reconhece operação,Golpe,Êxito,Improcedência,15099.73,0.0,1,1,1,1,1,1
8674611-37.2025.8.07.4603,DF,Não reconhece operação,Golpe,Não Êxito,Parcial procedência,14362.66,10294.88,1,0,1,0,1,0
5517216-92.2025.8.25.5917,SE,Não reconhece operação,Genérico,Não Êxito,Parcial procedência,15412.76,11624.36,0,1,0,1,1,1
2012685-74.2025.8.20.0247,RN,Não reconhece operação,Golpe,Êxito,Improcedência,15387.23,0.0,1,1,0,1,0,1
2704406-85.2025.8.04.8453,AM,Não reconhece operação,Genérico,Êxito,Improcedência,14604.16,0.0,1,1,1,0,0,0
3653437-11.2025.8.13.7539,MG,Não reconhece operação,Golpe,Êxito,Extinção,13079.45,0.0,1,1,0,1,1,1
8527687-89.2025.8.08.6316,ES,Não reconhece operação,Genérico,Não Êxito,Procedência,14448.79,8321.33,0,1,1,1,1,1
1766607-77.2025.8.05.2214,BA,Não reconhece operação,Genérico,Êxito,Extinção,21671.3,0.0,1,1,0,0,1,1
3688919-28.2025.8.21.6916,RS,Não reconhece operação,Golpe,Não Êxito,Parcial procedência,12142.51,8926.83,0,0,1,0,1,1
1761588-23.2025.8.18.5581,PI,Não reconhece operação,Golpe,Êxito,Extinção,26048.78,0.0,1,1,1,1,1,1
4551819-37.2025.8.05.1437,BA,Não reconhece operação,Golpe,Êxito,Improcedência,11865.55,0.0,0,1,1,1,1,1
7343384-50.2025.8.16.8760,PR,Não reconhece operação,Golpe,Êxito,Improcedência,16160.12,0.0,1,0,1,1,0,0
7406484-55.2025.8.12.8780,MS,Não reconhece operação,Genérico,Êxito,Extinção,17785.01,0.0,1,0,1,1,1,1
8557002-30.2025.8.02.0969,AL,Não reconhece operação,Golpe,Não Êxito,Parcial procedência,13550.59,6539.99,0,1,0,1,0,0
7032203-34.2025.8.11.3711,MT,Não reconhece operação,Golpe,Êxito,Improcedência,21765.22,0.0,1,1,0,1,0,1
5926905-42.2025.8.06.4292,CE,Não reconhece operação,Golpe,Êxito,Improcedência,17657.46,0.0,1,1,1,1,1,1
9317976-21.2025.8.07.4777,DF,Não reconhece operação,Genérico,Êxito,Improcedência,13976.77,0.0,1,0,1,1,1,1
3936624-79.2025.8.24.2381,SC,Não reconhece operação,Genérico,Não Êxito,Parcial procedência,21710.76,9312.0,1,1,0,0,1,1
4203816-22.2025.8.20.0823,RN,Não reconhece operação,Golpe,Êxito,Extinção,9999.34,0.0,1,1,1,1,0,1
2333333-92.2025.8.03.0921,AP,Não reconhece operação,Genérico,Êxito,Improcedência,12207.46,0.0,1,1,1,1,1,1
6676117-12.2025.8.21.8438,RS,Não reconhece operação,Genérico,Não Êxito,Parcial procedência,17742.63,14480.6,0,1,1,0,0,1
6265448-85.2025.8.17.7531,PE,Não reconhece operação,Golpe,Êxito,Improcedência,18914.86,0.0,0,1,1,0,1,1
5247586-31.2025.8.24.6200,SC,Não reconhece operação,Golpe,Não Êxito,Procedência,16565.25,5336.77,1,0,1,1,1,1
7798504-86.2025.8.22.3558,RO,Não reconhece operação,Golpe,Êxito,Improcedência,14358.08,0.0,1,1,1,0,0,0
2780414-84.2025.8.10.0761,MA,Não reconhece operação,Golpe,Êxito,Improcedência,13748.4,0.0,0,1,1,1,1,1
5233018-32.2025.8.15.0759,PB,Não reconhece operação,Golpe,Êxito,Extinção,20533.79,0.0,1,1,0,1,1,1
8298234-34.2025.8.15.4096,PB,Não reconhece operação,Genérico,Êxito,Improcedência,16161.77,0.0,1,1,0,1,1,1
5472018-62.2025.8.20.2859,RN,Não reconhece operação,Golpe,Não Êxito,Parcial procedência,10702.26,4801.41,1,1,0,1,1,1
8008239-36.2025.8.07.8822,DF,Não reconhece operação,Genérico,Êxito,Improcedência,10419.31,0.0,1,1,1,1,1,1
1064993-13.2025.8.09.0625,GO,Não reconhece operação,Genérico,Êxito,Improcedência,22408.5,0.0,1,1,0,1,1,1
7983690-26.2025.8.07.7003,DF,Não reconhece operação,Genérico,Êxito,Improcedência,11455.35,0.0,0,1,0,0,1,1
3619544-87.2025.8.08.9852,ES,Não reconhece operação,Golpe,Não Êxito,Procedência,16320.44,11189.69,0,1,1,1,1,1
2036946-42.2025.8.05.7732,BA,Não reconhece operação,Golpe,Não Êxito,Parcial procedência,21610.87,21610.87,1,1,1,1,1,0
5428452-72.2025.8.01.6761,AC,Não reconhece operação,Golpe,Não Êxito,Parcial procedência,17642.22,12738.44,1,1,0,1,1,1
5583326-47.2025.8.26.3458,SP,Não reconhece operação,Golpe,Êxito,Improcedência,11264.57,0.0,1,1,1,1,1,1
7840147-37.2025.8.04.9626,AM,Não reconhece operação,Golpe,Êxito,Improcedência,9998.35,0.0,1,1,0,0,0,0
9221916-47.2025.8.24.2524,SC,Não reconhece operação,Golpe,Não Êxito,Procedência,24157.43,21153.98,0,1,0,0,1,1
5687337-20.2025.8.01.7134,AC,Não reconhece operação,Golpe,Êxito,Improcedência,9873.37,0.0,1,1,0,0,0,1
4591572-39.2025.8.22.2496,RO,Não reconhece operação,Golpe,Não Êxito,Parcial procedência,12267.39,11299.75,0,0,0,0,1,1
3205070-57.2025.8.09.7489,GO,Não reconhece operação,Golpe,Não Êxito,Parcial procedência,16810.01,10847.44,1,0,0,1,1,0
5233056-16.2025.8.14.6675,PA,Não reconhece operação,Golpe,Êxito,Extinção,13908.19,0.0,1,1,0,1,1,1
8824799-38.2025.8.08.4758,ES,Não reconhece operação,Golpe,Êxito,Improcedência,17797.76,0.0,1,1,0,1,1,1
6316668-46.2025.8.14.6652,PA,Não reconhece operação,Genérico,Êxito,Improcedência,7780.08,0.0,1,1,1,0,1,1
6897349-50.2025.8.11.8303,MT,Não reconhece operação,Golpe,Não Êxito,Parcial procedência,13949.8,11676.02,0,1,0,1,0,1
5442869-36.2025.8.15.7393,PB,Não reconhece operação,Genérico,Êxito,Extinção,18307.5,0.0,1,0,1,1,1,0
9032304-23.2025.8.13.4251,MG,Não reconhece operação,Genérico,Êxito,Improcedência,18324.11,0.0,1,1,1,1,0,0
8833942-82.2025.8.15.1288,PB,Não reconhece operação,Golpe,Êxito,Improcedência,12173.26,0.0,1,1,1,1,1,1
1769620-69.2025.8.21.8947,RS,Não reconhece operação,Golpe,Êxito,Improcedência,9968.83,0.0,1,1,1,1,1,1
6506789-75.2025.8.12.7666,MS,Não reconhece operação,Golpe,Não Êxito,Procedência,16030.85,8443.73,0,1,1,1,1,1
7565302-91.2025.8.10.7009,MA,Não reconhece operação,Golpe,Êxito,Improcedência,8542.15,0.0,1,1,1,1,1,1
8749701-35.2025.8.03.2720,AP,Não reconhece operação,Golpe,Êxito,Extinção,21283.9,0.0,1,1,1,1,1,1
7597076-53.2025.8.10.9775,MA,Não reconhece operação,Golpe,Êxito,Extinção,15754.57,0.0,1,1,0,0,0,1
1254461-18.2025.8.03.7037,AP,Não reconhece operação,Genérico,Êxito,Extinção,11563.05,0.0,1,1,0,0,0,0
7346276-20.2025.8.05.7365,BA,Não reconhece operação,Genérico,Êxito,Extinção,9807.93,0.0,1,1,0,1,1,0
2424593-72.2025.8.26.7727,SP,Não reconhece operação,Genérico,Não Êxito,Procedência,11875.89,7015.65,1,0,1,0,1,1
3639098-38.2025.8.04.6129,AM,Não reconhece operação,Golpe,Êxito,Improcedência,7318.05,0.0,1,1,1,0,1,1
6403438-11.2025.8.14.1402,PA,Não reconhece operação,Golpe,Êxito,Improcedência,17409.99,0.0,1,1,0,1,1,0
4840228-17.2025.8.21.0612,RS,Não reconhece operação,Genérico,Êxito,Improcedência,11042.76,0.0,1,1,1,0,1,1
9950456-48.2025.8.26.8592,SP,Não reconhece operação,Golpe,Não Êxito,Parcial procedência,16943.32,9923.65,0,1,0,0,1,1
8739907-30.2025.8.03.5830,AP,Não reconhece operação,Golpe,Êxito,Improcedência,17619.84,0.0,1,1,0,1,0,1
4164474-35.2025.8.05.2422,BA,Não reconhece operação,Golpe,Êxito,Improcedência,19722.18,0.0,1,1,1,1,1,0
5176251-47.2025.8.13.8580,MG,Não reconhece operação,Golpe,Êxito,Improcedência,16217.97,0.0,1,1,1,1,1,1
1544825-24.2025.8.15.6120,PB,Não reconhece operação,Golpe,Êxito,Improcedência,20503.53,0.0,1,1,1,1,0,1
2075430-60.2025.8.26.3933,SP,Não reconhece operação,Golpe,Não Êxito,Parcial procedência,21783.61,11201.79,0,1,1,0,1,1
8530914-54.2025.8.06.5938,CE,Não reconhece operação,Golpe,Êxito,Extinção,16249.21,0.0,1,1,1,1,1,1
4670430-78.2025.8.05.1244,BA,Não reconhece operação,Golpe,Êxito,Improcedência,16545.15,0.0,1,1,0,1,0,1
7119089-10.2025.8.07.7166,DF,Não reconhece operação,Golpe,Não Êxito,Procedência,12246.76,6060.01,0,0,0,0,1,1
6997720-32.2025.8.24.8382,SC,Não reconhece operação,Golpe,Êxito,Extinção,10136.08,0.0,0,1,1,0,1,1
2652626-10.2025.8.01.6995,AC,Não reconhece operação,Golpe,Êxito,Improcedência,21273.12,0.0,0,1,1,1,1,1
6104551-91.2025.8.13.5670,MG,Não reconhece operação,Genérico,Êxito,Improcedência,17954.48,0.0,1,1,1,0,0,1
7722131-91.2025.8.03.4615,AP,Não reconhece operação,Golpe,Êxito,Improcedência,18352.35,0.0,1,1,1,1,1,0
4024463-91.2025.8.05.0403,BA,Não reconhece operação,Golpe,Êxito,Extinção,12083.68,0.0,1,1,0,1,1,1
9021429-14.2025.8.25.7182,SE,Não reconhece operação,Genérico,Êxito,Improcedência,22950.51,0.0,1,1,1,1,1,1
6704507-83.2025.8.01.4502,AC,Não reconhece operação,Golpe,Não Êxito,Procedência,13860.42,12723.36,1,1,0,0,1,1
9166998-38.2025.8.09.8223,GO,Não reconhece operação,Genérico,Não Êxito,Parcial procedência,11047.69,9068.21,0,1,1,1,1,1
6264201-67.2025.8.25.9219,SE,Não reconhece operação,Golpe,Êxito,Improcedência,12167.27,0.0,1,0,1,1,1,1
3646482-68.2025.8.18.1571,PI,Não reconhece operação,Golpe,Êxito,Extinção,22691.77,0.0,1,1,0,1,0,1
8843751-24.2025.8.02.4054,AL,Não reconhece operação,Golpe,Não Êxito,Procedência,9530.46,6175.1,1,1,0,0,1,1
1719575-49.2025.8.11.1547,MT,Não reconhece operação,Golpe,Êxito,Improcedência,11296.56,0.0,1,1,0,1,0,1
6420146-56.2025.8.27.4766,TO,Não reconhece operação,Genérico,Êxito,Extinção,29204.7,0.0,1,1,1,1,0,0
1274174-44.2025.8.13.7596,MG,Não reconhece operação,Genérico,Não Êxito,Parcial procedência,19599.71,8742.73,0,1,0,0,0,0
4340754-21.2025.8.15.6595,PB,Não reconhece operação,Genérico,Êxito,Improcedência,11385.21,0.0,1,1,1,0,1,1
1408323-44.2025.8.15.0304,PB,Não reconhece operação,Genérico,Não Êxito,Procedência,9675.71,6169.92,0,1,1,1,1,0
6868168-61.2025.8.16.3397,PR,Não reconhece operação,Golpe,Êxito,Extinção,6774.54,0.0,1,1,0,1,0,1
8440870-34.2025.8.06.1870,CE,Não reconhece operação,Genérico,Êxito,Improcedência,15458.72,0.0,1,0,1,1,1,1
6945755-53.2025.8.21.0258,RS,Não reconhece operação,Golpe,Não Êxito,Parcial procedência,18554.47,9258.56,1,0,0,1,1,1
5051100-45.2025.8.27.3489,TO,Não reconhece operação,Genérico,Não Êxito,Acordo,22434.69,4675.45,0,1,1,1,1,0
3518724-97.2025.8.03.2919,AP,Não reconhece operação,Golpe,Êxito,Improcedência,5688.73,0.0,1,1,1,0,1,1
1294648-76.2025.8.21.2048,RS,Não reconhece operação,Golpe,Êxito,Improcedência,8478.76,0.0,1,1,1,1,1,0
6274517-36.2025.8.21.1354,RS,Não reconhece operação,Genérico,Não Êxito,Parcial procedência,14395.58,3382.09,1,0,0,0,0,1
4615047-53.2025.8.22.6757,RO,Não reconhece operação,Genérico,Não Êxito,Procedência,28660.83,14638.43,0,1,0,1,1,1
4926047-59.2025.8.13.8541,MG,Não reconhece operação,Golpe,Êxito,Improcedência,19329.17,0.0,1,1,1,0,1,1
1463996-36.2025.8.11.3590,MT,Não reconhece operação,Golpe,Não Êxito,Procedência,16811.46,9107.7,0,1,1,1,1,0
3205268-92.2025.8.21.4838,RS,Não reconhece operação,Golpe,Êxito,Extinção,8971.69,0.0,0,1,1,1,0,0
9904876-41.2025.8.05.8231,BA,Não reconhece operação,Genérico,Não Êxito,Procedência,4579.77,2539.1,0,1,1,1,1,1
2749565-30.2025.8.21.1987,RS,Não reconhece operação,Golpe,Não Êxito,Procedência,15172.82,8875.7,1,1,0,1,1,1
4126231-62.2025.8.25.5616,SE,Não reconhece operação,Golpe,Êxito,Improcedência,14494.6,0.0,1,1,1,1,1,1
4457132-82.2025.8.19.8070,RJ,Não reconhece operação,Golpe,Não Êxito,Parcial procedência,13668.11,10321.19,0,1,1,1,0,0
1153849-14.2025.8.10.6558,MA,Não reconhece operação,Golpe,Êxito,Improcedência,13115.47,0.0,1,1,1,0,1,1
1648576-36.2025.8.17.2173,PE,Não reconhece operação,Golpe,Êxito,Improcedência,11310.14,0.0,1,1,1,1,1,1
1035322-60.2025.8.02.5437,AL,Não reconhece operação,Golpe,Não Êxito,Procedência,10185.06,7107.09,1,0,0,1,1,1
1267612-84.2025.8.26.5287,SP,Não reconhece operação,Genérico,Não Êxito,Parcial procedência,21800.28,8205.23,0,1,0,1,0,1
3963500-75.2025.8.10.0502,MA,Não reconhece operação,Genérico,Êxito,Extinção,10632.14,0.0,1,1,1,0,1,1
8760846-73.2025.8.02.7648,AL,Não reconhece operação,Genérico,Êxito,Improcedência,13627.18,0.0,1,1,0,1,1,0
2446335-92.2025.8.23.9856,RR,Não reconhece operação,Golpe,Não Êxito,Parcial procedência,14790.44,9325.05,1,1,1,1,1,1
4142758-87.2025.8.16.5418,PR,Não reconhece operação,Golpe,Não Êxito,Procedência,18447.8,18447.8,0,0,0,1,1,1
5755183-22.2025.8.18.1416,PI,Não reconhece operação,Genérico,Êxito,Improcedência,10802.4,0.0,1,1,0,1,1,1
4298504-85.2025.8.02.5182,AL,Não reconhece operação,Genérico,Não Êxito,Parcial procedência,19781.41,10729.98,0,0,1,1,1,1
2000732-52.2025.8.22.6087,RO,Não reconhece operação,Golpe,Êxito,Extinção,12137.87,0.0,0,1,0,1,1,1
8623531-48.2025.8.16.9931,PR,Não reconhece operação,Genérico,Êxito,Improcedência,14187.79,0.0,0,1,1,1,0,1
8961548-95.2025.8.23.6750,RR,Não reconhece operação,Genérico,Não Êxito,Parcial procedência,23044.61,13378.93,0,1,0,0,1,1
6800190-29.2025.8.21.4373,RS,Não reconhece operação,Golpe,Êxito,Improcedência,10226.35,0.0,1,1,1,1,0,1
8429474-68.2025.8.06.1623,CE,Não reconhece operação,Genérico,Êxito,Improcedência,18519.55,0.0,1,1,1,1,1,1
9775353-36.2025.8.06.9860,CE,Não reconhece operação,Golpe,Êxito,Improcedência,19911.65,0.0,1,0,0,1,1,1
5790835-20.2025.8.25.6472,SE,Não reconhece operação,Golpe,Não Êxito,Procedência,16502.81,16502.81,0,0,1,0,1,0
4097851-59.2025.8.15.3600,PB,Não reconhece operação,Golpe,Êxito,Improcedência,14405.49,0.0,1,1,1,0,1,1
3152871-20.2025.8.12.3229,MS,Não reconhece operação,Golpe,Não Êxito,Procedência,25412.67,14502.04,1,0,1,1,0,1
1440411-50.2025.8.08.5028,ES,Não reconhece operação,Genérico,Não Êxito,Parcial procedência,14914.26,10324.33,0,0,1,0,1,0
5123631-55.2025.8.16.0844,PR,Não reconhece operação,Golpe,Êxito,Improcedência,15983.57,0.0,1,1,0,1,0,0
6207719-28.2025.8.22.6839,RO,Não reconhece operação,Golpe,Não Êxito,Procedência,13330.91,7275.64,0,1,0,1,1,1
8700966-73.2025.8.01.4052,AC,Não reconhece operação,Genérico,Êxito,Improcedência,15723.53,0.0,1,1,0,1,1,1
5924493-45.2025.8.15.7033,PB,Não reconhece operação,Genérico,Êxito,Improcedência,19712.96,0.0,1,1,1,0,1,1
6261649-22.2025.8.27.6024,TO,Não reconhece operação,Genérico,Êxito,Improcedência,13631.31,0.0,1,1,1,1,1,1
6996862-47.2025.8.08.2154,ES,Não reconhece operação,Golpe,Êxito,Improcedência,4635.98,0.0,1,0,1,1,0,1
3229757-11.2025.8.08.4061,ES,Não reconhece operação,Genérico,Êxito,Improcedência,17502.2,0.0,1,1,1,1,1,1
7959056-72.2025.8.24.6762,SC,Não reconhece operação,Golpe,Êxito,Improcedência,9690.98,0.0,0,1,0,1,1,1
1711305-57.2025.8.02.4698,AL,Não reconhece operação,Golpe,Êxito,Improcedência,18622.46,0.0,1,1,1,0,0,1
9801034-60.2025.8.13.2637,MG,Não reconhece operação,Golpe,Êxito,Improcedência,14975.69,0.0,1,1,1,1,1,1
4707890-53.2025.8.11.1841,MT,Não reconhece operação,Golpe,Não Êxito,Parcial procedência,19609.88,9178.85,0,1,0,0,1,1
4393689-56.2025.8.23.8124,RR,Não reconhece operação,Genérico,Êxito,Improcedência,10328.83,0.0,0,1,1,1,1,1
9153345-89.2025.8.03.2298,AP,Não reconhece operação,Golpe,Êxito,Improcedência,12355.95,0.0,1,1,1,0,1,1
8697339-52.2025.8.12.7680,MS,Não reconhece operação,Golpe,Êxito,Improcedência,13313.69,0.0,0,1,0,0,1,1
7074863-71.2025.8.05.2066,BA,Não reconhece operação,Genérico,Êxito,Improcedência,7708.88,0.0,1,1,1,1,1,1
9253716-65.2025.8.23.6656,RR,Não reconhece operação,Golpe,Não Êxito,Parcial procedência,20435.75,12661.33,1,1,0,1,1,1
4659081-78.2025.8.16.1548,PR,Não reconhece operação,Golpe,Não Êxito,Procedência,7006.51,3701.59,1,1,0,1,0,0
5769046-27.2025.8.14.7180,PA,Não reconhece operação,Genérico,Não Êxito,Parcial procedência,20366.53,5565.82,0,1,1,1,1,0
1653288-49.2025.8.13.5297,MG,Não reconhece operação,Genérico,Êxito,Improcedência,17064.65,0.0,1,1,1,1,1,1
5949305-33.2025.8.05.4129,BA,Não reconhece operação,Genérico,Êxito,Improcedência,14006.38,0.0,1,1,1,0,0,0
5250324-95.2025.8.25.1097,SE,Não reconhece operação,Genérico,Não Êxito,Procedência,16675.62,9084.91,0,1,0,1,1,1
5095215-16.2025.8.16.8709,PR,Não reconhece operação,Genérico,Êxito,Improcedência,16541.26,0.0,1,1,1,1,1,1
9886558-75.2025.8.09.7810,GO,Não reconhece operação,Genérico,Não Êxito,Parcial procedência,13017.36,9412.93,1,0,0,1,1,1
6284403-30.2025.8.12.6640,MS,Não reconhece operação,Golpe,Não Êxito,Procedência,16445.17,4033.76,0,0,1,1,1,1
6378974-44.2025.8.20.8909,RN,Não reconhece operação,Golpe,Êxito,Extinção,18569.99,0.0,1,1,1,1,0,1
2964247-82.2025.8.20.5067,RN,Não reconhece operação,Golpe,Êxito,Improcedência,10346.79,0.0,1,1,1,1,1,1
7078876-19.2025.8.11.8600,MT,Não reconhece operação,Genérico,Êxito,Extinção,16680.92,0.0,1,1,1,0,1,0
2331103-91.2025.8.09.2267,GO,Não reconhece operação,Golpe,Não Êxito,Parcial procedência,2095.25,1792.63,0,0,1,1,1,0
9840126-92.2025.8.16.6102,PR,Não reconhece operação,Genérico,Êxito,Improcedência,5513.96,0.0,1,1,1,1,1,0
7506618-36.2025.8.16.4539,PR,Não reconhece operação,Golpe,Não Êxito,Procedência,17752.23,10807.45,1,1,0,1,0,1
7684704-18.2025.8.18.4124,PI,Não reconhece operação,Golpe,Êxito,Improcedência,12931.97,0.0,1,1,1,1,1,0
7564422-58.2025.8.02.8880,AL,Não reconhece operação,Golpe,Êxito,Extinção,10794.51,0.0,1,1,0,1,1,1
9326261-66.2025.8.11.3918,MT,Não reconhece operação,Golpe,Não Êxito,Parcial procedência,14722.01,12644.92,0,1,1,1,1,1
5216418-93.2025.8.18.4854,PI,Não reconhece operação,Golpe,Não Êxito,Parcial procedência,13039.32,12649.51,1,1,0,1,1,1
7807827-53.2025.8.26.8500,SP,Não reconhece operação,Golpe,Não Êxito,Parcial procedência,10131.26,9034.16,1,1,1,0,1,0
1318708-14.2025.8.15.8154,PB,Não reconhece operação,Genérico,Êxito,Improcedência,6939.65,0.0,1,0,0,1,1,1
2191378-56.2025.8.10.2498,MA,Não reconhece operação,Golpe,Êxito,Improcedência,5324.77,0.0,1,1,1,1,1,1
1144549-98.2025.8.17.5935,PE,Não reconhece operação,Golpe,Êxito,Improcedência,18607.33,0.0,1,1,1,0,0,0
7803844-41.2025.8.05.7058,BA,Não reconhece operação,Golpe,Não Êxito,Parcial procedência,12909.06,10721.29,0,1,1,0,0,1
3339451-56.2025.8.04.9803,AM,Não reconhece operação,Golpe,Não Êxito,Procedência,19739.61,14742.33,1,0,1,1,1,1
1170315-72.2025.8.19.2502,RJ,Não reconhece operação,Golpe,Êxito,Improcedência,12859.25,0.0,1,1,1,0,0,1
2366249-28.2025.8.27.3988,TO,Não reconhece operação,Genérico,Êxito,Improcedência,16723.97,0.0,1,0,1,0,1,1
8011893-76.2025.8.21.5327,RS,Não reconhece operação,Genérico,Êxito,Improcedência,14366.85,0.0,1,1,0,1,1,1
3299093-36.2025.8.17.6011,PE,Não reconhece operação,Golpe,Êxito,Improcedência,15200.29,0.0,1,0,1,1,1,1
7207017-44.2025.8.02.2341,AL,Não reconhece operação,Golpe,Êxito,Improcedência,15438.71,0.0,1,1,1,1,0,1
5333110-95.2025.8.27.9946,TO,Não reconhece operação,Golpe,Êxito,Improcedência,12795.18,0.0,1,1,0,1,1,1
2465118-93.2025.8.11.6031,MT,Não reconhece operação,Golpe,Não Êxito,Parcial procedência,8948.64,8948.64,0,1,0,0,1,1
9589816-46.2025.8.08.6386,ES,Não reconhece operação,Genérico,Não Êxito,Acordo,18741.48,7394.86,0,0,1,1,1,1
8385583-48.2025.8.25.8226,SE,Não reconhece operação,Golpe,Êxito,Improcedência,22801.47,0.0,1,0,1,1,1,1
4198436-55.2025.8.22.9737,RO,Não reconhece operação,Genérico,Não Êxito,Procedência,23123.69,23123.69,0,1,1,1,1,1
4467898-95.2025.8.22.4983,RO,Não reconhece operação,Golpe,Êxito,Improcedência,12267.39,0.0,1,1,1,1,1,1
7098123-20.2025.8.08.6329,ES,Não reconhece operação,Golpe,Êxito,Improcedência,11384.64,0.0,1,1,1,0,0,1
3262431-38.2025.8.27.8382,TO,Não reconhece operação,Golpe,Êxito,Extinção,12262.42,0.0,0,1,0,1,1,1
8119367-54.2025.8.11.1596,MT,Não reconhece operação,Golpe,Êxito,Improcedência,14119.39,0.0,1,1,0,1,1,0
7096233-36.2025.8.15.9508,PB,Não reconhece operação,Genérico,Êxito,Improcedência,14724.78,0.0,1,1,1,1,0,1
2244905-96.2025.8.22.5004,RO,Não reconhece operação,Golpe,Êxito,Improcedência,10085.52,0.0,0,1,1,0,1,1
8942716-58.2025.8.16.7072,PR,Não reconhece operação,Genérico,Êxito,Improcedência,7721.37,0.0,1,1,1,0,1,1
4566229-57.2025.8.05.1531,BA,Não reconhece operação,Genérico,Não Êxito,Parcial procedência,15227.25,7034.85,0,0,1,1,1,1
5010361-87.2025.8.09.8144,GO,Não reconhece operação,Golpe,Êxito,Improcedência,1000.0,0.0,1,1,1,1,1,1
8408150-95.2025.8.10.3979,MA,Não reconhece operação,Golpe,Não Êxito,Parcial procedência,14488.29,13943.58,0,1,0,1,1,0
9887060-69.2025.8.26.0418,SP,Não reconhece operação,Golpe,Êxito,Improcedência,10346.47,0.0,1,1,1,1,1,1
1935711-13.2025.8.20.0237,RN,Não reconhece operação,Golpe,Êxito,Improcedência,18810.28,0.0,1,1,0,1,0,1
1333875-48.2025.8.10.5808,MA,Não reconhece operação,Genérico,Êxito,Improcedência,20122.77,0.0,1,1,1,1,0,1
4708710-14.2025.8.20.7492,RN,Não reconhece operação,Golpe,Êxito,Improcedência,20238.62,0.0,0,1,1,0,1,1
5860392-45.2025.8.20.4315,RN,Não reconhece operação,Genérico,Êxito,Extinção,13282.23,0.0,1,1,1,1,1,1
9101312-59.2025.8.13.1307,MG,Não reconhece operação,Golpe,Não Êxito,Parcial procedência,9412.23,9412.23,0,1,1,1,1,1
2368606-65.2025.8.13.7548,MG,Não reconhece operação,Golpe,Êxito,Improcedência,10985.12,0.0,1,1,1,0,1,1
8539420-62.2025.8.25.3616,SE,Não reconhece operação,Genérico,Êxito,Improcedência,16393.45,0.0,1,1,1,1,1,1
6214866-85.2025.8.17.6354,PE,Não reconhece operação,Golpe,Êxito,Extinção,6906.21,0.0,1,1,1,0,1,0
4868512-59.2025.8.05.6740,BA,Não reconhece operação,Genérico,Êxito,Improcedência,21820.11,0.0,1,1,0,1,1,1
4721686-10.2025.8.20.8692,RN,Não reconhece operação,Golpe,Não Êxito,Parcial procedência,13359.85,11032.94,0,1,0,0,1,1
3951739-11.2025.8.17.3035,PE,Não reconhece operação,Genérico,Êxito,Improcedência,17436.46,0.0,1,1,1,1,1,1
1918411-97.2025.8.14.7625,PA,Não reconhece operação,Genérico,Êxito,Improcedência,6241.03,0.0,1,1,1,0,1,1
5728199-13.2025.8.20.9998,RN,Não reconhece operação,Genérico,Não Êxito,Procedência,10438.55,7429.34,1,1,1,0,1,1
8806553-57.2025.8.25.2845,SE,Não reconhece operação,Golpe,Êxito,Improcedência,5631.34,0.0,1,1,1,1,1,1
5458629-93.2025.8.09.1793,GO,Não reconhece operação,Genérico,Êxito,Improcedência,19993.0,0.0,1,1,0,1,0,1
5892685-10.2025.8.12.2884,MS,Não reconhece operação,Golpe,Êxito,Improcedência,14196.09,0.0,0,1,1,1,1,0
4086913-44.2025.8.06.4044,CE,Não reconhece operação,Genérico,Êxito,Extinção,17785.49,0.0,1,1,0,1,1,1
4071986-42.2025.8.16.8594,PR,Não reconhece operação,Golpe,Êxito,Improcedência,15293.35,0.0,1,1,0,0,1,1
4632147-64.2025.8.13.7747,MG,Não reconhece operação,Golpe,Êxito,Extinção,17280.92,0.0,1,1,0,1,1,1
2081769-11.2025.8.10.6574,MA,Não reconhece operação,Golpe,Êxito,Improcedência,13326.42,0.0,1,1,1,0,1,1
8913080-61.2025.8.19.6927,RJ,Não reconhece operação,Golpe,Êxito,Improcedência,13983.43,0.0,1,1,0,1,1,1
9572992-27.2025.8.12.9123,MS,Não reconhece operação,Golpe,Êxito,Improcedência,14532.08,0.0,1,1,1,1,1,1
5727249-63.2025.8.11.0273,MT,Não reconhece operação,Genérico,Êxito,Extinção,16972.56,0.0,1,1,1,0,1,1
7053417-49.2025.8.12.5601,MS,Não reconhece operação,Golpe,Êxito,Improcedência,17102.53,0.0,0,1,0,1,1,1
3217757-50.2025.8.07.1735,DF,Não reconhece operação,Genérico,Êxito,Improcedência,28777.45,0.0,0,1,1,1,0,1
7936104-79.2025.8.03.1758,AP,Não reconhece operação,Golpe,Não Êxito,Parcial procedência,23233.54,17351.24,0,1,1,1,1,1
7451878-47.2025.8.21.5021,RS,Não reconhece operação,Genérico,Êxito,Improcedência,6254.11,0.0,0,1,1,1,1,1
1231346-73.2025.8.04.2116,AM,Não reconhece operação,Genérico,Êxito,Extinção,14280.0,0.0,1,1,1,1,0,0
9364418-75.2025.8.09.6724,GO,Não reconhece operação,Golpe,Não Êxito,Parcial procedência,12990.53,9626.01,0,1,1,1,1,0
6165049-50.2025.8.19.4088,RJ,Não reconhece operação,Genérico,Não Êxito,Procedência,21263.58,20737.73,1,0,0,1,0,1
6008383-65.2025.8.03.3607,AP,Não reconhece operação,Genérico,Êxito,Improcedência,13432.87,0.0,1,1,0,0,1,1
2363723-87.2025.8.16.1675,PR,Não reconhece operação,Genérico,Êxito,Improcedência,17260.38,0.0,1,0,1,1,1,1
3001317-45.2025.8.20.7907,RN,Não reconhece operação,Golpe,Êxito,Extinção,3514.61,0.0,1,1,1,1,1,1
9843719-67.2025.8.16.3208,PR,Não reconhece operação,Golpe,Não Êxito,Parcial procedência,7555.2,7450.81,0,1,1,1,1,1
2685066-65.2025.8.09.4342,GO,Não reconhece operação,Genérico,Não Êxito,Parcial procedência,25248.73,25248.73,0,1,1,1,1,0
2805536-24.2025.8.01.4286,AC,Não reconhece operação,Golpe,Não Êxito,Procedência,15228.73,9856.66,1,1,0,0,1,1
3804870-74.2025.8.24.2447,SC,Não reconhece operação,Genérico,Êxito,Improcedência,10082.91,0.0,1,1,0,1,1,1
7336986-82.2025.8.09.2405,GO,Não reconhece operação,Golpe,Êxito,Improcedência,16173.92,0.0,1,1,0,1,1,1
1315374-40.2025.8.23.2429,RR,Não reconhece operação,Genérico,Não Êxito,Procedência,9815.01,9495.1,1,0,0,1,1,1
7109654-17.2025.8.06.7503,CE,Não reconhece operação,Golpe,Não Êxito,Procedência,13591.73,6066.8,0,1,1,1,1,1
5271972-49.2025.8.05.2950,BA,Não reconhece operação,Golpe,Não Êxito,Parcial procedência,7854.43,5487.47,0,1,0,1,1,1
5184211-38.2025.8.23.5798,RR,Não reconhece operação,Genérico,Êxito,Improcedência,11112.07,0.0,1,1,0,1,1,1
6294651-30.2025.8.26.3880,SP,Não reconhece operação,Genérico,Êxito,Improcedência,12939.3,0.0,1,1,0,1,1,1
2936696-16.2025.8.24.3161,SC,Não reconhece operação,Genérico,Êxito,Improcedência,20481.28,0.0,1,1,1,1,1,1
9046339-92.2025.8.22.0961,RO,Não reconhece operação,Genérico,Êxito,Improcedência,17259.19,0.0,1,1,0,1,1,1
8907350-67.2025.8.07.0372,DF,Não reconhece operação,Golpe,Êxito,Improcedência,18115.33,0.0,1,1,1,1,1,0
2639149-29.2025.8.25.3069,SE,Não reconhece operação,Golpe,Êxito,Improcedência,14855.72,0.0,1,1,0,1,0,1
5356916-18.2025.8.19.0332,RJ,Não reconhece operação,Golpe,Êxito,Extinção,19019.78,0.0,1,1,0,1,1,1
2106902-22.2025.8.05.8919,BA,Não reconhece operação,Golpe,Êxito,Improcedência,10695.98,0.0,1,1,0,1,1,0
7676413-41.2025.8.03.5426,AP,Não reconhece operação,Golpe,Êxito,Extinção,11386.92,0.0,1,1,1,1,1,1
4214859-94.2025.8.24.2715,SC,Não reconhece operação,Genérico,Êxito,Improcedência,16982.18,0.0,0,1,1,1,1,1
6980411-45.2025.8.08.8663,ES,Não reconhece operação,Golpe,Não Êxito,Parcial procedência,13612.46,9129.55,1,0,0,1,1,1
9377755-50.2025.8.22.9739,RO,Não reconhece operação,Golpe,Não Êxito,Procedência,14914.25,13093.5,0,1,0,1,0,1
7927387-83.2025.8.03.7092,AP,Não reconhece operação,Golpe,Êxito,Improcedência,14176.81,0.0,1,1,0,1,1,0
8444177-25.2025.8.08.8683,ES,Não reconhece operação,Golpe,Não Êxito,Procedência,21132.67,19887.9,1,0,1,1,0,1
1195827-35.2025.8.08.7005,ES,Não reconhece operação,Golpe,Não Êxito,Procedência,21388.33,8856.98,1,1,0,1,0,1
4113789-55.2025.8.08.6018,ES,Não reconhece operação,Golpe,Êxito,Improcedência,11909.7,0.0,1,0,0,1,1,1
9733275-90.2025.8.19.2781,RJ,Não reconhece operação,Golpe,Êxito,Improcedência,6346.8,0.0,1,1,1,1,1,1
9784245-33.2025.8.25.0813,SE,Não reconhece operação,Golpe,Êxito,Improcedência,11490.99,0.0,1,1,1,1,1,1
5166680-16.2025.8.25.2003,SE,Não reconhece operação,Genérico,Êxito,Improcedência,10580.96,0.0,1,1,0,1,0,1
6243937-81.2025.8.22.1938,RO,Não reconhece operação,Golpe,Êxito,Improcedência,19063.45,0.0,0,1,1,1,1,1
5371536-45.2025.8.06.3950,CE,Não reconhece operação,Genérico,Não Êxito,Parcial procedência,19498.92,15326.99,1,1,0,0,1,1
7872720-89.2025.8.26.4246,SP,Não reconhece operação,Golpe,Êxito,Extinção,9922.88,0.0,1,1,1,0,1,1
2843323-91.2025.8.15.7674,PB,Não reconhece operação,Golpe,Êxito,Improcedência,11279.96,0.0,0,1,1,1,1,1
3395887-35.2025.8.15.7839,PB,Não reconhece operação,Golpe,Êxito,Improcedência,7724.93,0.0,1,1,1,1,1,1
8186581-11.2025.8.19.5660,RJ,Não reconhece operação,Genérico,Êxito,Extinção,15641.57,0.0,1,1,0,1,0,1
8282952-75.2025.8.22.9014,RO,Não reconhece operação,Golpe,Êxito,Improcedência,14761.8,0.0,0,1,0,0,1,1
4118841-45.2025.8.26.6538,SP,Não reconhece operação,Golpe,Êxito,Extinção,18854.28,0.0,1,1,0,1,0,1
6684498-25.2025.8.17.4513,PE,Não reconhece operação,Golpe,Êxito,Improcedência,17421.53,0.0,1,0,0,1,1,1
6160836-67.2025.8.18.7282,PI,Não reconhece operação,Genérico,Êxito,Improcedência,17976.36,0.0,1,1,1,0,1,0
8400348-14.2025.8.22.3803,RO,Não reconhece operação,Golpe,Êxito,Improcedência,7415.84,0.0,1,1,0,1,1,0
4409319-51.2025.8.07.4345,DF,Não reconhece operação,Golpe,Êxito,Extinção,11908.91,0.0,0,1,1,1,1,1
9829250-21.2025.8.09.4215,GO,Não reconhece operação,Genérico,Êxito,Extinção,19638.28,0.0,1,1,1,1,1,1
6736520-17.2025.8.18.7048,PI,Não reconhece operação,Golpe,Êxito,Extinção,12339.49,0.0,1,1,1,1,1,0
2371168-45.2025.8.02.1876,AL,Não reconhece operação,Golpe,Não Êxito,Parcial procedência,6995.99,6995.99,1,0,1,0,1,1
5872465-13.2025.8.09.4411,GO,Não reconhece operação,Golpe,Êxito,Improcedência,18946.87,0.0,1,1,0,1,0,1
9648796-56.2025.8.20.5454,RN,Não reconhece operação,Golpe,Êxito,Improcedência,12149.65,0.0,1,1,1,1,1,1
8007452-82.2025.8.27.9669,TO,Não reconhece operação,Genérico,Êxito,Improcedência,20196.38,0.0,1,0,0,1,1,1
8204895-24.2025.8.15.0460,PB,Não reconhece operação,Golpe,Não Êxito,Parcial procedência,14891.84,12409.96,0,1,0,1,1,1
2948574-65.2025.8.13.4212,MG,Não reconhece operação,Golpe,Êxito,Extinção,13621.92,0.0,1,1,1,0,1,1
9068459-65.2025.8.12.3457,MS,Não reconhece operação,Golpe,Êxito,Improcedência,21671.15,0.0,0,1,1,0,0,1
2920976-24.2025.8.19.6937,RJ,Não reconhece operação,Golpe,Não Êxito,Parcial procedência,8590.28,6602.17,1,1,0,0,0,1
3490972-62.2025.8.15.5905,PB,Não reconhece operação,Genérico,Êxito,Improcedência,22019.68,0.0,1,1,1,0,0,1
8964299-27.2025.8.01.4953,AC,Não reconhece operação,Golpe,Não Êxito,Parcial procedência,11844.98,11530.29,1,1,0,1,0,1
7411926-84.2025.8.15.4105,PB,Não reconhece operação,Genérico,Êxito,Improcedência,15778.92,0.0,0,1,1,1,1,0
6338701-87.2025.8.13.5559,MG,Não reconhece operação,Golpe,Êxito,Improcedência,15825.29,0.0,1,1,1,1,0,1
2561785-71.2025.8.19.2724,RJ,Não reconhece operação,Golpe,Êxito,Improcedência,12886.39,0.0,1,1,1,1,1,1
7747155-75.2025.8.24.7998,SC,Não reconhece operação,Golpe,Êxito,Extinção,11242.63,0.0,0,1,1,1,1,1
5137525-78.2025.8.26.9027,SP,Não reconhece operação,Genérico,Êxito,Improcedência,13167.54,0.0,1,0,1,1,1,1
6998144-92.2025.8.18.1822,PI,Não reconhece operação,Golpe,Êxito,Improcedência,10003.9,0.0,1,1,1,1,1,1
2170563-65.2025.8.10.6309,MA,Não reconhece operação,Golpe,Êxito,Improcedência,24609.21,0.0,1,0,1,0,1,1
7618305-38.2025.8.12.8723,MS,Não reconhece operação,Genérico,Êxito,Improcedência,12621.36,0.0,1,1,0,1,1,1
6377603-44.2025.8.05.6906,BA,Não reconhece operação,Golpe,Êxito,Improcedência,20668.96,0.0,1,1,1,1,1,0
4547062-33.2025.8.26.1165,SP,Não reconhece operação,Golpe,Êxito,Improcedência,20022.36,0.0,1,1,1,0,0,1
5695522-26.2025.8.21.4120,RS,Não reconhece operação,Golpe,Êxito,Improcedência,16763.03,0.0,0,1,1,1,1,1
6416405-28.2025.8.24.8942,SC,Não reconhece operação,Genérico,Êxito,Extinção,14316.44,0.0,1,1,1,1,1,0
9537493-54.2025.8.09.2166,GO,Não reconhece operação,Golpe,Êxito,Improcedência,15933.05,0.0,1,0,1,1,1,1
4341778-24.2025.8.09.5543,GO,Não reconhece operação,Golpe,Êxito,Improcedência,17789.74,0.0,0,1,0,0,0,1
1868026-40.2025.8.24.3905,SC,Não reconhece operação,Golpe,Êxito,Extinção,15475.18,0.0,1,1,1,0,0,1
8773157-93.2025.8.15.7542,PB,Não reconhece operação,Golpe,Êxito,Improcedência,7294.41,0.0,1,1,0,1,1,0
6939915-64.2025.8.20.2272,RN,Não reconhece operação,Golpe,Não Êxito,Parcial procedência,6060.04,3694.51,1,0,1,1,0,1
4088503-30.2025.8.14.3951,PA,Não reconhece operação,Golpe,Êxito,Extinção,22386.55,0.0,1,0,1,1,1,1
5785945-94.2025.8.12.4872,MS,Não reconhece operação,Golpe,Não Êxito,Parcial procedência,2054.08,753.45,1,1,1,1,0,1
4544283-20.2025.8.16.3417,PR,Não reconhece operação,Golpe,Êxito,Extinção,15942.39,0.0,0,1,0,0,1,1
5909154-19.2025.8.23.3045,RR,Não reconhece operação,Genérico,Não Êxito,Parcial procedência,13829.19,2765.84,0,0,0,1,1,1
7926191-10.2025.8.10.7524,MA,Não reconhece operação,Golpe,Êxito,Extinção,15771.22,0.0,1,1,1,0,1,0
5458630-32.2025.8.23.4777,RR,Não reconhece operação,Golpe,Êxito,Improcedência,9388.56,0.0,1,1,0,0,1,1
9197547-19.2025.8.07.6737,DF,Não reconhece operação,Genérico,Não Êxito,Parcial procedência,16702.91,16093.2,0,1,1,1,1,0
9591454-24.2025.8.13.7647,MG,Não reconhece operação,Genérico,Êxito,Extinção,15993.08,0.0,1,1,1,0,1,1
6498262-57.2025.8.25.9874,SE,Não reconhece operação,Golpe,Não Êxito,Parcial procedência,28530.03,27979.87,0,0,0,1,1,1
8348719-78.2025.8.26.8076,SP,Não reconhece operação,Golpe,Êxito,Improcedência,15619.98,0.0,1,1,1,1,1,1
3247101-54.2025.8.25.7859,SE,Não reconhece operação,Golpe,Êxito,Extinção,21597.76,0.0,1,1,1,0,1,1
8379296-13.2025.8.09.5402,GO,Não reconhece operação,Golpe,Não Êxito,Parcial procedência,7628.39,7152.77,0,0,1,1,1,1
8075459-85.2025.8.21.0006,RS,Não reconhece operação,Golpe,Não Êxito,Parcial procedência,19987.63,9854.59,1,0,0,0,0,1
1492018-60.2025.8.26.9640,SP,Não reconhece operação,Golpe,Não Êxito,Parcial procedência,16092.48,14424.66,1,0,1,1,1,1
9794541-37.2025.8.27.5983,TO,Não reconhece operação,Golpe,Não Êxito,Procedência,16305.76,12039.78,0,0,0,1,1,1
4759697-88.2025.8.01.6382,AC,Não reconhece operação,Golpe,Êxito,Improcedência,16373.62,0.0,1,1,1,0,0,1
5396904-36.2025.8.22.1793,RO,Não reconhece operação,Golpe,Não Êxito,Parcial procedência,23354.92,16195.56,1,0,0,1,1,1
3751995-17.2025.8.27.1221,TO,Não reconhece operação,Golpe,Não Êxito,Parcial procedência,16233.95,13530.94,1,0,1,1,1,1
1799608-57.2025.8.22.9782,RO,Não reconhece operação,Golpe,Êxito,Extinção,11134.63,0.0,1,1,0,1,1,1
2253087-90.2025.8.07.8218,DF,Não reconhece operação,Genérico,Não Êxito,Procedência,11959.89,9169.46,1,1,1,1,0,1
5827044-74.2025.8.22.5511,RO,Não reconhece operação,Genérico,Êxito,Extinção,18991.7,0.0,1,1,1,1,1,0
4698973-57.2025.8.04.6485,AM,Não reconhece operação,Golpe,Êxito,Extinção,17177.78,0.0,1,1,1,0,1,0
6163881-86.2025.8.11.6505,MT,Não reconhece operação,Golpe,Não Êxito,Procedência,7472.41,3053.82,0,1,0,1,1,1
8011358-39.2025.8.18.9554,PI,Não reconhece operação,Golpe,Êxito,Extinção,17507.46,0.0,1,1,1,0,0,1
3215949-70.2025.8.11.4570,MT,Não reconhece operação,Golpe,Êxito,Improcedência,9671.32,0.0,1,1,1,0,1,1
9144120-25.2025.8.19.5216,RJ,Não reconhece operação,Genérico,Não Êxito,Parcial procedência,17132.65,12383.64,1,1,0,1,0,1
9957208-74.2025.8.07.6007,DF,Não reconhece operação,Golpe,Não Êxito,Parcial procedência,11029.47,9203.14,0,1,1,1,1,0
9547969-68.2025.8.18.6823,PI,Não reconhece operação,Golpe,Êxito,Improcedência,13601.01,0.0,1,0,1,1,1,1
2283482-70.2025.8.16.1478,PR,Não reconhece operação,Golpe,Não Êxito,Parcial procedência,12308.91,12308.91,0,1,1,0,1,0
7654523-20.2025.8.16.2896,PR,Não reconhece operação,Golpe,Êxito,Extinção,22435.25,0.0,1,1,1,1,0,1
4185813-40.2025.8.08.4768,ES,Não reconhece operação,Golpe,Êxito,Improcedência,16953.99,0.0,1,1,1,1,1,0
8503975-96.2025.8.09.5111,GO,Não reconhece operação,Golpe,Não Êxito,Parcial procedência,21170.27,21170.27,0,0,0,0,1,1
6443863-78.2025.8.07.7316,DF,Não reconhece operação,Genérico,Não Êxito,Procedência,29188.53,23088.55,0,0,1,1,1,1
5255546-57.2025.8.11.2046,MT,Não reconhece operação,Golpe,Êxito,Improcedência,15211.86,0.0,1,1,1,1,1,0
3487575-42.2025.8.17.3541,PE,Não reconhece operação,Golpe,Não Êxito,Procedência,22352.21,21911.04,1,1,0,0,1,1
3555651-63.2025.8.10.2447,MA,Não reconhece operação,Golpe,Êxito,Improcedência,11550.08,0.0,1,1,1,1,1,1
5699374-49.2025.8.12.4972,MS,Não reconhece operação,Golpe,Êxito,Improcedência,21139.67,0.0,1,1,1,1,1,1
8386637-44.2025.8.08.9594,ES,Não reconhece operação,Golpe,Não Êxito,Procedência,11019.88,7129.37,0,1,0,1,1,0
6881240-13.2025.8.06.7547,CE,Não reconhece operação,Golpe,Não Êxito,Parcial procedência,14891.83,11408.6,0,1,1,0,1,0
6560757-72.2025.8.16.5171,PR,Não reconhece operação,Genérico,Êxito,Extinção,17616.56,0.0,1,1,1,0,1,1
1289065-81.2025.8.21.9468,RS,Não reconhece operação,Golpe,Êxito,Improcedência,18388.67,0.0,1,1,0,0,0,1
4243431-60.2025.8.08.8803,ES,Não reconhece operação,Golpe,Êxito,Improcedência,8737.99,0.0,1,1,0,0,1,1
2022834-97.2025.8.24.2929,SC,Não reconhece operação,Golpe,Não Êxito,Procedência,10727.86,6109.11,1,1,0,1,1,1
3300153-49.2025.8.17.9035,PE,Não reconhece operação,Golpe,Não Êxito,Parcial procedência,17982.48,16749.97,0,1,0,1,1,1
6732719-44.2025.8.05.6992,BA,Não reconhece operação,Golpe,Êxito,Improcedência,13177.87,0.0,1,1,1,1,1,1
1665104-80.2025.8.10.5604,MA,Não reconhece operação,Genérico,Êxito,Extinção,8125.63,0.0,1,1,1,0,1,1
5774962-31.2025.8.01.6006,AC,Não reconhece operação,Golpe,Não Êxito,Parcial procedência,14633.92,10151.94,1,1,0,0,1,1
9366241-57.2025.8.02.3409,AL,Não reconhece operação,Golpe,Não Êxito,Parcial procedência,14398.42,9241.03,0,0,0,1,0,1
4453888-27.2025.8.10.4565,MA,Não reconhece operação,Golpe,Êxito,Extinção,15850.29,0.0,1,1,0,0,1,1
1640653-54.2025.8.11.9138,MT,Não reconhece operação,Golpe,Êxito,Improcedência,17579.09,0.0,1,1,1,1,1,1
1664014-94.2025.8.23.4514,RR,Não reconhece operação,Golpe,Êxito,Improcedência,17267.07,0.0,1,1,0,1,1,1
6787973-47.2025.8.03.7475,AP,Não reconhece operação,Golpe,Êxito,Improcedência,11212.89,0.0,1,1,1,1,1,1
7637769-40.2025.8.21.6956,RS,Não reconhece operação,Golpe,Não Êxito,Procedência,12966.33,10274.16,1,0,1,0,1,0
8084306-87.2025.8.07.8939,DF,Não reconhece operação,Golpe,Êxito,Improcedência,19534.7,0.0,1,1,1,1,0,1
1431766-95.2025.8.03.7761,AP,Não reconhece operação,Genérico,Êxito,Extinção,12316.87,0.0,1,1,1,1,0,0
9511688-44.2025.8.19.1684,RJ,Não reconhece operação,Genérico,Êxito,Extinção,13043.54,0.0,1,1,0,0,1,1
9111562-45.2025.8.22.0088,RO,Não reconhece operação,Genérico,Êxito,Improcedência,7600.99,0.0,0,1,1,1,1,0
4259110-56.2025.8.18.4851,PI,Não reconhece operação,Genérico,Não Êxito,Procedência,14841.46,10477.55,1,0,0,1,1,1
8672849-77.2025.8.03.6587,AP,Não reconhece operação,Genérico,Não Êxito,Parcial procedência,16676.38,14731.61,1,1,1,0,1,1
5904740-16.2025.8.03.0311,AP,Não reconhece operação,Genérico,Êxito,Improcedência,5288.77,0.0,1,1,1,1,1,1
7266181-51.2025.8.13.7011,MG,Não reconhece operação,Genérico,Êxito,Extinção,9730.65,0.0,0,1,1,1,0,1
4304416-79.2025.8.11.8940,MT,Não reconhece operação,Genérico,Êxito,Extinção,8006.01,0.0,0,1,1,1,1,1
1062463-74.2025.8.27.7099,TO,Não reconhece operação,Genérico,Não Êxito,Procedência,18850.51,9715.63,0,1,0,0,1,1
8081361-29.2025.8.08.9619,ES,Não reconhece operação,Genérico,Não Êxito,Parcial procedência,5598.6,4722.45,1,0,1,1,1,1
5821601-64.2025.8.06.6037,CE,Não reconhece operação,Golpe,Êxito,Improcedência,14596.1,0.0,1,1,1,1,1,1
1704893-35.2025.8.26.1378,SP,Não reconhece operação,Golpe,Êxito,Improcedência,18504.63,0.0,1,1,1,0,0,0
7298542-68.2025.8.05.1297,BA,Não reconhece operação,Golpe,Êxito,Extinção,15903.8,0.0,1,0,1,1,0,1
9876212-31.2025.8.01.0173,AC,Não reconhece operação,Genérico,Êxito,Extinção,12823.39,0.0,1,1,1,0,0,1
6788715-93.2025.8.12.0321,MS,Não reconhece operação,Golpe,Êxito,Improcedência,16682.26,0.0,1,1,0,0,0,0
9401680-47.2025.8.13.9175,MG,Não reconhece operação,Genérico,Êxito,Improcedência,20070.45,0.0,1,1,1,0,1,1
2030841-64.2025.8.18.0267,PI,Não reconhece operação,Genérico,Êxito,Improcedência,14454.16,0.0,1,1,1,1,1,1
3573163-96.2025.8.24.2471,SC,Não reconhece operação,Genérico,Êxito,Improcedência,3996.09,0.0,1,1,0,1,1,0
2171945-19.2025.8.26.2873,SP,Não reconhece operação,Golpe,Êxito,Improcedência,20613.93,0.0,1,1,0,1,1,0
3342072-65.2025.8.08.0913,ES,Não reconhece operação,Genérico,Êxito,Improcedência,16946.23,0.0,0,1,1,0,1,1
1842918-23.2025.8.27.9213,TO,Não reconhece operação,Genérico,Não Êxito,Parcial procedência,14819.89,10471.22,1,0,0,0,1,1
8480182-44.2025.8.16.6961,PR,Não reconhece operação,Genérico,Não Êxito,Parcial procedência,5264.83,2257.58,0,1,0,1,0,1
1471218-13.2025.8.02.5560,AL,Não reconhece operação,Genérico,Êxito,Extinção,13518.44,0.0,1,1,1,1,1,0
3113130-11.2025.8.26.1153,SP,Não reconhece operação,Golpe,Não Êxito,Parcial procedência,10686.37,5259.24,0,0,1,1,0,0
9096139-59.2025.8.03.2003,AP,Não reconhece operação,Golpe,Não Êxito,Procedência,9014.11,5824.71,0,1,0,1,0,1
3599661-11.2025.8.17.2470,PE,Não reconhece operação,Golpe,Não Êxito,Parcial procedência,14312.66,11724.37,1,1,0,0,0,0
9360249-42.2025.8.23.8962,RR,Não reconhece operação,Genérico,Êxito,Improcedência,12352.29,0.0,0,1,0,0,1,1
3805957-46.2025.8.07.3048,DF,Não reconhece operação,Golpe,Êxito,Extinção,12675.5,0.0,1,1,1,1,1,1
5663628-92.2025.8.08.9076,ES,Não reconhece operação,Genérico,Êxito,Improcedência,18611.42,0.0,1,1,0,0,1,1
1651331-25.2025.8.11.7892,MT,Não reconhece operação,Genérico,Não Êxito,Parcial procedência,16236.24,11372.1,0,1,1,1,1,1
1518001-82.2025.8.24.6250,SC,Não reconhece operação,Golpe,Êxito,Improcedência,12550.78,0.0,1,1,0,1,1,0
8798440-55.2025.8.07.4192,DF,Não reconhece operação,Golpe,Êxito,Improcedência,11928.27,0.0,1,1,0,1,1,1
3935312-62.2025.8.16.3553,PR,Não reconhece operação,Golpe,Êxito,Extinção,12750.28,0.0,1,1,1,1,1,1
5311346-30.2025.8.11.3153,MT,Não reconhece operação,Genérico,Êxito,Improcedência,13768.02,0.0,1,1,1,0,1,1
6100394-51.2025.8.03.1739,AP,Não reconhece operação,Golpe,Não Êxito,Parcial procedência,17848.03,17189.34,1,1,1,1,0,1
3357165-90.2025.8.20.9779,RN,Não reconhece operação,Golpe,Não Êxito,Procedência,9866.52,6962.73,1,1,0,1,1,1
4908526-50.2025.8.21.6881,RS,Não reconhece operação,Genérico,Êxito,Extinção,22138.52,0.0,1,1,1,1,0,0
6995946-60.2025.8.17.0725,PE,Não reconhece operação,Golpe,Êxito,Improcedência,17851.57,0.0,1,1,0,1,1,1
1557701-90.2025.8.05.3016,BA,Não reconhece operação,Genérico,Não Êxito,Parcial procedência,1547.63,1005.94,1,0,1,1,1,1
5971488-21.2025.8.05.3179,BA,Não reconhece operação,Golpe,Não Êxito,Procedência,15400.99,12831.85,1,0,1,1,1,1
5404341-74.2025.8.12.1086,MS,Não reconhece operação,Golpe,Êxito,Improcedência,20088.92,0.0,1,1,1,1,1,1
2364438-25.2025.8.14.2183,PA,Não reconhece operação,Golpe,Não Êxito,Parcial procedência,16889.51,11806.63,1,0,0,1,1,0
6749624-29.2025.8.15.2123,PB,Não reconhece operação,Golpe,Êxito,Improcedência,12958.9,0.0,1,0,1,0,0,1
8291828-53.2025.8.07.3976,DF,Não reconhece operação,Golpe,Não Êxito,Parcial procedência,14682.43,9811.89,0,1,1,1,0,0
2645296-79.2025.8.14.6812,PA,Não reconhece operação,Genérico,Êxito,Improcedência,15857.18,0.0,0,1,1,1,1,1
1387915-58.2025.8.08.7400,ES,Não reconhece operação,Golpe,Êxito,Extinção,18758.44,0.0,1,1,0,1,1,1
4395691-13.2025.8.19.6903,RJ,Não reconhece operação,Golpe,Êxito,Improcedência,8038.55,0.0,1,1,0,1,1,0
6137464-59.2025.8.23.1302,RR,Não reconhece operação,Golpe,Não Êxito,Parcial procedência,12013.47,8340.82,0,1,1,1,1,0
7321477-76.2025.8.16.2342,PR,Não reconhece operação,Golpe,Não Êxito,Parcial procedência,23022.43,23022.43,0,1,1,1,1,1
5155584-63.2025.8.01.8050,AC,Não reconhece operação,Genérico,Êxito,Improcedência,15143.86,0.0,1,1,1,0,1,1
8478094-69.2025.8.27.8890,TO,Não reconhece operação,Golpe,Êxito,Extinção,22479.36,0.0,1,1,1,1,1,0
8740989-34.2025.8.01.3769,AC,Não reconhece operação,Genérico,Não Êxito,Parcial procedência,29632.01,23552.2,1,0,0,1,1,1
9666842-19.2025.8.27.8236,TO,Não reconhece operação,Golpe,Êxito,Extinção,12567.86,0.0,1,1,1,0,1,0
3088115-62.2025.8.01.4184,AC,Não reconhece operação,Golpe,Êxito,Improcedência,9107.33,0.0,0,1,1,1,1,1
4623238-46.2025.8.14.3877,PA,Não reconhece operação,Golpe,Êxito,Extinção,13679.28,0.0,1,1,0,1,1,1
8759996-41.2025.8.04.5325,AM,Não reconhece operação,Golpe,Êxito,Extinção,20374.77,0.0,1,1,1,1,1,1
8403324-88.2025.8.04.5934,AM,Não reconhece operação,Genérico,Êxito,Improcedência,21061.25,0.0,1,1,1,1,1,1
5137129-16.2025.8.19.3871,RJ,Não reconhece operação,Golpe,Não Êxito,Parcial procedência,26130.41,21224.65,0,1,1,1,1,1
8737109-18.2025.8.20.2251,RN,Não reconhece operação,Golpe,Êxito,Improcedência,14801.59,0.0,1,1,1,0,0,1
1272804-55.2025.8.03.8273,AP,Não reconhece operação,Golpe,Êxito,Extinção,17377.01,0.0,0,1,1,1,1,0
2960411-17.2025.8.27.5214,TO,Não reconhece operação,Golpe,Êxito,Extinção,11489.66,0.0,1,1,1,0,0,1
7585877-28.2025.8.09.8419,GO,Não reconhece operação,Genérico,Êxito,Improcedência,2680.83,0.0,1,1,1,0,1,0
7133056-64.2025.8.09.8143,GO,Não reconhece operação,Genérico,Êxito,Improcedência,14787.62,0.0,1,1,1,1,1,1
8576101-29.2025.8.09.1053,GO,Não reconhece operação,Golpe,Êxito,Extinção,9320.91,0.0,1,1,0,1,1,1
9656248-15.2025.8.11.6033,MT,Não reconhece operação,Genérico,Êxito,Improcedência,18139.04,0.0,0,1,1,1,1,1
5843485-74.2025.8.05.4259,BA,Não reconhece operação,Genérico,Êxito,Improcedência,5750.5,0.0,1,1,1,1,1,1
3773363-34.2025.8.12.3853,MS,Não reconhece operação,Golpe,Êxito,Improcedência,11354.41,0.0,1,1,1,0,1,1
7366413-46.2025.8.06.7219,CE,Não reconhece operação,Genérico,Êxito,Improcedência,16295.65,0.0,1,1,1,1,1,1
4481071-26.2025.8.02.6165,AL,Não reconhece operação,Golpe,Êxito,Improcedência,16809.31,0.0,1,1,1,0,1,1
3434005-28.2025.8.10.5153,MA,Não reconhece operação,Genérico,Êxito,Improcedência,14749.42,0.0,1,1,1,1,1,1
9022509-24.2025.8.19.9713,RJ,Não reconhece operação,Genérico,Não Êxito,Parcial procedência,24144.95,12617.15,0,1,0,1,1,1
8997764-36.2025.8.22.6783,RO,Não reconhece operação,Golpe,Êxito,Improcedência,22683.29,0.0,1,1,1,1,1,1
9452627-34.2025.8.10.0205,MA,Não reconhece operação,Genérico,Êxito,Extinção,11624.31,0.0,1,1,0,1,0,1
6028798-51.2025.8.09.3437,GO,Não reconhece operação,Genérico,Êxito,Extinção,22879.3,0.0,1,1,1,1,1,1
6789853-32.2025.8.23.2181,RR,Não reconhece operação,Golpe,Êxito,Improcedência,23629.03,0.0,1,1,1,1,1,1
7270682-34.2025.8.19.1747,RJ,Não reconhece operação,Golpe,Êxito,Extinção,14374.22,0.0,1,1,1,1,1,0
6688310-75.2025.8.21.6029,RS,Não reconhece operação,Genérico,Êxito,Extinção,15204.98,0.0,1,1,1,1,1,0
5513460-80.2025.8.25.8775,SE,Não reconhece operação,Genérico,Êxito,Extinção,14733.31,0.0,1,1,0,0,1,1
1875907-71.2025.8.21.3173,RS,Não reconhece operação,Golpe,Não Êxito,Parcial procedência,11817.29,10107.36,0,1,0,1,1,1
5983508-33.2025.8.26.9879,SP,Não reconhece operação,Golpe,Não Êxito,Parcial procedência,12304.69,9785.76,0,1,0,1,0,0
1630735-35.2025.8.12.8370,MS,Não reconhece operação,Genérico,Não Êxito,Parcial procedência,21455.89,12976.22,0,0,1,0,0,0
1829286-97.2025.8.13.2340,MG,Não reconhece operação,Golpe,Êxito,Extinção,17128.33,0.0,1,1,0,0,1,1
6341781-31.2025.8.09.6983,GO,Não reconhece operação,Golpe,Êxito,Improcedência,12262.88,0.0,1,1,1,0,0,1
9362428-19.2025.8.07.6934,DF,Não reconhece operação,Golpe,Êxito,Extinção,10438.48,0.0,1,1,1,0,1,1
9422335-71.2025.8.22.9905,RO,Não reconhece operação,Golpe,Êxito,Extinção,11262.27,0.0,1,1,1,1,0,0
7068082-45.2025.8.20.6576,RN,Não reconhece operação,Golpe,Êxito,Improcedência,14178.18,0.0,1,1,1,1,1,1
6837886-68.2025.8.23.6533,RR,Não reconhece operação,Golpe,Êxito,Improcedência,19462.97,0.0,1,1,0,1,0,1
5047101-21.2025.8.05.3626,BA,Não reconhece operação,Golpe,Êxito,Improcedência,10761.92,0.0,0,1,0,1,1,0
7081745-58.2025.8.14.7426,PA,Não reconhece operação,Genérico,Êxito,Extinção,19406.7,0.0,1,1,1,0,1,1
9027898-86.2025.8.06.8598,CE,Não reconhece operação,Golpe,Êxito,Improcedência,15948.63,0.0,1,1,1,1,0,1
4127258-25.2025.8.25.9373,SE,Não reconhece operação,Golpe,Não Êxito,Parcial procedência,15683.1,10706.46,1,1,0,0,1,1
4539896-94.2025.8.08.5427,ES,Não reconhece operação,Golpe,Êxito,Improcedência,20015.61,0.0,1,1,0,0,1,1
1719375-36.2025.8.03.3846,AP,Não reconhece operação,Golpe,Não Êxito,Acordo,19120.42,7540.06,1,1,0,1,1,1
5293291-18.2025.8.17.2521,PE,Não reconhece operação,Golpe,Êxito,Extinção,8090.45,0.0,1,1,1,1,1,1
3116079-64.2025.8.24.5208,SC,Não reconhece operação,Golpe,Êxito,Improcedência,9663.12,0.0,1,1,1,0,1,1
2085611-29.2025.8.25.6201,SE,Não reconhece operação,Golpe,Não Êxito,Parcial procedência,13855.99,11751.78,0,1,0,0,1,1
1421191-95.2025.8.04.4156,AM,Não reconhece operação,Golpe,Êxito,Improcedência,16728.89,0.0,0,0,1,0,1,1
9506878-80.2025.8.09.4180,GO,Não reconhece operação,Golpe,Êxito,Improcedência,21677.94,0.0,1,1,0,0,0,1
4039226-39.2025.8.05.8194,BA,Não reconhece operação,Golpe,Não Êxito,Procedência,15301.47,11361.81,0,1,0,1,1,1
4218944-80.2025.8.09.5237,GO,Não reconhece operação,Genérico,Êxito,Extinção,23341.95,0.0,1,1,0,1,0,1
9272670-76.2025.8.15.4499,PB,Não reconhece operação,Genérico,Êxito,Extinção,11514.65,0.0,0,1,1,1,1,1
9243685-91.2025.8.08.9462,ES,Não reconhece operação,Golpe,Êxito,Extinção,12344.38,0.0,1,1,0,1,1,1
1878050-32.2025.8.02.2516,AL,Não reconhece operação,Golpe,Êxito,Improcedência,13482.26,0.0,1,1,0,1,1,1
7011517-73.2025.8.14.3998,PA,Não reconhece operação,Golpe,Êxito,Improcedência,10972.19,0.0,1,1,1,1,0,1
1710696-84.2025.8.02.7871,AL,Não reconhece operação,Golpe,Êxito,Improcedência,20671.2,0.0,1,1,1,0,1,1
8490820-73.2025.8.07.3012,DF,Não reconhece operação,Golpe,Não Êxito,Procedência,1391.09,1207.0,1,0,1,1,1,1
5046631-44.2025.8.01.3262,AC,Não reconhece operação,Golpe,Êxito,Extinção,12511.26,0.0,1,1,1,0,0,0
8998203-31.2025.8.04.0582,AM,Não reconhece operação,Golpe,Não Êxito,Procedência,20616.26,13811.38,1,1,0,1,1,1
8715311-53.2025.8.12.6285,MS,Não reconhece operação,Golpe,Êxito,Extinção,13449.7,0.0,1,1,0,1,1,1
4816087-82.2025.8.21.7227,RS,Não reconhece operação,Golpe,Êxito,Extinção,20246.67,0.0,1,1,1,1,1,1
2169325-15.2025.8.22.2761,RO,Não reconhece operação,Genérico,Não Êxito,Parcial procedência,25765.87,18250.26,0,0,1,0,0,0
5413537-56.2025.8.04.4106,AM,Não reconhece operação,Genérico,Não Êxito,Parcial procedência,15376.63,8435.49,1,0,1,0,1,1
6383490-68.2025.8.01.0654,AC,Não reconhece operação,Golpe,Não Êxito,Parcial procedência,20717.96,12742.2,0,0,1,1,1,1
6952679-30.2025.8.10.7294,MA,Não reconhece operação,Golpe,Êxito,Improcedência,26852.5,0.0,1,1,1,1,0,1
5835792-38.2025.8.16.2160,PR,Não reconhece operação,Golpe,Êxito,Improcedência,16955.19,0.0,1,1,0,1,1,1
5794620-62.2025.8.22.8983,RO,Não reconhece operação,Genérico,Êxito,Improcedência,14746.35,0.0,1,1,0,1,1,1
1152584-10.2025.8.21.8343,RS,Não reconhece operação,Golpe,Êxito,Improcedência,19410.44,0.0,1,1,0,1,1,1
7923698-12.2025.8.10.7592,MA,Não reconhece operação,Golpe,Êxito,Extinção,20792.95,0.0,1,0,0,1,1,1
7403764-85.2025.8.05.1689,BA,Não reconhece operação,Golpe,Não Êxito,Parcial procedência,14791.73,13971.87,0,1,1,0,1,1
3099005-72.2025.8.01.9255,AC,Não reconhece operação,Genérico,Êxito,Extinção,12608.05,0.0,1,1,0,0,1,1
7869884-48.2025.8.03.2505,AP,Não reconhece operação,Golpe,Não Êxito,Parcial procedência,23409.17,23409.17,0,1,1,1,1,1
2924273-84.2025.8.02.5636,AL,Não reconhece operação,Golpe,Êxito,Extinção,13654.33,0.0,1,1,1,0,0,1
9786277-59.2025.8.24.2307,SC,Não reconhece operação,Golpe,Êxito,Improcedência,20839.62,0.0,1,1,1,1,0,0
6191044-55.2025.8.08.8313,ES,Não reconhece operação,Golpe,Êxito,Improcedência,16272.04,0.0,1,1,1,0,0,1
1607256-77.2025.8.21.6350,RS,Não reconhece operação,Golpe,Não Êxito,Parcial procedência,23946.81,13687.23,0,1,1,1,1,1
2856471-28.2025.8.15.9651,PB,Não reconhece operação,Golpe,Não Êxito,Procedência,10816.06,9616.24,1,0,1,1,1,1
7655923-83.2025.8.15.8948,PB,Não reconhece operação,Golpe,Êxito,Improcedência,10806.57,0.0,1,1,1,0,1,1
3802193-17.2025.8.11.3087,MT,Não reconhece operação,Golpe,Êxito,Improcedência,19175.02,0.0,1,1,0,1,1,1
4965593-44.2025.8.21.6435,RS,Não reconhece operação,Golpe,Êxito,Improcedência,9435.8,0.0,1,1,1,0,1,0
2004050-76.2025.8.02.8853,AL,Não reconhece operação,Genérico,Êxito,Improcedência,15554.47,0.0,0,0,1,0,1,1
6595433-62.2025.8.04.5795,AM,Não reconhece operação,Golpe,Não Êxito,Parcial procedência,22579.98,21288.25,0,0,0,1,1,0
5730728-55.2025.8.12.8581,MS,Não reconhece operação,Golpe,Êxito,Improcedência,6224.31,0.0,1,1,1,1,1,1
1065701-29.2025.8.13.3846,MG,Não reconhece operação,Golpe,Não Êxito,Parcial procedência,16955.42,11011.85,0,1,1,1,1,0
1564723-67.2025.8.15.9082,PB,Não reconhece operação,Golpe,Não Êxito,Parcial procedência,20928.03,13873.02,0,1,0,1,1,1
9505163-28.2025.8.20.6909,RN,Não reconhece operação,Golpe,Êxito,Extinção,14855.07,0.0,1,1,1,1,1,1
7386640-94.2025.8.17.2993,PE,Não reconhece operação,Genérico,Êxito,Improcedência,10433.1,0.0,1,1,1,0,1,1
9636659-97.2025.8.07.0054,DF,Não reconhece operação,Golpe,Êxito,Improcedência,13693.62,0.0,1,1,1,1,1,1
1429988-52.2025.8.09.7780,GO,Não reconhece operação,Genérico,Não Êxito,Parcial procedência,10867.71,4605.31,1,0,1,1,0,1
8154241-25.2025.8.22.2357,RO,Não reconhece operação,Genérico,Êxito,Extinção,15321.54,0.0,1,1,0,1,0,1
5975297-61.2025.8.06.6586,CE,Não reconhece operação,Golpe,Êxito,Improcedência,13624.44,0.0,1,1,1,0,0,1
9991657-24.2025.8.14.5180,PA,Não reconhece operação,Golpe,Não Êxito,Parcial procedência,12463.71,9898.22,0,1,0,0,1,1
2034626-48.2025.8.15.1913,PB,Não reconhece operação,Golpe,Não Êxito,Parcial procedência,17269.5,6793.92,0,1,0,1,1,0
7202818-82.2025.8.22.6410,RO,Não reconhece operação,Golpe,Êxito,Extinção,22730.65,0.0,1,1,0,1,1,1
6399282-14.2025.8.20.3418,RN,Não reconhece operação,Golpe,Êxito,Improcedência,16590.76,0.0,1,1,1,0,1,1
1813315-97.2025.8.11.1333,MT,Não reconhece operação,Golpe,Êxito,Extinção,21575.34,0.0,1,1,1,1,1,1
7754387-48.2025.8.09.0780,GO,Não reconhece operação,Golpe,Não Êxito,Parcial procedência,22729.23,8525.18,1,1,0,0,0,1
5259079-80.2025.8.10.9619,MA,Não reconhece operação,Golpe,Êxito,Improcedência,12103.65,0.0,1,1,0,0,1,0
9175378-94.2025.8.12.1486,MS,Não reconhece operação,Genérico,Êxito,Improcedência,16330.88,0.0,1,1,1,0,1,0
4577457-26.2025.8.06.6658,CE,Não reconhece operação,Golpe,Êxito,Extinção,12897.04,0.0,1,1,1,1,0,1
4763799-35.2025.8.18.8644,PI,Não reconhece operação,Genérico,Êxito,Improcedência,7709.46,0.0,1,1,0,0,1,1
9508848-97.2025.8.06.7704,CE,Não reconhece operação,Golpe,Êxito,Extinção,16727.85,0.0,1,1,1,0,0,0
9937769-92.2025.8.16.5737,PR,Não reconhece operação,Golpe,Êxito,Extinção,9819.47,0.0,1,1,1,1,1,1
8801800-47.2025.8.22.1300,RO,Não reconhece operação,Golpe,Não Êxito,Parcial procedência,17358.59,13679.21,0,1,0,0,1,0
4336324-15.2025.8.26.1035,SP,Não reconhece operação,Golpe,Êxito,Extinção,7347.75,0.0,1,1,1,1,0,1
7189637-49.2025.8.03.0471,AP,Não reconhece operação,Golpe,Êxito,Improcedência,15821.23,0.0,1,0,1,0,0,1
2828643-34.2025.8.22.6457,RO,Não reconhece operação,Genérico,Não Êxito,Procedência,7274.86,4496.66,1,1,0,1,0,1
4152935-17.2025.8.04.9435,AM,Não reconhece operação,Golpe,Êxito,Extinção,18288.74,0.0,1,1,0,1,1,1
9680621-93.2025.8.10.6542,MA,Não reconhece operação,Golpe,Êxito,Improcedência,13051.94,0.0,1,1,1,1,1,0
6529762-94.2025.8.05.4554,BA,Não reconhece operação,Golpe,Êxito,Improcedência,12578.86,0.0,1,1,0,1,1,1
9032865-37.2025.8.05.2161,BA,Não reconhece operação,Golpe,Não Êxito,Parcial procedência,20509.77,14919.46,1,1,1,1,1,1
9955598-42.2025.8.05.7128,BA,Não reconhece operação,Golpe,Êxito,Extinção,13404.3,0.0,1,0,1,0,1,1
8893008-89.2025.8.02.4549,AL,Não reconhece operação,Golpe,Não Êxito,Procedência,15526.13,12474.21,1,1,0,1,1,1
4150503-86.2025.8.21.2915,RS,Não reconhece operação,Golpe,Não Êxito,Parcial procedência,14007.62,7685.39,1,0,1,0,1,0
3152831-66.2025.8.02.0431,AL,Não reconhece operação,Golpe,Não Êxito,Parcial procedência,17471.88,13460.09,1,1,1,1,1,1
4086592-17.2025.8.13.6233,MG,Não reconhece operação,Golpe,Êxito,Improcedência,20099.75,0.0,1,1,0,1,1,1
5877052-35.2025.8.19.4032,RJ,Não reconhece operação,Genérico,Êxito,Extinção,19082.52,0.0,1,1,1,0,1,1
8118423-61.2025.8.27.6989,TO,Não reconhece operação,Golpe,Êxito,Improcedência,12692.33,0.0,1,1,1,1,1,0
6657300-55.2025.8.24.2930,SC,Não reconhece operação,Golpe,Não Êxito,Parcial procedência,20914.79,14143.05,1,0,0,0,1,1
9184784-74.2025.8.03.2830,AP,Não reconhece operação,Genérico,Êxito,Extinção,10485.81,0.0,1,0,1,0,1,1
5774416-21.2025.8.27.0199,TO,Não reconhece operação,Golpe,Êxito,Extinção,11338.96,0.0,1,1,0,1,1,1
2095375-90.2025.8.16.9623,PR,Não reconhece operação,Golpe,Êxito,Improcedência,14355.1,0.0,1,1,1,0,1,1
7380900-22.2025.8.05.2900,BA,Não reconhece operação,Genérico,Êxito,Improcedência,20118.67,0.0,1,1,1,1,1,1
2826199-55.2025.8.11.0878,MT,Não reconhece operação,Genérico,Êxito,Improcedência,9240.45,0.0,1,1,0,1,1,1
3975229-56.2025.8.25.6783,SE,Não reconhece operação,Genérico,Êxito,Extinção,19356.56,0.0,1,1,1,1,1,1
7712929-16.2025.8.13.0857,MG,Não reconhece operação,Golpe,Não Êxito,Procedência,14713.56,8627.12,0,1,0,0,1,0
5900206-59.2025.8.05.7697,BA,Não reconhece operação,Genérico,Não Êxito,Parcial procedência,12853.93,10904.56,0,1,0,1,1,1
5950047-42.2025.8.24.4642,SC,Não reconhece operação,Golpe,Não Êxito,Parcial procedência,20368.95,16610.78,0,0,0,1,1,1
4148216-34.2025.8.26.4740,SP,Não reconhece operação,Genérico,Êxito,Extinção,11043.62,0.0,1,1,1,0,1,0
3155868-65.2025.8.27.9075,TO,Não reconhece operação,Genérico,Êxito,Improcedência,26197.63,0.0,1,1,1,1,1,1
1658923-81.2025.8.26.7909,SP,Não reconhece operação,Genérico,Êxito,Improcedência,14115.44,0.0,1,1,0,0,1,1
2722127-13.2025.8.24.4890,SC,Não reconhece operação,Golpe,Não Êxito,Procedência,15717.44,9680.28,1,0,1,1,0,0
5792382-75.2025.8.11.4509,MT,Não reconhece operação,Golpe,Êxito,Improcedência,22552.98,0.0,1,1,0,1,1,1
9606930-18.2025.8.06.3463,CE,Não reconhece operação,Golpe,Êxito,Improcedência,15845.45,0.0,1,1,0,1,1,0
7889597-93.2025.8.18.1423,PI,Não reconhece operação,Golpe,Êxito,Improcedência,20815.78,0.0,1,1,1,1,0,1
3878645-43.2025.8.06.1311,CE,Não reconhece operação,Golpe,Não Êxito,Parcial procedência,5398.36,1628.08,1,0,1,1,1,1
6981646-18.2025.8.11.7550,MT,Não reconhece operação,Genérico,Êxito,Extinção,12810.44,0.0,1,1,0,0,0,0
6530897-71.2025.8.16.8766,PR,Não reconhece operação,Golpe,Não Êxito,Parcial procedência,16928.9,12087.4,1,0,1,0,1,1
7546201-53.2025.8.26.7906,SP,Não reconhece operação,Golpe,Não Êxito,Parcial procedência,20288.54,14803.56,0,1,1,1,1,1
2032577-34.2025.8.08.7833,ES,Não reconhece operação,Golpe,Êxito,Improcedência,18758.97,0.0,1,1,1,1,0,0
1349167-15.2025.8.07.5376,DF,Não reconhece operação,Golpe,Êxito,Improcedência,18299.37,0.0,1,1,0,1,0,0
7390165-12.2025.8.20.6036,RN,Não reconhece operação,Golpe,Não Êxito,Parcial procedência,20188.63,15002.46,0,0,1,1,1,1
6264188-12.2025.8.01.4188,AC,Não reconhece operação,Golpe,Êxito,Improcedência,17313.04,0.0,1,1,1,1,1,1
4985304-21.2025.8.17.4983,PE,Não reconhece operação,Genérico,Êxito,Improcedência,4465.94,0.0,1,1,0,1,1,1
2682744-67.2025.8.22.7736,RO,Não reconhece operação,Genérico,Êxito,Improcedência,22058.85,0.0,1,1,0,0,1,1
7734494-65.2025.8.15.0708,PB,Não reconhece operação,Golpe,Êxito,Improcedência,10871.91,0.0,1,1,0,0,0,0
2479125-75.2025.8.13.6069,MG,Não reconhece operação,Golpe,Êxito,Improcedência,16521.1,0.0,1,1,1,0,1,1
7804644-18.2025.8.21.9667,RS,Não reconhece operação,Golpe,Não Êxito,Procedência,15870.35,12952.77,0,1,0,1,0,1
4364534-52.2025.8.13.0400,MG,Não reconhece operação,Genérico,Não Êxito,Procedência,15214.42,5510.29,0,1,0,1,1,1
1041775-15.2025.8.20.8291,RN,Não reconhece operação,Genérico,Não Êxito,Procedência,9555.03,4854.63,0,1,0,1,1,1
6895947-81.2025.8.11.2852,MT,Não reconhece operação,Golpe,Êxito,Improcedência,5469.34,0.0,0,1,1,1,1,1
1906620-13.2025.8.01.8387,AC,Não reconhece operação,Genérico,Êxito,Extinção,10063.68,0.0,1,0,1,1,1,1
3936122-26.2025.8.15.0447,PB,Não reconhece operação,Golpe,Êxito,Improcedência,19036.41,0.0,0,1,1,0,1,1
7107869-29.2025.8.02.8475,AL,Não reconhece operação,Golpe,Êxito,Improcedência,7883.86,0.0,1,1,1,1,1,1
3871355-12.2025.8.26.7280,SP,Não reconhece operação,Genérico,Não Êxito,Parcial procedência,10662.8,7480.18,1,0,1,1,0,1
2949157-70.2025.8.18.4717,PI,Não reconhece operação,Golpe,Não Êxito,Parcial procedência,17033.48,11782.48,0,1,0,1,0,0
8789988-66.2025.8.13.9329,MG,Não reconhece operação,Golpe,Êxito,Improcedência,9940.79,0.0,0,1,1,0,1,1
6827348-28.2025.8.14.4381,PA,Não reconhece operação,Golpe,Não Êxito,Procedência,12317.54,9462.21,0,1,0,1,1,1
3125969-83.2025.8.18.9850,PI,Não reconhece operação,Golpe,Êxito,Improcedência,15383.68,0.0,1,1,1,0,1,1
5811586-53.2025.8.08.7798,ES,Não reconhece operação,Golpe,Êxito,Improcedência,16369.07,0.0,1,1,0,1,1,1
4759379-85.2025.8.08.4736,ES,Não reconhece operação,Golpe,Êxito,Extinção,9843.63,0.0,1,1,1,1,1,1
2245128-68.2025.8.12.3176,MS,Não reconhece operação,Golpe,Não Êxito,Parcial procedência,15673.78,8228.96,1,0,0,0,1,0
2547611-77.2025.8.07.2018,DF,Não reconhece operação,Golpe,Não Êxito,Parcial procedência,16939.31,14373.04,0,1,1,1,0,1
6939976-57.2025.8.22.6417,RO,Não reconhece operação,Genérico,Não Êxito,Parcial procedência,8734.81,5002.85,0,1,0,0,1,1
7999672-83.2025.8.04.9227,AM,Não reconhece operação,Golpe,Êxito,Extinção,16036.39,0.0,1,1,1,1,0,0
7303337-55.2025.8.21.4421,RS,Não reconhece operação,Genérico,Êxito,Improcedência,11466.04,0.0,1,1,1,1,1,0
7748106-98.2025.8.10.6452,MA,Não reconhece operação,Golpe,Êxito,Extinção,15590.22,0.0,1,1,0,1,1,1
6389472-16.2025.8.17.0085,PE,Não reconhece operação,Golpe,Êxito,Improcedência,18530.22,0.0,1,0,1,0,1,1
5726817-86.2025.8.05.0042,BA,Não reconhece operação,Golpe,Êxito,Extinção,14117.32,0.0,1,1,0,0,0,1
8907586-11.2025.8.13.6384,MG,Não reconhece operação,Genérico,Êxito,Extinção,19464.17,0.0,0,1,1,1,1,1
1306325-61.2025.8.22.6963,RO,Não reconhece operação,Golpe,Êxito,Improcedência,18862.59,0.0,1,1,1,1,1,1
3687318-86.2025.8.08.7276,ES,Não reconhece operação,Genérico,Êxito,Extinção,19436.77,0.0,0,1,1,1,1,1
1467870-60.2025.8.03.7595,AP,Não reconhece operação,Golpe,Êxito,Improcedência,16960.19,0.0,1,1,1,1,0,1
7535374-19.2025.8.15.0276,PB,Não reconhece operação,Golpe,Não Êxito,Procedência,20383.48,15179.6,0,1,1,1,1,1
8565771-80.2025.8.05.3916,BA,Não reconhece operação,Golpe,Êxito,Extinção,16871.79,0.0,1,1,1,1,1,1
9386551-40.2025.8.09.4769,GO,Não reconhece operação,Golpe,Êxito,Improcedência,6801.22,0.0,1,1,0,0,1,1
8690794-34.2025.8.11.8148,MT,Não reconhece operação,Golpe,Não Êxito,Parcial procedência,11095.63,6704.82,1,0,0,1,0,1
3763857-82.2025.8.17.2838,PE,Não reconhece operação,Golpe,Êxito,Improcedência,13945.59,0.0,1,1,1,1,1,0
9230343-56.2025.8.16.2703,PR,Não reconhece operação,Golpe,Êxito,Improcedência,14554.2,0.0,0,1,1,0,1,1
1769148-87.2025.8.19.6085,RJ,Não reconhece operação,Golpe,Êxito,Improcedência,16737.56,0.0,1,1,1,1,0,1
1200129-36.2025.8.21.4326,RS,Não reconhece operação,Golpe,Êxito,Extinção,11022.61,0.0,1,1,0,0,1,1
6137332-17.2025.8.02.1940,AL,Não reconhece operação,Golpe,Êxito,Improcedência,24838.6,0.0,1,1,1,1,0,1
6876110-88.2025.8.10.1629,MA,Não reconhece operação,Golpe,Não Êxito,Parcial procedência,14479.45,8857.81,1,0,0,1,1,1
5991700-63.2025.8.01.0555,AC,Não reconhece operação,Golpe,Êxito,Improcedência,14944.47,0.0,1,1,1,1,1,1
1514868-83.2025.8.01.2094,AC,Não reconhece operação,Golpe,Êxito,Improcedência,11690.94,0.0,1,1,0,1,1,1
6985777-32.2025.8.06.7646,CE,Não reconhece operação,Golpe,Êxito,Extinção,10058.79,0.0,1,1,0,0,1,1
1893119-29.2025.8.18.6319,PI,Não reconhece operação,Golpe,Êxito,Improcedência,14362.44,0.0,1,1,1,1,1,1
6153208-85.2025.8.25.2519,SE,Não reconhece operação,Genérico,Não Êxito,Parcial procedência,15117.38,9021.74,0,1,1,1,0,0
8818287-28.2025.8.22.2900,RO,Não reconhece operação,Golpe,Não Êxito,Parcial procedência,14555.77,12448.68,0,0,1,1,1,0
5257103-21.2025.8.16.0456,PR,Não reconhece operação,Golpe,Não Êxito,Procedência,23103.77,19106.41,1,1,1,1,1,1
2534434-11.2025.8.23.9254,RR,Não reconhece operação,Genérico,Êxito,Improcedência,14362.41,0.0,1,1,1,1,1,1
8295343-95.2025.8.05.8922,BA,Não reconhece operação,Golpe,Não Êxito,Parcial procedência,14560.55,12469.27,0,1,0,0,0,1
4314366-44.2025.8.21.7269,RS,Não reconhece operação,Golpe,Êxito,Improcedência,18982.71,0.0,1,1,1,1,0,1
5853491-39.2025.8.25.4113,SE,Não reconhece operação,Genérico,Não Êxito,Procedência,14142.8,3905.12,0,0,1,1,1,1
3626627-77.2025.8.04.3496,AM,Não reconhece operação,Genérico,Êxito,Extinção,17628.64,0.0,1,1,1,1,0,0
6122600-16.2025.8.11.8192,MT,Não reconhece operação,Genérico,Êxito,Extinção,8706.13,0.0,1,1,1,1,1,1
4728932-69.2025.8.21.2664,RS,Não reconhece operação,Golpe,Não Êxito,Procedência,8744.9,6908.38,0,1,0,1,1,1
1999583-77.2025.8.11.3036,MT,Não reconhece operação,Golpe,Êxito,Improcedência,15581.11,0.0,1,1,1,0,0,1
4029062-60.2025.8.21.1739,RS,Não reconhece operação,Genérico,Êxito,Extinção,13845.68,0.0,1,1,1,0,1,1
5057137-10.2025.8.26.4531,SP,Não reconhece operação,Genérico,Êxito,Improcedência,11012.44,0.0,1,1,1,1,1,1
1570523-43.2025.8.11.4824,MT,Não reconhece operação,Golpe,Êxito,Improcedência,15580.1,0.0,1,1,0,1,1,1
1576330-62.2025.8.02.4293,AL,Não reconhece operação,Golpe,Não Êxito,Procedência,16008.21,10788.88,0,1,0,1,1,1
1369660-30.2025.8.10.3653,MA,Não reconhece operação,Golpe,Êxito,Improcedência,11498.85,0.0,1,1,1,0,1,1
4959134-29.2025.8.06.4001,CE,Não reconhece operação,Golpe,Êxito,Improcedência,12436.55,0.0,1,1,0,1,1,0
9567398-61.2025.8.11.0819,MT,Não reconhece operação,Genérico,Êxito,Improcedência,16045.1,0.0,1,1,0,1,1,1
1620772-62.2025.8.17.3514,PE,Não reconhece operação,Golpe,Não Êxito,Parcial procedência,9971.93,8971.23,1,0,0,0,1,1
4900060-86.2025.8.11.6724,MT,Não reconhece operação,Golpe,Êxito,Improcedência,12018.3,0.0,1,1,1,1,1,1
7978833-46.2025.8.06.3977,CE,Não reconhece operação,Golpe,Êxito,Improcedência,17602.13,0.0,1,1,0,0,0,1
4621027-69.2025.8.09.1501,GO,Não reconhece operação,Golpe,Êxito,Improcedência,14865.23,0.0,1,1,1,1,1,1
3722929-70.2025.8.19.2790,RJ,Não reconhece operação,Golpe,Êxito,Extinção,12640.64,0.0,1,1,1,1,1,1
5937050-59.2025.8.01.7770,AC,Não reconhece operação,Golpe,Êxito,Improcedência,10550.98,0.0,1,1,1,1,1,1
2409135-39.2025.8.06.9439,CE,Não reconhece operação,Golpe,Êxito,Extinção,10010.53,0.0,1,1,1,1,1,1
1211859-30.2025.8.25.3915,SE,Não reconhece operação,Genérico,Êxito,Improcedência,14335.69,0.0,0,1,1,1,1,1
1881281-51.2025.8.04.8392,AM,Não reconhece operação,Golpe,Êxito,Improcedência,24922.52,0.0,1,1,1,1,1,1
5055617-52.2025.8.12.5984,MS,Não reconhece operação,Golpe,Não Êxito,Parcial procedência,17758.42,8475.73,1,0,0,0,1,1
3808473-83.2025.8.06.3375,CE,Não reconhece operação,Golpe,Não Êxito,Parcial procedência,8442.05,5087.67,0,1,0,1,1,1
5585903-26.2025.8.04.4494,AM,Não reconhece operação,Golpe,Êxito,Extinção,18452.39,0.0,1,1,1,1,1,0
7780179-96.2025.8.12.6081,MS,Não reconhece operação,Golpe,Êxito,Extinção,11258.46,0.0,1,1,1,1,1,1
2684337-91.2025.8.15.0388,PB,Não reconhece operação,Golpe,Não Êxito,Procedência,14958.36,7524.26,0,1,0,1,1,1
5345732-94.2025.8.05.4744,BA,Não reconhece operação,Golpe,Não Êxito,Procedência,12092.75,7478.99,1,0,1,0,0,1
1396598-41.2025.8.04.4347,AM,Não reconhece operação,Golpe,Não Êxito,Parcial procedência,24907.52,24907.52,0,1,1,1,1,1
8321935-22.2025.8.03.8890,AP,Não reconhece operação,Golpe,Êxito,Improcedência,9417.31,0.0,1,1,0,0,1,1
3695600-21.2025.8.16.4359,PR,Não reconhece operação,Golpe,Êxito,Improcedência,16521.04,0.0,0,1,1,1,1,1
4698551-23.2025.8.24.5916,SC,Não reconhece operação,Golpe,Êxito,Improcedência,11619.42,0.0,0,1,1,1,1,1
5250604-67.2025.8.05.2009,BA,Não reconhece operação,Golpe,Não Êxito,Parcial procedência,18607.5,18607.5,1,0,0,0,1,0
8714042-79.2025.8.09.1378,GO,Não reconhece operação,Golpe,Não Êxito,Parcial procedência,16422.12,13031.42,0,1,0,1,1,1
8353841-78.2025.8.10.8847,MA,Não reconhece operação,Golpe,Êxito,Improcedência,21138.08,0.0,1,1,1,1,0,1
4718985-97.2025.8.10.0755,MA,Não reconhece operação,Golpe,Êxito,Extinção,18505.88,0.0,1,0,0,1,1,1
6990808-34.2025.8.07.9425,DF,Não reconhece operação,Golpe,Não Êxito,Parcial procedência,11579.14,6806.46,1,0,0,0,1,1
1914422-84.2025.8.02.6392,AL,Não reconhece operação,Golpe,Êxito,Extinção,29291.52,0.0,1,1,1,1,1,1
1541476-78.2025.8.15.1649,PB,Não reconhece operação,Genérico,Êxito,Extinção,17707.58,0.0,1,1,0,1,1,1
8832303-95.2025.8.10.5246,MA,Não reconhece operação,Genérico,Êxito,Improcedência,12280.19,0.0,1,1,1,1,1,1
9834495-82.2025.8.10.8142,MA,Não reconhece operação,Genérico,Êxito,Improcedência,15990.75,0.0,1,1,1,1,1,1
9215683-49.2025.8.08.0957,ES,Não reconhece operação,Golpe,Êxito,Improcedência,18077.59,0.0,1,1,1,0,1,1
9542253-77.2025.8.26.4407,SP,Não reconhece operação,Golpe,Não Êxito,Parcial procedência,17890.94,13861.47,0,1,1,1,1,1
9146766-69.2025.8.18.7923,PI,Não reconhece operação,Golpe,Êxito,Improcedência,17416.12,0.0,1,1,1,1,0,1
6453438-62.2025.8.12.8291,MS,Não reconhece operação,Golpe,Não Êxito,Parcial procedência,19724.56,11993.42,0,1,0,1,1,0
9893824-49.2025.8.06.3479,CE,Não reconhece operação,Golpe,Não Êxito,Procedência,19242.17,16705.28,0,1,1,1,0,1
1192706-17.2025.8.23.8644,RR,Não reconhece operação,Golpe,Não Êxito,Parcial procedência,10823.32,8973.41,0,1,0,0,1,1
1681237-29.2025.8.24.1262,SC,Não reconhece operação,Golpe,Êxito,Improcedência,25326.07,0.0,1,1,1,1,1,1
5079117-52.2025.8.01.2607,AC,Não reconhece operação,Golpe,Não Êxito,Parcial procedência,24643.2,16830.14,0,1,0,0,1,1
2146319-68.2025.8.26.1352,SP,Não reconhece operação,Golpe,Êxito,Improcedência,18912.4,0.0,0,1,1,1,1,1
3503612-68.2025.8.19.6120,RJ,Não reconhece operação,Genérico,Êxito,Extinção,15172.07,0.0,0,1,1,1,1,1
7506996-85.2025.8.04.8251,AM,Não reconhece operação,Golpe,Não Êxito,Parcial procedência,15256.42,10289.75,0,1,0,1,0,1
3278350-43.2025.8.22.0062,RO,Não reconhece operação,Genérico,Êxito,Improcedência,13393.53,0.0,1,1,0,1,0,1
7463853-98.2025.8.04.4355,AM,Não reconhece operação,Golpe,Êxito,Improcedência,14028.38,0.0,1,1,1,1,1,1
9411643-37.2025.8.02.6600,AL,Não reconhece operação,Golpe,Não Êxito,Procedência,4252.0,3493.66,0,1,1,1,1,1
6697293-45.2025.8.03.7413,AP,Não reconhece operação,Golpe,Êxito,Improcedência,22490.95,0.0,1,1,1,0,0,1
7622055-82.2025.8.11.6081,MT,Não reconhece operação,Golpe,Não Êxito,Procedência,20759.77,11338.61,0,1,1,0,0,1
2394532-51.2025.8.18.7464,PI,Não reconhece operação,Golpe,Êxito,Improcedência,6754.97,0.0,1,0,1,1,1,0
7222685-57.2025.8.13.2207,MG,Não reconhece operação,Golpe,Êxito,Improcedência,19349.22,0.0,1,1,0,1,1,1
7698621-98.2025.8.03.8408,AP,Não reconhece operação,Golpe,Êxito,Improcedência,14944.34,0.0,1,1,1,0,1,0
4228257-88.2025.8.06.1784,CE,Não reconhece operação,Golpe,Êxito,Improcedência,14005.51,0.0,1,1,1,1,1,1
2137778-60.2025.8.24.7933,SC,Não reconhece operação,Golpe,Não Êxito,Parcial procedência,17400.49,12108.6,0,1,1,1,1,1
5341040-50.2025.8.26.3448,SP,Não reconhece operação,Genérico,Êxito,Improcedência,6430.62,0.0,1,1,0,0,1,1
1704243-60.2025.8.22.9957,RO,Não reconhece operação,Golpe,Êxito,Improcedência,14927.0,0.0,0,1,1,1,1,1
2051017-19.2025.8.04.5409,AM,Não reconhece operação,Golpe,Não Êxito,Procedência,15372.19,10764.36,1,0,1,1,1,1
4645686-39.2025.8.21.2328,RS,Não reconhece operação,Golpe,Êxito,Extinção,15376.94,0.0,0,1,1,1,1,1
6360660-53.2025.8.19.0873,RJ,Não reconhece operação,Golpe,Êxito,Improcedência,8272.15,0.0,1,1,0,1,1,1
2050717-40.2025.8.15.3448,PB,Não reconhece operação,Golpe,Êxito,Extinção,17175.14,0.0,1,1,1,1,1,1
3560871-63.2025.8.03.8387,AP,Não reconhece operação,Golpe,Êxito,Improcedência,20182.53,0.0,1,1,1,0,1,1
5545978-60.2025.8.27.1246,TO,Não reconhece operação,Genérico,Êxito,Improcedência,16980.9,0.0,1,1,1,0,1,1
3113430-61.2025.8.12.4796,MS,Não reconhece operação,Golpe,Não Êxito,Parcial procedência,13857.61,4964.97,0,1,0,1,0,1
9119519-85.2025.8.02.0012,AL,Não reconhece operação,Golpe,Não Êxito,Procedência,28176.88,13768.77,0,1,1,0,1,1
7992855-71.2025.8.06.2060,CE,Não reconhece operação,Golpe,Êxito,Improcedência,10445.46,0.0,1,1,0,0,1,0
4941108-59.2025.8.13.3136,MG,Não reconhece operação,Genérico,Não Êxito,Parcial procedência,18777.39,16516.61,1,0,1,1,1,0
5829346-13.2025.8.02.2127,AL,Não reconhece operação,Genérico,Êxito,Improcedência,16175.9,0.0,1,1,1,0,0,1
6852306-98.2025.8.09.8628,GO,Não reconhece operação,Genérico,Êxito,Improcedência,24856.28,0.0,1,1,1,0,1,1
3136880-74.2025.8.11.5708,MT,Não reconhece operação,Golpe,Êxito,Improcedência,16879.91,0.0,1,0,1,0,1,1
4973410-54.2025.8.26.0028,SP,Não reconhece operação,Golpe,Êxito,Improcedência,17931.96,0.0,1,1,1,0,1,1
5319548-92.2025.8.04.1788,AM,Não reconhece operação,Golpe,Não Êxito,Parcial procedência,17463.66,17463.66,1,0,1,1,1,1
8397749-72.2025.8.17.0929,PE,Não reconhece operação,Genérico,Êxito,Improcedência,9789.18,0.0,0,1,1,1,0,1
7509911-18.2025.8.25.5798,SE,Não reconhece operação,Golpe,Êxito,Improcedência,10718.74,0.0,1,1,1,0,1,1
3295773-67.2025.8.23.0767,RR,Não reconhece operação,Golpe,Êxito,Extinção,13629.54,0.0,1,1,1,0,1,1
1962737-63.2025.8.25.2497,SE,Não reconhece operação,Golpe,Êxito,Extinção,19679.91,0.0,1,1,1,1,1,0
2142658-51.2025.8.05.6400,BA,Não reconhece operação,Golpe,Êxito,Improcedência,16125.96,0.0,1,1,1,1,0,1
2729835-56.2025.8.23.6545,RR,Não reconhece operação,Golpe,Não Êxito,Parcial procedência,13967.78,10401.66,1,0,1,1,0,1
8608658-41.2025.8.27.4415,TO,Não reconhece operação,Golpe,Não Êxito,Acordo,21715.35,7599.21,1,0,0,0,1,1
7151584-11.2025.8.09.7949,GO,Não reconhece operação,Golpe,Não Êxito,Procedência,5254.73,2140.22,1,0,0,1,1,1
2183441-57.2025.8.14.2674,PA,Não reconhece operação,Genérico,Não Êxito,Procedência,8623.82,4469.24,0,1,0,1,1,0
7188447-56.2025.8.15.3720,PB,Não reconhece operação,Golpe,Êxito,Improcedência,2731.79,0.0,0,1,1,1,1,1
1537427-88.2025.8.14.3086,PA,Não reconhece operação,Genérico,Não Êxito,Procedência,20911.17,12058.06,0,1,0,1,0,0
1377239-65.2025.8.08.8677,ES,Não reconhece operação,Golpe,Não Êxito,Parcial procedência,14507.57,9942.67,1,1,0,0,1,1
9954326-31.2025.8.27.7793,TO,Não reconhece operação,Genérico,Êxito,Improcedência,19723.63,0.0,1,1,1,1,1,1
7655102-90.2025.8.26.5384,SP,Não reconhece operação,Golpe,Êxito,Improcedência,14446.08,0.0,1,1,1,1,1,1
6178331-44.2025.8.13.2653,MG,Não reconhece operação,Genérico,Êxito,Extinção,20002.79,0.0,1,1,0,1,1,1
8155805-46.2025.8.23.8158,RR,Não reconhece operação,Golpe,Não Êxito,Parcial procedência,14360.24,6417.8,0,1,0,0,1,0
8479598-53.2025.8.13.9260,MG,Não reconhece operação,Golpe,Êxito,Extinção,16993.56,0.0,0,1,0,1,0,1
9417539-23.2025.8.23.0032,RR,Não reconhece operação,Golpe,Êxito,Improcedência,16275.21,0.0,1,1,0,1,1,1
5507925-83.2025.8.17.9318,PE,Não reconhece operação,Golpe,Êxito,Improcedência,16639.27,0.0,1,1,0,1,1,1
9011272-56.2025.8.11.5950,MT,Não reconhece operação,Golpe,Não Êxito,Parcial procedência,23248.92,4649.78,1,0,0,0,1,1
7073222-36.2025.8.03.5933,AP,Não reconhece operação,Genérico,Êxito,Improcedência,7011.41,0.0,1,1,1,0,1,0
1513480-43.2025.8.16.6910,PR,Não reconhece operação,Genérico,Êxito,Improcedência,14646.65,0.0,0,1,1,0,1,0
1410451-64.2025.8.09.1713,GO,Não reconhece operação,Golpe,Êxito,Extinção,15953.68,0.0,1,1,0,1,1,1
6548924-81.2025.8.06.1415,CE,Não reconhece operação,Golpe,Êxito,Extinção,15219.13,0.0,1,1,1,0,1,1
1730342-23.2025.8.06.1974,CE,Não reconhece operação,Golpe,Êxito,Improcedência,13029.84,0.0,1,1,1,0,1,1
3829802-15.2025.8.27.1243,TO,Não reconhece operação,Genérico,Não Êxito,Parcial procedência,12358.43,10441.08,1,0,1,1,1,0
6202257-20.2025.8.04.2871,AM,Não reconhece operação,Genérico,Êxito,Improcedência,22489.72,0.0,1,1,1,0,1,1
7551779-19.2025.8.23.9227,RR,Não reconhece operação,Golpe,Não Êxito,Parcial procedência,14635.18,6547.39,0,1,1,0,1,0
6718018-11.2025.8.24.0634,SC,Não reconhece operação,Genérico,Êxito,Improcedência,26944.8,0.0,1,1,1,0,1,0
6594961-26.2025.8.01.9790,AC,Não reconhece operação,Golpe,Êxito,Extinção,17574.35,0.0,1,1,1,0,1,1
3767450-69.2025.8.17.9109,PE,Não reconhece operação,Genérico,Êxito,Extinção,13560.9,0.0,1,0,1,1,1,1
8022478-19.2025.8.17.6067,PE,Não reconhece operação,Genérico,Êxito,Extinção,17694.1,0.0,1,0,1,1,1,1
8438807-42.2025.8.10.8691,MA,Não reconhece operação,Genérico,Êxito,Extinção,15516.71,0.0,1,1,0,1,0,1
6042424-29.2025.8.19.6809,RJ,Não reconhece operação,Golpe,Êxito,Improcedência,21567.16,0.0,1,1,1,1,1,1
5157327-12.2025.8.12.2583,MS,Não reconhece operação,Golpe,Não Êxito,Parcial procedência,9252.37,7587.76,1,1,0,1,0,1
6677853-45.2025.8.12.1549,MS,Não reconhece operação,Golpe,Êxito,Extinção,6144.07,0.0,1,1,1,1,1,1
5810868-25.2025.8.12.1942,MS,Não reconhece operação,Genérico,Não Êxito,Parcial procedência,16753.47,12805.95,0,0,1,0,1,1
7833615-31.2025.8.23.7757,RR,Não reconhece operação,Golpe,Não Êxito,Procedência,19082.82,16737.45,0,1,0,1,1,0
4564536-76.2025.8.16.1236,PR,Não reconhece operação,Genérico,Não Êxito,Parcial procedência,16385.08,10116.02,0,0,0,0,1,0
9570758-32.2025.8.13.7121,MG,Não reconhece operação,Genérico,Êxito,Improcedência,18281.92,0.0,1,1,1,1,0,1
2720195-26.2025.8.26.8744,SP,Não reconhece operação,Golpe,Êxito,Improcedência,17560.43,0.0,1,1,0,1,1,1
3605165-97.2025.8.23.7447,RR,Não reconhece operação,Golpe,Não Êxito,Parcial procedência,7718.11,6742.98,1,1,0,1,1,1
7763643-11.2025.8.26.7290,SP,Não reconhece operação,Golpe,Não Êxito,Parcial procedência,16362.19,8134.08,1,0,1,1,0,1
2924507-86.2025.8.20.9703,RN,Não reconhece operação,Golpe,Êxito,Extinção,21443.42,0.0,1,1,1,1,0,1
4705429-21.2025.8.13.7530,MG,Não reconhece operação,Golpe,Êxito,Extinção,15825.03,0.0,1,1,1,1,0,1
4311271-33.2025.8.22.1427,RO,Não reconhece operação,Golpe,Não Êxito,Parcial procedência,8554.44,5133.41,0,1,1,1,1,1
5553313-43.2025.8.09.2617,GO,Não reconhece operação,Golpe,Êxito,Improcedência,13344.01,0.0,1,1,0,1,1,1
1301995-30.2025.8.08.5584,ES,Não reconhece operação,Golpe,Êxito,Extinção,17714.11,0.0,1,1,1,1,1,0
2742580-70.2025.8.11.5786,MT,Não reconhece operação,Golpe,Não Êxito,Parcial procedência,23793.06,18583.7,0,1,0,1,1,1
4927295-46.2025.8.27.7787,TO,Não reconhece operação,Golpe,Êxito,Improcedência,5382.72,0.0,1,1,0,1,1,0
7488878-34.2025.8.17.4963,PE,Não reconhece operação,Golpe,Não Êxito,Parcial procedência,16754.7,5457.87,0,1,0,1,1,0
8418971-13.2025.8.13.2173,MG,Não reconhece operação,Golpe,Êxito,Improcedência,10408.0,0.0,0,1,1,1,1,1
5622995-62.2025.8.11.1162,MT,Não reconhece operação,Golpe,Êxito,Improcedência,17473.53,0.0,0,1,1,0,1,1
9047044-84.2025.8.08.5685,ES,Não reconhece operação,Genérico,Não Êxito,Parcial procedência,17866.58,9393.6,0,1,1,1,1,0
9570316-80.2025.8.16.4547,PR,Não reconhece operação,Golpe,Êxito,Improcedência,13838.18,0.0,1,0,0,0,1,1
2934403-59.2025.8.10.9436,MA,Não reconhece operação,Golpe,Êxito,Improcedência,18081.35,0.0,1,1,1,0,0,1
2675847-44.2025.8.15.9261,PB,Não reconhece operação,Genérico,Não Êxito,Procedência,20575.47,13726.34,0,1,0,1,1,1
6280401-16.2025.8.10.1839,MA,Não reconhece operação,Golpe,Não Êxito,Parcial procedência,14174.67,11645.84,0,1,1,1,1,1
5120569-36.2025.8.09.3518,GO,Não reconhece operação,Golpe,Não Êxito,Procedência,8420.97,6493.27,1,0,1,1,1,1
6364444-74.2025.8.27.9365,TO,Não reconhece operação,Golpe,Êxito,Improcedência,21977.25,0.0,1,1,0,1,1,1
9360800-52.2025.8.10.6917,MA,Não reconhece operação,Golpe,Êxito,Extinção,19048.46,0.0,1,1,0,1,1,0
6061226-10.2025.8.02.3057,AL,Não reconhece operação,Golpe,Não Êxito,Parcial procedência,17748.45,13644.16,1,1,1,1,0,1
4682446-92.2025.8.13.6848,MG,Não reconhece operação,Genérico,Não Êxito,Acordo,11591.73,4498.25,1,1,0,0,1,0
3419435-13.2025.8.15.3386,PB,Não reconhece operação,Genérico,Êxito,Improcedência,19817.57,0.0,0,1,1,1,1,0
4044563-95.2025.8.04.0911,AM,Não reconhece operação,Golpe,Não Êxito,Parcial procedência,25004.04,20132.52,0,1,0,1,1,1
9025802-44.2025.8.09.7925,GO,Não reconhece operação,Golpe,Êxito,Improcedência,14386.94,0.0,1,0,1,0,1,1
3976388-82.2025.8.05.6270,BA,Não reconhece operação,Golpe,Êxito,Improcedência,15445.85,0.0,1,1,1,1,1,1
3973557-96.2025.8.14.3486,PA,Não reconhece operação,Golpe,Êxito,Improcedência,9755.48,0.0,1,1,1,1,1,1
7425888-71.2025.8.20.9320,RN,Não reconhece operação,Golpe,Êxito,Improcedência,11451.52,0.0,1,0,1,1,1,0
2343058-12.2025.8.27.2933,TO,Não reconhece operação,Golpe,Êxito,Improcedência,9709.46,0.0,1,1,0,1,1,0
3278671-76.2025.8.13.6782,MG,Não reconhece operação,Genérico,Êxito,Improcedência,15624.12,0.0,1,1,1,0,1,1
9045529-44.2025.8.24.2514,SC,Não reconhece operação,Golpe,Êxito,Extinção,13310.05,0.0,1,0,1,1,1,0
9188499-91.2025.8.06.4247,CE,Não reconhece operação,Golpe,Êxito,Extinção,16811.46,0.0,1,1,1,1,1,1
4930288-64.2025.8.23.0638,RR,Não reconhece operação,Golpe,Não Êxito,Procedência,10605.78,9224.81,1,0,1,1,1,0
2230108-74.2025.8.17.2087,PE,Não reconhece operação,Golpe,Não Êxito,Parcial procedência,14160.02,7567.55,1,1,0,1,1,1
5824383-16.2025.8.22.6521,RO,Não reconhece operação,Genérico,Êxito,Improcedência,10303.35,0.0,1,1,1,1,1,1
4823513-51.2025.8.22.0585,RO,Não reconhece operação,Golpe,Êxito,Improcedência,15902.58,0.0,1,1,0,1,1,0
7706468-49.2025.8.15.3873,PB,Não reconhece operação,Genérico,Êxito,Improcedência,6972.64,0.0,1,1,0,1,1,1
1375275-67.2025.8.07.9591,DF,Não reconhece operação,Genérico,Não Êxito,Parcial procedência,15725.96,10371.53,1,0,1,1,1,1
1500670-70.2025.8.15.4400,PB,Não reconhece operação,Genérico,Êxito,Improcedência,13614.51,0.0,1,0,0,0,0,1
6718091-57.2025.8.21.9805,RS,Não reconhece operação,Golpe,Êxito,Improcedência,15870.15,0.0,1,1,1,0,1,1
9308187-24.2025.8.27.7907,TO,Não reconhece operação,Golpe,Não Êxito,Parcial procedência,6874.79,6182.63,0,1,1,0,1,1
5817232-10.2025.8.26.1898,SP,Não reconhece operação,Genérico,Êxito,Improcedência,18194.78,0.0,1,1,1,1,1,1
4164981-61.2025.8.05.3127,BA,Não reconhece operação,Genérico,Êxito,Extinção,13516.31,0.0,1,1,1,0,1,1
5531922-92.2025.8.18.1960,PI,Não reconhece operação,Golpe,Êxito,Extinção,16047.53,0.0,1,0,1,0,1,1
5927830-22.2025.8.04.2515,AM,Não reconhece operação,Genérico,Êxito,Improcedência,5806.04,0.0,0,1,1,1,1,1
3308680-72.2025.8.19.6142,RJ,Não reconhece operação,Golpe,Não Êxito,Parcial procedência,8884.3,5721.27,0,1,0,1,1,1
8178424-84.2025.8.27.4616,TO,Não reconhece operação,Golpe,Não Êxito,Procedência,13067.77,8588.42,1,0,1,1,1,1
5406765-98.2025.8.02.9752,AL,Não reconhece operação,Genérico,Êxito,Improcedência,21731.55,0.0,1,1,0,0,1,0
4579153-93.2025.8.16.4964,PR,Não reconhece operação,Golpe,Não Êxito,Procedência,17569.43,17569.43,1,1,1,0,1,0
2053533-29.2025.8.26.6796,SP,Não reconhece operação,Golpe,Êxito,Improcedência,15619.47,0.0,1,1,0,0,1,1
3775457-72.2025.8.21.4465,RS,Não reconhece operação,Genérico,Êxito,Extinção,10446.76,0.0,1,1,1,1,1,1
9600415-14.2025.8.13.5403,MG,Não reconhece operação,Genérico,Êxito,Extinção,9553.93,0.0,1,1,1,0,1,0
7285341-46.2025.8.04.2225,AM,Não reconhece operação,Genérico,Não Êxito,Procedência,16339.69,16339.69,0,1,1,1,0,0
6400224-18.2025.8.25.6198,SE,Não reconhece operação,Golpe,Não Êxito,Parcial procedência,18420.36,10815.88,0,1,0,1,1,1
3102874-49.2025.8.25.1261,SE,Não reconhece operação,Genérico,Êxito,Improcedência,16007.59,0.0,1,1,0,1,1,1
7987702-54.2025.8.17.1466,PE,Não reconhece operação,Golpe,Êxito,Improcedência,23370.71,0.0,0,1,1,0,0,1
9256391-91.2025.8.27.7618,TO,Não reconhece operação,Golpe,Êxito,Extinção,11633.47,0.0,1,1,0,0,1,1
3403476-67.2025.8.01.9187,AC,Não reconhece operação,Golpe,Êxito,Improcedência,15862.33,0.0,1,0,0,1,1,1
6386654-94.2025.8.18.9828,PI,Não reconhece operação,Genérico,Êxito,Improcedência,6674.06,0.0,0,1,1,1,1,1
5943450-88.2025.8.02.1086,AL,Não reconhece operação,Genérico,Êxito,Extinção,16017.76,0.0,1,1,1,1,1,1
1873285-73.2025.8.26.9391,SP,Não reconhece operação,Genérico,Não Êxito,Parcial procedência,22192.17,15825.32,1,0,0,1,1,0
8536827-80.2025.8.19.6819,RJ,Não reconhece operação,Golpe,Êxito,Extinção,9871.68,0.0,1,1,0,0,0,1
7500549-74.2025.8.25.8830,SE,Não reconhece operação,Golpe,Êxito,Improcedência,19114.39,0.0,1,1,1,1,1,1
1690006-55.2025.8.17.4662,PE,Não reconhece operação,Golpe,Não Êxito,Procedência,22053.14,15946.65,1,0,1,1,1,1
2105796-72.2025.8.04.2039,AM,Não reconhece operação,Golpe,Êxito,Improcedência,11597.89,0.0,1,1,1,1,1,1
3895432-47.2025.8.01.6973,AC,Não reconhece operação,Golpe,Êxito,Improcedência,17273.39,0.0,1,1,0,0,0,1
7963773-83.2025.8.10.9022,MA,Não reconhece operação,Golpe,Êxito,Extinção,22733.19,0.0,1,1,1,0,0,0
3692466-39.2025.8.22.3764,RO,Não reconhece operação,Genérico,Êxito,Improcedência,16113.1,0.0,1,1,1,1,0,1
7513099-72.2025.8.05.7668,BA,Não reconhece operação,Genérico,Não Êxito,Procedência,18842.47,15101.35,1,1,1,1,1,1
8292677-15.2025.8.24.7207,SC,Não reconhece operação,Genérico,Êxito,Improcedência,6277.71,0.0,1,1,0,0,1,1
6116148-90.2025.8.07.4915,DF,Não reconhece operação,Golpe,Êxito,Improcedência,17912.24,0.0,1,1,0,1,1,1
4356433-26.2025.8.14.2152,PA,Não reconhece operação,Golpe,Não Êxito,Procedência,17520.19,12730.76,1,0,1,1,0,0
4434449-80.2025.8.06.1974,CE,Não reconhece operação,Golpe,Êxito,Improcedência,8474.69,0.0,0,1,1,1,1,0
9009049-10.2025.8.11.1528,MT,Não reconhece operação,Golpe,Êxito,Extinção,10250.39,0.0,1,1,0,0,0,1
5843653-97.2025.8.11.4617,MT,Não reconhece operação,Golpe,Não Êxito,Parcial procedência,17945.93,15943.27,0,1,1,0,1,0
8235810-40.2025.8.01.6042,AC,Não reconhece operação,Golpe,Não Êxito,Procedência,13496.84,9703.19,0,0,1,1,0,1
7938423-91.2025.8.17.7591,PE,Não reconhece operação,Golpe,Não Êxito,Procedência,20438.29,12385.0,1,1,0,1,1,0
9458383-87.2025.8.23.6907,RR,Não reconhece operação,Golpe,Não Êxito,Procedência,16506.88,12256.99,0,1,1,1,0,1
5132577-10.2025.8.26.1418,SP,Não reconhece operação,Golpe,Não Êxito,Parcial procedência,15259.21,11405.68,0,1,1,1,1,1
9280557-46.2025.8.09.2540,GO,Não reconhece operação,Golpe,Êxito,Extinção,14145.83,0.0,1,1,1,1,1,1
2808448-54.2025.8.24.9642,SC,Não reconhece operação,Golpe,Êxito,Improcedência,16418.34,0.0,1,1,0,1,1,0
4855003-16.2025.8.24.0347,SC,Não reconhece operação,Golpe,Não Êxito,Procedência,18922.05,12301.09,0,0,0,1,0,0
9647352-89.2025.8.27.8153,TO,Não reconhece operação,Golpe,Não Êxito,Parcial procedência,17601.71,15725.39,0,1,1,1,1,1
2503026-21.2025.8.13.5392,MG,Não reconhece operação,Golpe,Não Êxito,Parcial procedência,12906.56,8426.91,1,1,0,1,1,0
6917861-75.2025.8.21.9610,RS,Não reconhece operação,Golpe,Êxito,Extinção,21063.91,0.0,0,1,0,1,0,1
2674255-11.2025.8.17.5756,PE,Não reconhece operação,Golpe,Não Êxito,Parcial procedência,18209.39,17234.48,0,1,0,0,0,1
2273421-54.2025.8.02.0770,AL,Não reconhece operação,Genérico,Não Êxito,Parcial procedência,16872.47,12941.21,0,1,1,1,1,1
1895223-40.2025.8.08.4894,ES,Não reconhece operação,Golpe,Êxito,Improcedência,15432.14,0.0,0,1,1,0,0,1
4363948-43.2025.8.19.4400,RJ,Não reconhece operação,Golpe,Êxito,Extinção,17435.85,0.0,1,1,0,0,1,1
2162015-21.2025.8.05.2441,BA,Não reconhece operação,Golpe,Êxito,Improcedência,5994.44,0.0,1,1,1,0,1,1
5657783-25.2025.8.12.0074,MS,Não reconhece operação,Golpe,Êxito,Improcedência,16166.26,0.0,1,1,1,1,1,1
7133647-80.2025.8.22.5661,RO,Não reconhece operação,Golpe,Êxito,Extinção,23030.3,0.0,1,1,1,1,0,1
4543674-55.2025.8.05.2727,BA,Não reconhece operação,Genérico,Êxito,Improcedência,16061.63,0.0,1,1,0,1,1,1
4836315-62.2025.8.14.4587,PA,Não reconhece operação,Golpe,Êxito,Improcedência,15391.8,0.0,0,1,1,1,1,1
8983577-60.2025.8.06.5552,CE,Não reconhece operação,Golpe,Êxito,Improcedência,12058.29,0.0,0,1,1,1,1,1
9200939-80.2025.8.15.0331,PB,Não reconhece operação,Golpe,Não Êxito,Procedência,17399.93,12173.57,1,0,0,1,1,1
1313903-41.2025.8.07.8153,DF,Não reconhece operação,Golpe,Não Êxito,Parcial procedência,14024.99,10018.53,0,0,1,1,0,1
8776506-60.2025.8.27.0948,TO,Não reconhece operação,Golpe,Não Êxito,Parcial procedência,21406.71,15583.15,1,0,1,0,1,0
4095458-37.2025.8.04.3274,AM,Não reconhece operação,Golpe,Não Êxito,Procedência,10744.55,9793.34,1,0,1,1,0,0
3144886-47.2025.8.27.3011,TO,Não reconhece operação,Golpe,Êxito,Improcedência,12762.81,0.0,1,1,1,0,1,1
9972542-46.2025.8.23.3101,RR,Não reconhece operação,Genérico,Êxito,Improcedência,12033.78,0.0,1,1,0,0,0,0
7138126-52.2025.8.24.7262,SC,Não reconhece operação,Genérico,Êxito,Extinção,23984.17,0.0,1,1,1,1,1,1
7238941-18.2025.8.21.2173,RS,Não reconhece operação,Genérico,Não Êxito,Parcial procedência,14051.04,2810.21,0,0,0,1,1,0
7285109-61.2025.8.06.3539,CE,Não reconhece operação,Golpe,Êxito,Improcedência,12292.87,0.0,1,1,1,1,1,1
2645085-57.2025.8.26.4421,SP,Não reconhece operação,Genérico,Êxito,Improcedência,4723.99,0.0,1,1,1,0,0,1
5537016-63.2025.8.18.0689,PI,Não reconhece operação,Golpe,Êxito,Improcedência,10510.24,0.0,1,1,1,0,1,1
5649505-75.2025.8.26.4324,SP,Não reconhece operação,Golpe,Êxito,Improcedência,17572.44,0.0,1,1,1,1,1,0
7684971-70.2025.8.24.3677,SC,Não reconhece operação,Genérico,Êxito,Improcedência,17552.77,0.0,0,1,1,1,1,1
3760479-85.2025.8.17.3484,PE,Não reconhece operação,Golpe,Êxito,Extinção,11786.85,0.0,0,1,1,1,1,1
8847288-59.2025.8.13.5138,MG,Não reconhece operação,Genérico,Êxito,Improcedência,12059.41,0.0,1,1,0,0,1,1
6230103-85.2025.8.03.1799,AP,Não reconhece operação,Genérico,Êxito,Improcedência,24108.28,0.0,1,0,1,0,1,0
3925350-43.2025.8.04.4048,AM,Não reconhece operação,Golpe,Não Êxito,Parcial procedência,28212.89,25242.94,1,1,0,0,1,1
9813411-50.2025.8.13.0068,MG,Não reconhece operação,Genérico,Êxito,Improcedência,20623.94,0.0,1,1,1,1,1,1
6410266-74.2025.8.23.9714,RR,Não reconhece operação,Golpe,Êxito,Improcedência,22633.32,0.0,1,1,1,1,1,1
6782918-89.2025.8.14.4061,PA,Não reconhece operação,Genérico,Êxito,Improcedência,23674.29,0.0,1,1,1,1,0,0
8962893-42.2025.8.14.8278,PA,Não reconhece operação,Genérico,Êxito,Improcedência,25848.73,0.0,1,1,1,1,1,1
9743953-45.2025.8.07.3545,DF,Não reconhece operação,Golpe,Êxito,Extinção,13500.68,0.0,1,1,1,1,0,1
9220857-74.2025.8.17.9424,PE,Não reconhece operação,Golpe,Êxito,Extinção,10672.68,0.0,1,1,1,0,0,1
5657074-68.2025.8.16.5032,PR,Não reconhece operação,Golpe,Êxito,Improcedência,23978.83,0.0,1,1,1,0,1,1
6880285-50.2025.8.27.6243,TO,Não reconhece operação,Golpe,Êxito,Improcedência,10250.56,0.0,1,1,0,1,1,1
9911370-24.2025.8.20.3609,RN,Não reconhece operação,Golpe,Não Êxito,Procedência,9935.04,6751.99,1,0,1,1,0,1
8382440-43.2025.8.18.9291,PI,Não reconhece operação,Genérico,Êxito,Improcedência,10047.71,0.0,1,1,0,1,1,1
7470093-95.2025.8.25.3457,SE,Não reconhece operação,Golpe,Êxito,Improcedência,14337.45,0.0,1,1,1,0,1,1
2429644-47.2025.8.12.0067,MS,Não reconhece operação,Genérico,Êxito,Improcedência,5245.19,0.0,1,1,1,0,0,1
6850255-45.2025.8.26.7089,SP,Não reconhece operação,Golpe,Não Êxito,Parcial procedência,7950.16,7911.21,0,1,1,1,0,1
7137726-47.2025.8.10.5539,MA,Não reconhece operação,Golpe,Não Êxito,Acordo,11928.48,4232.91,0,0,1,1,1,0
8241125-63.2025.8.03.3451,AP,Não reconhece operação,Golpe,Êxito,Extinção,9113.98,0.0,1,1,0,1,1,1
4053507-43.2025.8.12.6521,MS,Não reconhece operação,Genérico,Não Êxito,Procedência,20195.27,7213.11,0,1,0,1,1,1
8626961-90.2025.8.03.2691,AP,Não reconhece operação,Golpe,Êxito,Improcedência,15014.81,0.0,1,1,1,1,1,1
4242839-59.2025.8.03.9097,AP,Não reconhece operação,Golpe,Êxito,Extinção,17813.55,0.0,1,1,1,1,1,0
2973747-39.2025.8.24.0941,SC,Não reconhece operação,Golpe,Êxito,Extinção,17276.29,0.0,1,1,0,1,1,0
9496171-15.2025.8.23.8775,RR,Não reconhece operação,Genérico,Não Êxito,Parcial procedência,13967.59,11990.26,1,1,1,1,1,0
2149770-85.2025.8.06.1137,CE,Não reconhece operação,Golpe,Êxito,Improcedência,19830.79,0.0,1,1,1,1,1,1
4150916-91.2025.8.21.6329,RS,Não reconhece operação,Golpe,Não Êxito,Procedência,17200.81,6836.93,0,1,1,0,1,1
3458823-85.2025.8.02.9306,AL,Não reconhece operação,Genérico,Êxito,Extinção,13419.86,0.0,1,1,1,1,1,1
5066324-62.2025.8.08.6506,ES,Não reconhece operação,Genérico,Êxito,Extinção,6719.52,0.0,1,1,1,1,0,1
5536263-39.2025.8.20.6653,RN,Não reconhece operação,Golpe,Êxito,Extinção,17536.98,0.0,1,1,1,0,1,1
4859017-42.2025.8.09.1705,GO,Não reconhece operação,Golpe,Êxito,Extinção,8793.18,0.0,1,1,0,1,0,1
1538268-98.2025.8.20.7795,RN,Não reconhece operação,Golpe,Êxito,Improcedência,16848.18,0.0,1,1,1,1,1,1
4957758-74.2025.8.24.6614,SC,Não reconhece operação,Golpe,Êxito,Extinção,15369.29,0.0,1,1,0,1,0,1
3334894-67.2025.8.02.1365,AL,Não reconhece operação,Genérico,Êxito,Improcedência,8307.08,0.0,1,1,0,0,1,1
5203497-48.2025.8.01.7473,AC,Não reconhece operação,Golpe,Não Êxito,Procedência,16250.11,13730.16,0,1,1,1,1,0
7157668-39.2025.8.26.9825,SP,Não reconhece operação,Golpe,Êxito,Improcedência,15920.97,0.0,1,1,1,1,0,1
9969752-84.2025.8.15.7379,PB,Não reconhece operação,Golpe,Êxito,Improcedência,15938.77,0.0,1,1,1,1,1,1
3806147-89.2025.8.14.8422,PA,Não reconhece operação,Golpe,Não Êxito,Parcial procedência,15703.48,15703.48,0,1,0,0,1,1
7616308-56.2025.8.11.8585,MT,Não reconhece operação,Golpe,Êxito,Improcedência,11781.03,0.0,1,1,1,1,0,1
1430649-85.2025.8.12.2834,MS,Não reconhece operação,Golpe,Êxito,Improcedência,17885.12,0.0,1,1,0,1,0,1
8708464-56.2025.8.19.7212,RJ,Não reconhece operação,Golpe,Êxito,Improcedência,11607.98,0.0,1,1,1,1,1,1
9208567-72.2025.8.17.7443,PE,Não reconhece operação,Genérico,Êxito,Improcedência,9709.35,0.0,1,1,0,1,0,1
6597818-31.2025.8.05.9298,BA,Não reconhece operação,Golpe,Êxito,Extinção,18292.51,0.0,1,1,1,1,1,1
2664530-98.2025.8.18.7936,PI,Não reconhece operação,Golpe,Êxito,Improcedência,19577.1,0.0,1,1,1,1,1,1
5044742-61.2025.8.19.1711,RJ,Não reconhece operação,Golpe,Não Êxito,Parcial procedência,17956.71,16711.6,1,1,0,1,1,1
7722154-46.2025.8.03.1902,AP,Não reconhece operação,Golpe,Êxito,Improcedência,13965.52,0.0,1,1,0,1,1,1
8903862-35.2025.8.13.9337,MG,Não reconhece operação,Golpe,Êxito,Improcedência,5465.55,0.0,1,1,1,0,1,1
2313501-13.2025.8.23.1122,RR,Não reconhece operação,Golpe,Êxito,Improcedência,22252.6,0.0,1,1,1,1,1,1
7139748-97.2025.8.18.6912,PI,Não reconhece operação,Genérico,Êxito,Extinção,5388.85,0.0,1,1,1,1,1,1
6445551-21.2025.8.03.0967,AP,Não reconhece operação,Golpe,Êxito,Extinção,17857.9,0.0,1,1,0,0,1,1
8051004-34.2025.8.02.6380,AL,Não reconhece operação,Golpe,Êxito,Extinção,25336.78,0.0,1,1,1,0,1,1
8052793-66.2025.8.17.6389,PE,Não reconhece operação,Golpe,Êxito,Extinção,15715.6,0.0,1,1,1,1,1,1
7943256-62.2025.8.11.9567,MT,Não reconhece operação,Golpe,Êxito,Improcedência,16411.23,0.0,0,1,0,0,1,0
3223030-39.2025.8.26.0259,SP,Não reconhece operação,Genérico,Êxito,Improcedência,16843.46,0.0,1,1,1,1,1,1
2948950-44.2025.8.15.6881,PB,Não reconhece operação,Golpe,Êxito,Improcedência,15954.57,0.0,1,1,1,0,1,1
8608730-47.2025.8.26.8365,SP,Não reconhece operação,Genérico,Êxito,Extinção,26516.27,0.0,1,1,0,1,1,0
9869525-58.2025.8.06.2048,CE,Não reconhece operação,Genérico,Êxito,Extinção,10844.92,0.0,1,1,0,1,0,1
2689172-30.2025.8.11.5913,MT,Não reconhece operação,Golpe,Êxito,Improcedência,10228.81,0.0,1,1,0,0,0,1
1147940-34.2025.8.03.4491,AP,Não reconhece operação,Golpe,Êxito,Improcedência,13375.2,0.0,0,1,1,1,1,1
3975966-42.2025.8.17.6895,PE,Não reconhece operação,Golpe,Êxito,Improcedência,23524.17,0.0,1,0,1,0,1,1
8813430-10.2025.8.06.7498,CE,Não reconhece operação,Genérico,Êxito,Extinção,12151.55,0.0,1,1,0,1,1,1
8661983-53.2025.8.14.4247,PA,Não reconhece operação,Golpe,Êxito,Improcedência,17093.6,0.0,1,1,1,1,1,1
9319535-54.2025.8.10.5919,MA,Não reconhece operação,Golpe,Não Êxito,Procedência,20237.46,8302.61,0,1,1,0,1,1
5346238-61.2025.8.06.7074,CE,Não reconhece operação,Genérico,Êxito,Extinção,18804.54,0.0,1,1,1,1,1,1
9282407-18.2025.8.04.0743,AM,Não reconhece operação,Genérico,Êxito,Improcedência,19977.71,0.0,1,1,1,0,0,1
2603565-12.2025.8.14.9115,PA,Não reconhece operação,Golpe,Êxito,Improcedência,21940.02,0.0,1,1,0,0,1,1
3301856-70.2025.8.26.4515,SP,Não reconhece operação,Golpe,Não Êxito,Parcial procedência,16494.64,7386.38,0,1,1,1,0,1
7595375-95.2025.8.06.1540,CE,Não reconhece operação,Genérico,Êxito,Improcedência,12739.53,0.0,1,1,1,1,1,0
5283605-36.2025.8.13.0900,MG,Não reconhece operação,Golpe,Não Êxito,Parcial procedência,15704.57,8219.6,0,1,0,1,1,1
1100750-56.2025.8.07.9501,DF,Não reconhece operação,Genérico,Não Êxito,Procedência,13318.51,7068.38,0,1,0,1,1,1
3577620-68.2025.8.23.4704,RR,Não reconhece operação,Golpe,Êxito,Improcedência,27355.04,0.0,1,1,1,1,1,1
3210467-56.2025.8.12.0076,MS,Não reconhece operação,Golpe,Não Êxito,Parcial procedência,12368.53,4540.36,0,1,0,1,1,0
1516365-23.2025.8.27.4205,TO,Não reconhece operação,Genérico,Êxito,Improcedência,17352.89,0.0,1,0,1,0,1,1
2832589-53.2025.8.07.7093,DF,Não reconhece operação,Golpe,Êxito,Improcedência,7617.69,0.0,1,1,0,1,1,1
1907556-25.2025.8.04.5328,AM,Não reconhece operação,Golpe,Não Êxito,Parcial procedência,15633.91,10999.27,1,0,1,0,1,0
8185316-43.2025.8.17.5580,PE,Não reconhece operação,Golpe,Não Êxito,Parcial procedência,13573.42,5768.64,0,0,1,1,1,1
1623796-50.2025.8.16.6361,PR,Não reconhece operação,Golpe,Êxito,Improcedência,18297.67,0.0,1,1,1,1,1,0
4147428-60.2025.8.27.5732,TO,Não reconhece operação,Genérico,Êxito,Extinção,18425.58,0.0,1,1,0,1,1,1
4729365-34.2025.8.24.9345,SC,Não reconhece operação,Golpe,Êxito,Improcedência,21935.17,0.0,1,1,1,1,1,0
7496655-53.2025.8.24.0403,SC,Não reconhece operação,Golpe,Não Êxito,Procedência,21545.43,11600.1,1,0,1,1,1,1
8889938-39.2025.8.16.3643,PR,Não reconhece operação,Golpe,Não Êxito,Parcial procedência,14656.85,8282.07,0,1,0,1,1,1
2863444-64.2025.8.10.3733,MA,Não reconhece operação,Genérico,Êxito,Improcedência,10348.24,0.0,1,1,1,0,0,1
3504453-74.2025.8.12.4235,MS,Não reconhece operação,Golpe,Não Êxito,Parcial procedência,10923.72,9639.65,1,0,0,0,1,1
9564649-56.2025.8.03.0272,AP,Não reconhece operação,Genérico,Êxito,Extinção,16467.68,0.0,0,0,1,1,1,1
3227139-93.2025.8.12.9889,MS,Não reconhece operação,Genérico,Não Êxito,Parcial procedência,15756.42,3714.04,0,0,1,0,1,0
6604155-55.2025.8.10.6332,MA,Não reconhece operação,Golpe,Êxito,Improcedência,16247.8,0.0,1,1,1,0,1,1
8923328-16.2025.8.01.7164,AC,Não reconhece operação,Genérico,Êxito,Improcedência,12356.49,0.0,1,1,1,1,1,1
1210822-22.2025.8.06.5943,CE,Não reconhece operação,Golpe,Êxito,Extinção,22034.48,0.0,1,1,1,0,1,1
5850085-28.2025.8.15.5385,PB,Não reconhece operação,Golpe,Êxito,Improcedência,7755.97,0.0,1,1,1,1,0,0
4043418-19.2025.8.10.7121,MA,Não reconhece operação,Golpe,Êxito,Improcedência,12084.88,0.0,1,1,0,1,0,1
3497102-36.2025.8.27.3337,TO,Não reconhece operação,Genérico,Êxito,Improcedência,9697.0,0.0,1,1,1,1,1,1
3470998-55.2025.8.11.3333,MT,Não reconhece operação,Genérico,Êxito,Improcedência,13956.8,0.0,0,1,1,0,1,1
9952808-88.2025.8.26.2530,SP,Não reconhece operação,Genérico,Êxito,Improcedência,21098.89,0.0,1,1,0,0,1,1
4791290-86.2025.8.16.3740,PR,Não reconhece operação,Genérico,Êxito,Improcedência,13570.23,0.0,0,1,1,0,1,1
6753202-85.2025.8.02.2534,AL,Não reconhece operação,Golpe,Não Êxito,Parcial procedência,15480.13,11556.74,0,0,0,0,1,1
9983572-55.2025.8.06.8117,CE,Não reconhece operação,Genérico,Êxito,Improcedência,18241.52,0.0,1,1,0,1,1,1
5919420-78.2025.8.20.9046,RN,Não reconhece operação,Genérico,Êxito,Improcedência,13336.85,0.0,1,1,1,1,1,1
5494382-64.2025.8.15.6690,PB,Não reconhece operação,Golpe,Êxito,Extinção,16859.68,0.0,1,1,0,1,1,1
8461348-73.2025.8.09.9382,GO,Não reconhece operação,Golpe,Não Êxito,Parcial procedência,16212.61,11696.5,0,1,0,1,1,0
9995499-87.2025.8.15.9935,PB,Não reconhece operação,Golpe,Êxito,Extinção,9433.5,0.0,1,1,1,1,1,1
3993201-28.2025.8.25.0254,SE,Não reconhece operação,Genérico,Êxito,Improcedência,12703.87,0.0,1,1,0,0,1,0
8615652-50.2025.8.13.2998,MG,Não reconhece operação,Golpe,Êxito,Extinção,16722.09,0.0,1,1,1,1,1,1
2560684-55.2025.8.02.3558,AL,Não reconhece operação,Genérico,Não Êxito,Parcial procedência,21273.7,7982.78,0,0,1,1,1,0
1255578-85.2025.8.09.2197,GO,Não reconhece operação,Golpe,Não Êxito,Parcial procedência,21269.13,17005.42,0,1,1,0,1,1
1920871-25.2025.8.26.5294,SP,Não reconhece operação,Golpe,Êxito,Extinção,25264.4,0.0,1,0,1,0,1,0
8066975-49.2025.8.22.2371,RO,Não reconhece operação,Golpe,Êxito,Improcedência,17364.25,0.0,1,1,0,1,1,1
7417540-78.2025.8.21.2428,RS,Não reconhece operação,Golpe,Êxito,Improcedência,12954.13,0.0,1,0,1,1,1,1
1786058-26.2025.8.25.0763,SE,Não reconhece operação,Genérico,Não Êxito,Parcial procedência,14668.39,5429.42,0,1,0,0,1,1
5371090-66.2025.8.03.5446,AP,Não reconhece operação,Golpe,Não Êxito,Procedência,14423.97,9811.08,0,1,0,1,0,1
1305874-76.2025.8.08.2895,ES,Não reconhece operação,Genérico,Não Êxito,Acordo,12980.79,4891.69,0,0,0,1,1,1
9658601-33.2025.8.02.0323,AL,Não reconhece operação,Golpe,Não Êxito,Parcial procedência,16861.29,12075.74,1,0,0,1,1,1
1181819-79.2025.8.01.8791,AC,Não reconhece operação,Genérico,Êxito,Improcedência,17089.62,0.0,1,1,1,1,1,1
9070045-21.2025.8.21.0523,RS,Não reconhece operação,Golpe,Não Êxito,Procedência,9222.76,5093.88,1,1,0,1,1,0
8950017-33.2025.8.26.9690,SP,Não reconhece operação,Golpe,Êxito,Improcedência,20321.67,0.0,1,1,0,1,1,1
5778184-89.2025.8.05.3483,BA,Não reconhece operação,Golpe,Êxito,Improcedência,5969.3,0.0,1,1,1,1,0,1
1896326-51.2025.8.20.9603,RN,Não reconhece operação,Golpe,Não Êxito,Procedência,13890.51,13890.51,0,0,0,1,1,1
8568094-36.2025.8.15.5795,PB,Não reconhece operação,Golpe,Êxito,Improcedência,20621.69,0.0,1,1,1,1,1,1
5464753-35.2025.8.02.1763,AL,Não reconhece operação,Genérico,Êxito,Extinção,17962.56,0.0,1,1,1,1,1,1
3365597-57.2025.8.25.4517,SE,Não reconhece operação,Golpe,Êxito,Extinção,13230.58,0.0,0,1,1,1,1,1
8383407-17.2025.8.24.8792,SC,Não reconhece operação,Golpe,Êxito,Extinção,24642.89,0.0,1,1,1,1,1,0
6455486-62.2025.8.17.1014,PE,Não reconhece operação,Golpe,Êxito,Extinção,12822.82,0.0,1,1,1,0,1,0
3657312-50.2025.8.20.8691,RN,Não reconhece operação,Golpe,Êxito,Improcedência,5158.95,0.0,0,1,1,1,1,1
8324386-91.2025.8.13.5007,MG,Não reconhece operação,Golpe,Não Êxito,Parcial procedência,17203.71,13877.05,1,0,0,1,0,1
3304641-64.2025.8.23.8383,RR,Não reconhece operação,Golpe,Êxito,Improcedência,6255.32,0.0,1,1,0,1,1,0
5640106-81.2025.8.11.4206,MT,Não reconhece operação,Genérico,Êxito,Improcedência,10902.41,0.0,1,1,0,0,0,1
5564296-45.2025.8.27.8158,TO,Não reconhece operação,Genérico,Não Êxito,Procedência,18037.93,13546.62,0,1,0,1,0,1
3540018-16.2025.8.02.1910,AL,Não reconhece operação,Golpe,Não Êxito,Parcial procedência,12720.84,9033.57,1,1,0,1,0,1
8597550-88.2025.8.05.2798,BA,Não reconhece operação,Golpe,Êxito,Extinção,17831.15,0.0,1,0,0,0,0,1
6048738-15.2025.8.27.3772,TO,Não reconhece operação,Golpe,Êxito,Improcedência,9299.59,0.0,1,1,1,0,1,1
1996514-51.2025.8.08.1690,ES,Não reconhece operação,Golpe,Êxito,Improcedência,19194.61,0.0,1,1,0,1,1,1
6157835-87.2025.8.09.8669,GO,Não reconhece operação,Golpe,Êxito,Improcedência,6685.0,0.0,0,1,1,1,1,0
2877479-93.2025.8.23.4039,RR,Não reconhece operação,Genérico,Êxito,Improcedência,21452.5,0.0,1,1,1,0,1,0
2511808-78.2025.8.06.9939,CE,Não reconhece operação,Golpe,Êxito,Extinção,12649.7,0.0,1,1,1,0,1,1
1308131-11.2025.8.14.0822,PA,Não reconhece operação,Golpe,Êxito,Improcedência,22495.34,0.0,1,1,1,0,1,1
8133362-22.2025.8.08.9872,ES,Não reconhece operação,Genérico,Êxito,Improcedência,10857.94,0.0,1,1,0,0,0,0
6307893-77.2025.8.06.0059,CE,Não reconhece operação,Golpe,Êxito,Improcedência,24426.7,0.0,1,1,1,0,0,1
3443982-45.2025.8.27.1086,TO,Não reconhece operação,Genérico,Não Êxito,Parcial procedência,10283.11,7050.56,1,0,0,0,1,1
2442106-38.2025.8.06.5072,CE,Não reconhece operação,Golpe,Êxito,Improcedência,6179.58,0.0,1,1,1,1,1,1
9944071-36.2025.8.04.9441,AM,Não reconhece operação,Golpe,Êxito,Improcedência,15193.69,0.0,1,0,1,0,1,1
2660949-60.2025.8.19.4843,RJ,Não reconhece operação,Genérico,Não Êxito,Procedência,21037.18,8598.41,0,1,1,0,1,0
3771907-60.2025.8.24.1520,SC,Não reconhece operação,Genérico,Êxito,Improcedência,18862.46,0.0,0,1,1,1,1,1
5359274-43.2025.8.03.7776,AP,Não reconhece operação,Genérico,Não Êxito,Parcial procedência,20688.7,17769.87,1,0,0,1,1,1
4581158-55.2025.8.20.5688,RN,Não reconhece operação,Golpe,Êxito,Extinção,18959.28,0.0,1,1,1,1,1,1
4812543-38.2025.8.15.8967,PB,Não reconhece operação,Genérico,Êxito,Improcedência,10957.27,0.0,1,1,1,0,1,0
9697661-10.2025.8.21.9919,RS,Não reconhece operação,Golpe,Êxito,Improcedência,18742.88,0.0,1,1,1,1,1,1
3452075-29.2025.8.03.9575,AP,Não reconhece operação,Golpe,Êxito,Improcedência,15437.71,0.0,1,1,0,1,1,1
6907177-45.2025.8.27.6523,TO,Não reconhece operação,Golpe,Não Êxito,Procedência,11499.66,9220.08,0,1,0,1,1,1
4519448-90.2025.8.18.7373,PI,Não reconhece operação,Golpe,Não Êxito,Procedência,15862.25,8087.21,0,1,0,1,0,1
2220943-44.2025.8.21.8354,RS,Não reconhece operação,Golpe,Êxito,Improcedência,14705.81,0.0,1,1,1,1,1,0
1788822-23.2025.8.10.9833,MA,Não reconhece operação,Golpe,Êxito,Extinção,21930.24,0.0,0,1,0,1,0,0
7915157-37.2025.8.26.4941,SP,Não reconhece operação,Genérico,Êxito,Improcedência,12455.77,0.0,1,1,1,1,1,0
9716279-87.2025.8.18.5476,PI,Não reconhece operação,Genérico,Êxito,Improcedência,12226.43,0.0,1,1,1,1,1,1
1799624-76.2025.8.03.2926,AP,Não reconhece operação,Genérico,Êxito,Improcedência,11554.09,0.0,1,0,1,1,0,1
5548994-70.2025.8.25.3792,SE,Não reconhece operação,Golpe,Êxito,Improcedência,24289.72,0.0,1,1,1,1,1,1
3845756-98.2025.8.23.0300,RR,Não reconhece operação,Genérico,Não Êxito,Parcial procedência,11828.64,10270.14,0,0,1,1,1,1
1009168-23.2025.8.09.1960,GO,Não reconhece operação,Golpe,Êxito,Improcedência,21345.57,0.0,1,1,1,0,1,1
8912906-38.2025.8.15.2540,PB,Não reconhece operação,Golpe,Êxito,Improcedência,9921.34,0.0,1,1,1,0,1,1
5025649-55.2025.8.13.8978,MG,Não reconhece operação,Genérico,Êxito,Improcedência,17468.11,0.0,1,1,1,0,0,1
5995223-69.2025.8.15.8892,PB,Não reconhece operação,Golpe,Não Êxito,Procedência,16270.28,10985.03,0,0,1,1,1,1
8193287-52.2025.8.27.3418,TO,Não reconhece operação,Golpe,Êxito,Extinção,21034.13,0.0,1,1,1,1,0,1
6255127-19.2025.8.25.2247,SE,Não reconhece operação,Golpe,Não Êxito,Parcial procedência,20322.69,11568.14,1,0,0,0,0,1
3134795-42.2025.8.06.1962,CE,Não reconhece operação,Golpe,Êxito,Extinção,15384.01,0.0,1,1,0,1,0,1
7651851-66.2025.8.27.8276,TO,Não reconhece operação,Genérico,Êxito,Extinção,12346.85,0.0,0,1,1,1,1,1
9063196-75.2025.8.12.5122,MS,Não reconhece operação,Golpe,Êxito,Improcedência,22955.61,0.0,1,1,1,1,1,1
7003122-13.2025.8.20.4297,RN,Não reconhece operação,Golpe,Êxito,Improcedência,11856.8,0.0,1,0,1,1,1,0
9676848-21.2025.8.22.5258,RO,Não reconhece operação,Golpe,Êxito,Extinção,3854.84,0.0,0,1,1,1,1,1
6366521-29.2025.8.14.9414,PA,Não reconhece operação,Golpe,Êxito,Improcedência,5862.52,0.0,1,0,1,1,0,0
4032581-41.2025.8.11.6829,MT,Não reconhece operação,Genérico,Êxito,Extinção,7057.35,0.0,1,1,1,1,1,1
1516410-23.2025.8.11.6318,MT,Não reconhece operação,Genérico,Não Êxito,Procedência,17905.17,8458.7,1,0,0,1,1,0
1459265-98.2025.8.24.0889,SC,Não reconhece operação,Genérico,Êxito,Improcedência,25848.22,0.0,1,1,0,1,0,1
2272094-19.2025.8.13.7013,MG,Não reconhece operação,Genérico,Êxito,Improcedência,4972.44,0.0,1,1,0,0,1,0
5501707-56.2025.8.08.7490,ES,Não reconhece operação,Golpe,Êxito,Improcedência,11142.32,0.0,1,1,0,0,0,0
2299241-32.2025.8.10.4390,MA,Não reconhece operação,Genérico,Não Êxito,Parcial procedência,15419.03,3773.44,1,0,0,1,0,1
6169028-54.2025.8.06.1952,CE,Não reconhece operação,Golpe,Êxito,Improcedência,22565.74,0.0,1,1,0,1,1,1
5472823-15.2025.8.13.9319,MG,Não reconhece operação,Golpe,Não Êxito,Parcial procedência,11115.91,9451.56,1,1,0,1,1,1
7044006-45.2025.8.03.8217,AP,Não reconhece operação,Golpe,Não Êxito,Procedência,17881.15,17554.72,0,1,0,1,1,1
3342344-71.2025.8.04.7235,AM,Não reconhece operação,Golpe,Êxito,Improcedência,13755.05,0.0,1,1,0,0,1,0
4977948-95.2025.8.20.8677,RN,Não reconhece operação,Genérico,Êxito,Extinção,27775.11,0.0,1,1,0,0,0,0
2773565-64.2025.8.04.9568,AM,Não reconhece operação,Golpe,Êxito,Improcedência,15691.43,0.0,1,1,1,1,1,1
5844984-47.2025.8.17.3429,PE,Não reconhece operação,Genérico,Êxito,Improcedência,16727.5,0.0,1,1,1,0,1,1
2635680-30.2025.8.23.4393,RR,Não reconhece operação,Golpe,Êxito,Improcedência,15395.63,0.0,1,1,1,1,1,1
7694859-64.2025.8.20.9297,RN,Não reconhece operação,Golpe,Êxito,Improcedência,12947.39,0.0,1,1,1,1,0,1
9951797-33.2025.8.11.1250,MT,Não reconhece operação,Genérico,Êxito,Improcedência,19643.05,0.0,1,1,1,0,1,1
2853199-34.2025.8.06.1052,CE,Não reconhece operação,Golpe,Não Êxito,Parcial procedência,9295.03,5811.23,1,0,1,1,0,1
6977659-53.2025.8.26.5363,SP,Não reconhece operação,Golpe,Êxito,Improcedência,5158.89,0.0,0,1,1,1,0,0
1051458-84.2025.8.21.6115,RS,Não reconhece operação,Golpe,Não Êxito,Parcial procedência,14245.21,10640.85,0,1,1,0,1,1
5735975-78.2025.8.18.3717,PI,Não reconhece operação,Genérico,Êxito,Improcedência,18984.03,0.0,0,1,0,1,1,1
7290916-55.2025.8.04.3630,AM,Não reconhece operação,Genérico,Êxito,Improcedência,12132.42,0.0,1,1,1,1,1,1
8238487-44.2025.8.01.2441,AC,Não reconhece operação,Golpe,Não Êxito,Procedência,15897.27,10343.97,1,1,1,1,0,1
1266754-15.2025.8.09.4553,GO,Não reconhece operação,Golpe,Êxito,Improcedência,8992.44,0.0,1,1,1,1,1,1
3067440-72.2025.8.05.9326,BA,Não reconhece operação,Golpe,Não Êxito,Parcial procedência,20196.51,11272.76,0,1,1,1,0,1
8285682-92.2025.8.24.5971,SC,Não reconhece operação,Golpe,Não Êxito,Parcial procedência,18181.01,11786.0,0,1,0,1,0,1
8908938-95.2025.8.06.0753,CE,Não reconhece operação,Golpe,Não Êxito,Parcial procedência,15079.0,7620.57,0,0,0,1,1,0
2018594-48.2025.8.08.5284,ES,Não reconhece operação,Golpe,Êxito,Extinção,15810.12,0.0,1,1,1,1,1,1
6013264-86.2025.8.27.2352,TO,Não reconhece operação,Golpe,Não Êxito,Procedência,8144.15,5144.53,0,1,1,1,0,1
9707925-95.2025.8.21.2512,RS,Não reconhece operação,Golpe,Êxito,Extinção,8363.39,0.0,1,1,1,0,1,1
5353894-87.2025.8.06.4724,CE,Não reconhece operação,Golpe,Não Êxito,Parcial procedência,14383.6,5900.87,0,1,0,1,1,1
5267850-52.2025.8.13.0465,MG,Não reconhece operação,Golpe,Não Êxito,Procedência,17503.01,13422.04,1,1,0,1,1,1
5711232-72.2025.8.14.1027,PA,Não reconhece operação,Golpe,Êxito,Improcedência,17751.51,0.0,1,1,0,0,1,1
7112312-98.2025.8.16.2212,PR,Não reconhece operação,Genérico,Êxito,Improcedência,13201.34,0.0,1,1,1,1,1,1
1437878-72.2025.8.26.4612,SP,Não reconhece operação,Golpe,Não Êxito,Procedência,18639.64,15644.58,0,1,0,1,0,0
5471674-36.2025.8.24.8995,SC,Não reconhece operação,Genérico,Êxito,Improcedência,21953.78,0.0,1,1,0,1,1,1
5934892-89.2025.8.27.6096,TO,Não reconhece operação,Golpe,Êxito,Improcedência,14547.12,0.0,1,1,0,1,0,1
9079075-96.2025.8.02.1392,AL,Não reconhece operação,Golpe,Êxito,Improcedência,16501.66,0.0,1,1,1,0,1,1
5424802-41.2025.8.07.7039,DF,Não reconhece operação,Golpe,Êxito,Improcedência,13962.29,0.0,1,1,1,1,0,1
2011943-24.2025.8.17.0533,PE,Não reconhece operação,Golpe,Não Êxito,Parcial procedência,14362.43,5810.03,0,1,1,0,1,1
1409719-27.2025.8.02.6494,AL,Não reconhece operação,Golpe,Êxito,Improcedência,15814.22,0.0,1,0,1,1,1,1
4807385-24.2025.8.10.0297,MA,Não reconhece operação,Genérico,Êxito,Improcedência,23339.83,0.0,1,1,0,1,1,0
7794937-89.2025.8.05.3677,BA,Não reconhece operação,Genérico,Não Êxito,Parcial procedência,19473.3,11709.42,0,1,1,1,0,1
1893129-56.2025.8.26.7096,SP,Não reconhece operação,Golpe,Êxito,Extinção,19031.24,0.0,1,1,1,1,1,1
4609349-79.2025.8.02.4511,AL,Não reconhece operação,Golpe,Êxito,Improcedência,12755.75,0.0,1,1,0,1,1,1
1783721-46.2025.8.05.5690,BA,Não reconhece operação,Genérico,Êxito,Improcedência,10574.99,0.0,1,1,1,1,1,1
9577100-13.2025.8.06.1216,CE,Não reconhece operação,Golpe,Não Êxito,Parcial procedência,16893.58,12992.65,1,1,0,1,1,0
6619747-86.2025.8.05.5904,BA,Não reconhece operação,Golpe,Não Êxito,Parcial procedência,21085.05,19337.05,1,1,0,0,1,1
3798351-43.2025.8.17.0071,PE,Não reconhece operação,Genérico,Não Êxito,Parcial procedência,23438.66,17578.23,1,0,0,0,1,0
7110482-49.2025.8.10.7956,MA,Não reconhece operação,Golpe,Êxito,Improcedência,2947.5,0.0,1,1,0,1,1,1
5121924-63.2025.8.25.3655,SE,Não reconhece operação,Golpe,Êxito,Extinção,26986.22,0.0,0,1,1,0,1,1
6469171-52.2025.8.08.1718,ES,Não reconhece operação,Golpe,Êxito,Improcedência,17028.28,0.0,0,1,1,1,1,1
4385366-30.2025.8.15.2935,PB,Não reconhece operação,Golpe,Não Êxito,Parcial procedência,19442.17,19442.17,0,1,0,1,1,1
1320270-50.2025.8.16.1233,PR,Não reconhece operação,Golpe,Êxito,Improcedência,6444.57,0.0,1,1,1,1,1,1
2990552-84.2025.8.18.0602,PI,Não reconhece operação,Genérico,Êxito,Improcedência,13819.73,0.0,1,1,1,1,1,0
8693636-81.2025.8.23.6811,RR,Não reconhece operação,Golpe,Não Êxito,Parcial procedência,19019.77,10752.83,0,0,0,1,0,1
3209307-22.2025.8.06.8484,CE,Não reconhece operação,Genérico,Êxito,Improcedência,9217.9,0.0,0,1,1,1,1,1
6711021-95.2025.8.14.1326,PA,Não reconhece operação,Genérico,Êxito,Improcedência,1000.0,0.0,1,0,1,0,1,1
4196931-35.2025.8.23.4689,RR,Não reconhece operação,Genérico,Êxito,Improcedência,16628.46,0.0,1,1,1,1,0,1
1042917-73.2025.8.24.9235,SC,Não reconhece operação,Golpe,Êxito,Improcedência,14737.92,0.0,1,1,1,0,1,1
1942393-36.2025.8.18.9606,PI,Não reconhece operação,Golpe,Êxito,Improcedência,22054.6,0.0,1,1,0,1,1,1
7057061-57.2025.8.16.9099,PR,Não reconhece operação,Golpe,Êxito,Improcedência,14197.5,0.0,1,1,1,1,1,1
2906587-85.2025.8.24.7907,SC,Não reconhece operação,Golpe,Êxito,Extinção,14556.68,0.0,1,1,1,1,0,1
7673023-77.2025.8.18.2615,PI,Não reconhece operação,Genérico,Êxito,Improcedência,18405.58,0.0,0,1,1,1,0,1
9698984-68.2025.8.26.1607,SP,Não reconhece operação,Golpe,Êxito,Improcedência,20053.51,0.0,1,1,1,1,1,1
1024716-13.2025.8.03.5565,AP,Não reconhece operação,Genérico,Êxito,Improcedência,11504.48,0.0,1,1,1,0,1,1
1733473-51.2025.8.10.9414,MA,Não reconhece operação,Golpe,Êxito,Extinção,19616.69,0.0,1,1,1,1,0,1
8740471-23.2025.8.03.6188,AP,Não reconhece operação,Golpe,Não Êxito,Procedência,12422.13,12151.66,0,1,0,1,0,1
1852008-84.2025.8.04.8397,AM,Não reconhece operação,Golpe,Não Êxito,Procedência,15063.26,11749.99,0,1,1,0,1,0
4406627-77.2025.8.11.0442,MT,Não reconhece operação,Genérico,Êxito,Improcedência,18273.55,0.0,1,1,0,1,1,0
4030388-60.2025.8.07.4356,DF,Não reconhece operação,Golpe,Êxito,Extinção,19129.14,0.0,1,1,1,0,1,0
8582604-88.2025.8.13.5507,MG,Não reconhece operação,Golpe,Êxito,Improcedência,16544.11,0.0,1,1,1,1,1,1
6285399-10.2025.8.12.3281,MS,Não reconhece operação,Genérico,Não Êxito,Parcial procedência,9680.08,6534.42,0,0,1,1,1,1
9404401-49.2025.8.18.4158,PI,Não reconhece operação,Golpe,Êxito,Improcedência,5805.16,0.0,1,1,0,1,1,0
7502121-80.2025.8.26.8604,SP,Não reconhece operação,Golpe,Não Êxito,Parcial procedência,14059.92,11923.31,0,1,1,1,1,1
5220065-64.2025.8.21.9385,RS,Não reconhece operação,Golpe,Êxito,Extinção,19748.13,0.0,1,1,1,1,1,1
2805997-56.2025.8.13.7396,MG,Não reconhece operação,Golpe,Êxito,Improcedência,17188.78,0.0,1,1,1,1,0,1
8492170-77.2025.8.09.4653,GO,Não reconhece operação,Golpe,Êxito,Improcedência,16169.81,0.0,1,1,1,0,0,1
3464751-76.2025.8.22.6610,RO,Não reconhece operação,Golpe,Êxito,Improcedência,14947.71,0.0,1,1,0,0,0,1
9351931-41.2025.8.03.1598,AP,Não reconhece operação,Golpe,Não Êxito,Procedência,16498.91,16498.91,1,1,0,1,0,1
8883619-20.2025.8.15.3802,PB,Não reconhece operação,Golpe,Êxito,Improcedência,10104.35,0.0,1,1,1,1,0,1
5859770-32.2025.8.12.4246,MS,Não reconhece operação,Golpe,Êxito,Extinção,18810.52,0.0,0,1,1,0,1,1
5631062-80.2025.8.05.2976,BA,Não reconhece operação,Golpe,Êxito,Improcedência,19134.88,0.0,1,1,1,1,1,0
1412334-94.2025.8.18.9073,PI,Não reconhece operação,Golpe,Êxito,Improcedência,13238.96,0.0,0,1,0,1,0,1
4421514-11.2025.8.09.4572,GO,Não reconhece operação,Golpe,Êxito,Improcedência,17126.52,0.0,1,1,1,1,1,0
4641667-94.2025.8.06.2316,CE,Não reconhece operação,Golpe,Êxito,Extinção,6559.37,0.0,1,1,1,1,1,1
3965787-93.2025.8.16.1313,PR,Não reconhece operação,Golpe,Êxito,Extinção,15865.66,0.0,0,1,0,1,0,0
1529168-95.2025.8.05.6592,BA,Não reconhece operação,Golpe,Não Êxito,Procedência,14328.97,3791.54,0,1,0,0,1,1
1127500-15.2025.8.19.8476,RJ,Não reconhece operação,Genérico,Êxito,Improcedência,21161.04,0.0,1,1,1,1,0,0
8167149-63.2025.8.05.0279,BA,Não reconhece operação,Genérico,Êxito,Improcedência,14007.49,0.0,1,1,1,0,1,0
9555282-35.2025.8.12.6077,MS,Não reconhece operação,Golpe,Êxito,Improcedência,19244.59,0.0,1,1,0,0,1,1
6515045-89.2025.8.23.8090,RR,Não reconhece operação,Golpe,Êxito,Extinção,13062.77,0.0,1,1,0,1,0,1
9065707-67.2025.8.07.1014,DF,Não reconhece operação,Golpe,Não Êxito,Procedência,3764.67,3454.61,1,0,1,0,1,1
5206035-83.2025.8.22.8337,RO,Não reconhece operação,Genérico,Êxito,Improcedência,13875.52,0.0,1,1,1,1,1,1
3008868-91.2025.8.20.1200,RN,Não reconhece operação,Golpe,Não Êxito,Parcial procedência,15947.65,8399.02,1,0,1,0,1,1
5291678-10.2025.8.25.2834,SE,Não reconhece operação,Golpe,Não Êxito,Acordo,15722.33,5326.64,1,0,1,1,1,1
7690605-75.2025.8.05.2281,BA,Não reconhece operação,Golpe,Êxito,Improcedência,15796.49,0.0,0,1,1,1,1,1
3699347-40.2025.8.20.7529,RN,Não reconhece operação,Golpe,Não Êxito,Parcial procedência,12497.11,4707.39,0,1,0,1,1,1
5662118-87.2025.8.26.5945,SP,Não reconhece operação,Golpe,Êxito,Improcedência,13393.71,0.0,0,1,1,0,1,0
9930776-12.2025.8.22.9681,RO,Não reconhece operação,Genérico,Êxito,Improcedência,9455.41,0.0,1,0,1,1,1,1
6185662-16.2025.8.06.4300,CE,Não reconhece operação,Genérico,Êxito,Improcedência,5185.18,0.0,1,1,0,0,1,0
4016418-68.2025.8.21.5047,RS,Não reconhece operação,Golpe,Êxito,Improcedência,14459.82,0.0,1,1,1,1,1,1
5624032-95.2025.8.04.8140,AM,Não reconhece operação,Golpe,Êxito,Improcedência,11325.6,0.0,1,1,1,1,1,1
4970892-51.2025.8.17.2956,PE,Não reconhece operação,Golpe,Não Êxito,Parcial procedência,20280.77,17736.1,1,0,0,1,1,1
8007223-39.2025.8.14.1011,PA,Não reconhece operação,Golpe,Êxito,Improcedência,4275.56,0.0,1,1,1,1,1,0
2337384-72.2025.8.15.7284,PB,Não reconhece operação,Golpe,Êxito,Extinção,16410.17,0.0,1,1,0,1,0,1
5027911-44.2025.8.15.1895,PB,Não reconhece operação,Golpe,Êxito,Extinção,25391.98,0.0,1,1,1,1,0,1
6551917-32.2025.8.01.2599,AC,Não reconhece operação,Genérico,Êxito,Extinção,14085.0,0.0,1,1,1,0,0,1
8601187-51.2025.8.14.6742,PA,Não reconhece operação,Genérico,Êxito,Extinção,14968.71,0.0,1,0,0,0,1,1
5475358-83.2025.8.26.4398,SP,Não reconhece operação,Golpe,Êxito,Improcedência,17074.21,0.0,1,1,1,1,1,1
7744775-85.2025.8.12.6901,MS,Não reconhece operação,Golpe,Êxito,Extinção,17457.79,0.0,1,1,1,1,1,1
2436653-96.2025.8.08.1391,ES,Não reconhece operação,Golpe,Êxito,Improcedência,12977.71,0.0,0,1,1,1,1,1
9192920-48.2025.8.27.8155,TO,Não reconhece operação,Golpe,Não Êxito,Parcial procedência,10034.65,4632.16,1,1,1,0,0,0
9883536-45.2025.8.04.8179,AM,Não reconhece operação,Golpe,Não Êxito,Parcial procedência,18184.99,14740.13,0,1,1,0,1,1
9929643-91.2025.8.14.1391,PA,Não reconhece operação,Golpe,Não Êxito,Procedência,5619.65,3367.62,0,1,0,0,0,1
6969479-93.2025.8.14.9098,PA,Não reconhece operação,Golpe,Êxito,Improcedência,19065.8,0.0,1,1,1,0,1,1
8922966-54.2025.8.11.4681,MT,Não reconhece operação,Genérico,Êxito,Improcedência,13059.7,0.0,1,1,1,1,1,0
2549249-32.2025.8.25.8005,SE,Não reconhece operação,Golpe,Êxito,Improcedência,14997.33,0.0,1,0,1,1,1,1
2174388-73.2025.8.12.1451,MS,Não reconhece operação,Golpe,Êxito,Improcedência,12403.12,0.0,1,1,1,0,0,1
2425413-75.2025.8.27.0341,TO,Não reconhece operação,Golpe,Êxito,Improcedência,22003.3,0.0,1,1,1,1,1,1
2590432-22.2025.8.02.9557,AL,Não reconhece operação,Genérico,Êxito,Improcedência,16204.05,0.0,0,1,1,1,1,0
7573378-26.2025.8.20.0292,RN,Não reconhece operação,Golpe,Êxito,Improcedência,13403.48,0.0,0,1,0,1,1,1
8533907-40.2025.8.18.0774,PI,Não reconhece operação,Golpe,Não Êxito,Procedência,13265.28,8153.54,1,0,1,0,0,1
9313925-11.2025.8.07.7866,DF,Não reconhece operação,Golpe,Êxito,Improcedência,14255.21,0.0,1,1,1,1,1,0
4394468-23.2025.8.07.6896,DF,Não reconhece operação,Golpe,Não Êxito,Parcial procedência,26743.59,14119.77,1,1,0,0,0,1
7636748-39.2025.8.20.7767,RN,Não reconhece operação,Genérico,Êxito,Extinção,8519.46,0.0,0,1,1,1,1,1
2659581-18.2025.8.16.7552,PR,Não reconhece operação,Golpe,Êxito,Extinção,20295.72,0.0,1,1,1,1,1,1
8690568-56.2025.8.18.3942,PI,Não reconhece operação,Genérico,Não Êxito,Parcial procedência,17769.79,11459.39,1,1,0,1,1,1
5998698-24.2025.8.02.2239,AL,Não reconhece operação,Golpe,Não Êxito,Parcial procedência,22537.8,20368.78,0,1,0,0,0,1
4861659-84.2025.8.18.0617,PI,Não reconhece operação,Golpe,Êxito,Extinção,18068.92,0.0,1,1,1,1,1,1
1815670-77.2025.8.27.3425,TO,Não reconhece operação,Golpe,Não Êxito,Parcial procedência,14998.69,9979.52,1,0,1,0,1,1
3632341-26.2025.8.01.1839,AC,Não reconhece operação,Golpe,Êxito,Improcedência,19987.3,0.0,1,1,1,1,1,1
4492568-78.2025.8.11.9750,MT,Não reconhece operação,Golpe,Êxito,Improcedência,16109.63,0.0,1,1,1,0,0,1
3422808-89.2025.8.14.8197,PA,Não reconhece operação,Golpe,Êxito,Improcedência,18686.64,0.0,1,1,1,0,1,1
9784330-78.2025.8.25.6395,SE,Não reconhece operação,Golpe,Êxito,Improcedência,21990.23,0.0,1,1,0,1,1,1
6904927-20.2025.8.08.6113,ES,Não reconhece operação,Genérico,Êxito,Extinção,15436.17,0.0,1,1,0,0,1,1
4516774-71.2025.8.11.5088,MT,Não reconhece operação,Genérico,Não Êxito,Parcial procedência,12899.81,5989.31,0,0,0,1,1,1
2982913-71.2025.8.20.0294,RN,Não reconhece operação,Golpe,Não Êxito,Procedência,11823.11,10887.39,1,0,1,0,0,0
2407521-89.2025.8.02.0532,AL,Não reconhece operação,Golpe,Êxito,Improcedência,17192.92,0.0,0,1,1,0,1,1
4231819-23.2025.8.23.3652,RR,Não reconhece operação,Genérico,Êxito,Extinção,10673.16,0.0,1,1,1,1,0,1
3694291-35.2025.8.21.5196,RS,Não reconhece operação,Golpe,Não Êxito,Procedência,13265.76,13265.76,0,1,1,1,0,0
6603190-47.2025.8.20.9007,RN,Não reconhece operação,Genérico,Êxito,Extinção,10234.49,0.0,1,1,1,0,1,1
4975926-64.2025.8.16.0409,PR,Não reconhece operação,Golpe,Não Êxito,Procedência,17476.53,7896.27,0,1,0,0,0,1
6768430-90.2025.8.22.4367,RO,Não reconhece operação,Genérico,Êxito,Improcedência,11291.49,0.0,1,1,1,1,1,1
5827088-43.2025.8.23.4696,RR,Não reconhece operação,Golpe,Êxito,Improcedência,8668.41,0.0,1,1,1,0,1,1
8206871-88.2025.8.25.5947,SE,Não reconhece operação,Golpe,Êxito,Extinção,9531.8,0.0,1,0,1,1,1,1
5377731-85.2025.8.12.9482,MS,Não reconhece operação,Golpe,Êxito,Extinção,12179.96,0.0,1,1,0,1,0,1
7425738-62.2025.8.11.5303,MT,Não reconhece operação,Golpe,Não Êxito,Procedência,12625.44,5532.9,0,1,1,1,1,1
5199917-36.2025.8.16.2916,PR,Não reconhece operação,Genérico,Não Êxito,Parcial procedência,16216.03,6133.44,0,1,0,1,0,1
1451267-16.2025.8.06.8260,CE,Não reconhece operação,Genérico,Não Êxito,Parcial procedência,14189.13,9528.24,0,0,0,1,1,1
1087958-51.2025.8.24.8916,SC,Não reconhece operação,Golpe,Êxito,Improcedência,16799.25,0.0,1,1,1,1,1,1
4004974-65.2025.8.22.2816,RO,Não reconhece operação,Golpe,Não Êxito,Parcial procedência,17193.27,15828.65,0,0,0,1,0,0
1737706-93.2025.8.16.3568,PR,Não reconhece operação,Golpe,Não Êxito,Parcial procedência,18615.7,12549.91,0,0,1,1,1,1
6996219-81.2025.8.09.8158,GO,Não reconhece operação,Golpe,Êxito,Extinção,5620.81,0.0,1,1,1,0,1,1
5744309-42.2025.8.10.4788,MA,Não reconhece operação,Golpe,Êxito,Extinção,9451.09,0.0,1,1,1,0,0,1
5673487-47.2025.8.12.3018,MS,Não reconhece operação,Genérico,Êxito,Improcedência,17704.93,0.0,1,1,1,0,1,1
7312229-81.2025.8.16.7433,PR,Não reconhece operação,Genérico,Êxito,Extinção,16019.56,0.0,1,1,0,1,0,1
